Date,close,Close,high,low,open,volume
2015-01-02,7.560338973999023,10.008999824523926,10.220999717712402,9.913000106811523,10.093000411987305,13500000
2015-01-05,7.439479351043701,9.848999977111816,10.081999778747559,9.84000015258789,10.006999969482422,15596000
2015-01-06,7.270285129547119,9.625,9.907999992370605,9.517999649047852,9.895000457763672,22194000
2015-01-07,7.466674327850342,9.885000228881836,9.939000129699707,9.652999877929688,9.704999923706055,30907000
2015-01-08,7.839817047119141,10.378999710083008,10.430000305175781,10.03600025177002,10.053000450134277,33265000
2015-01-09,7.923663139343262,10.489999771118164,10.579999923706055,10.258000373840332,10.446999549865723,23432000
2015-01-12,7.792235851287842,10.315999984741211,10.564000129699707,10.272000312805176,10.506999969482422,18692000
2015-01-13,7.748422145843506,10.258000373840332,10.73799991607666,10.17300033569336,10.378000259399414,24337000
2015-01-14,7.809604167938232,10.33899974822998,10.348999977111816,10.00100040435791,10.111000061035156,20984000
2015-01-15,7.65324592590332,10.131999969482422,10.553999900817871,10.104999542236328,10.355999946594238,18372000
2015-01-16,7.842086315155029,10.381999969482422,10.390999794006348,10.031000137329102,10.069000244140625,15375000
2015-01-20,7.9213995933532715,10.487000465393066,10.52400016784668,10.258000373840332,10.369000434875488,12840000
2015-01-21,7.959922790527344,10.538000106811523,10.687999725341797,10.41100025177002,10.432999610900879,16451000
2015-01-22,7.946324825286865,10.520000457763672,10.64900016784668,10.152000427246094,10.597999572753906,20639000
2015-01-23,8.080778121948242,10.697999954223633,10.75,10.425000190734863,10.503000259399414,15088000
2015-01-26,8.061896324157715,10.67300033569336,10.706000328063965,10.461999893188477,10.673999786376953,9611000
2015-01-27,7.915355205535889,10.479000091552734,10.597999572753906,10.281999588012695,10.506999969482422,15242000
2015-01-28,7.931216239929199,10.5,10.833999633789062,10.486000061035156,10.711999893188477,23302000
2015-01-29,8.046785354614258,10.652999877929688,10.65999984741211,10.22700023651123,10.463000297546387,15842000
2015-01-30,7.771084308624268,10.288000106811523,10.67300033569336,10.26200008392334,10.529000282287598,16938000
2015-02-02,7.736337184906006,10.241999626159668,10.348999977111816,9.916000366210938,10.324999809265137,21581000
2015-02-03,7.795250415802002,10.319999694824219,10.371999740600586,10.13599967956543,10.25,15390000
2015-02-04,7.916111946105957,10.479999542236328,10.527999877929688,10.244999885559082,10.293000221252441,16658000
2015-02-05,8.021857261657715,10.619999885559082,10.621999740600586,10.375,10.473999977111816,16585000
2015-02-06,7.9115777015686035,10.473999977111816,10.711000442504883,10.425999641418457,10.626999855041504,10682000
2015-02-09,7.722740173339844,10.223999977111816,10.4350004196167,10.182000160217285,10.395000457763672,20346000
2015-02-10,8.085309982299805,10.704000473022461,10.746000289916992,10.288999557495117,10.303999900817871,20398000
2015-02-11,8.15329360961914,10.793999671936035,10.829999923706055,10.633000373840332,10.678999900817871,17169000
2015-02-12,8.286233901977539,10.970000267028809,11.003999710083008,10.845999717712402,10.880000114440918,21072000
2015-02-13,8.320226669311523,11.015000343322754,11.020000457763672,10.809000015258789,11.0,14614000
2015-02-17,8.374608993530273,11.086999893188477,11.135000228881836,10.909000396728516,11.020000457763672,15312000
2015-02-18,8.308892250061035,11.0,11.059000015258789,10.928999900817871,11.031999588012695,16681000
2015-02-19,8.376875877380371,11.09000015258789,11.109999656677246,10.96500015258789,11.0,13196000
2015-02-20,8.464497566223145,11.206000328063965,11.215999603271484,11.045999526977539,11.142999649047852,19283000
2015-02-23,8.524171829223633,11.28499984741211,11.322999954223633,11.196000099182129,11.300000190734863,23854000
2015-02-24,8.54909610748291,11.317999839782715,11.359999656677246,11.16100025177002,11.350000381469727,23213000
2015-02-25,8.511332511901855,11.267999649047852,11.390000343322754,11.230999946594238,11.329000473022461,38216000
2015-02-26,9.762953758239746,12.925000190734863,12.98900032043457,12.305000305175781,12.324000358581543,89263000
2015-02-27,9.639826774597168,12.76200008392334,12.869999885559082,12.61400032043457,12.869999885559082,33825000
2015-03-02,9.74558162689209,12.902000427246094,13.086999893188477,12.720999717712402,12.720999717712402,27893000
2015-03-03,9.685152053833008,12.821999549865723,12.894000053405762,12.756999969482422,12.824000358581543,18682000
2015-03-04,9.774282455444336,12.9399995803833,12.98799991607666,12.437000274658203,12.769000053405762,36143000
2015-03-05,9.862655639648438,13.057000160217285,13.154000282287598,12.878000259399414,12.935999870300293,21688000
2015-03-06,9.660222053527832,12.788999557495117,13.048999786376953,12.75,13.0,22329000
2015-03-09,9.602060317993164,12.711999893188477,12.859000205993652,12.692999839782715,12.779000282287598,17835000
2015-03-10,9.450990676879883,12.51200008392334,12.692999839782715,12.451000213623047,12.571999549865723,17688000
2015-03-11,9.41624641418457,12.465999603271484,12.647000312805176,12.45199966430664,12.529999732971191,17742000
2015-03-12,9.526524543762207,12.612000465393066,12.621000289916992,12.154999732971191,12.288000106811523,22305000
2015-03-13,9.441925048828125,12.5,12.675000190734863,12.394000053405762,12.571000099182129,18414000
2015-03-16,9.809784889221191,12.987000465393066,13.045000076293945,12.670000076293945,12.687000274658203,23077000
2015-03-17,9.751623153686523,12.90999984741211,12.960000038146973,12.75,12.880999565124512,19006000
2015-03-18,9.881926536560059,13.043999671936035,13.128000259399414,12.769000053405762,12.866000175476074,21250000
2015-03-19,10.003142356872559,13.204000473022461,13.295000076293945,13.001999855041504,13.050000190734863,24461000
2015-03-20,10.0978364944458,13.329000473022461,13.418000221252441,13.220000267028809,13.343000411987305,55522000
2015-03-23,10.184958457946777,13.444000244140625,13.628000259399414,13.388999938964844,13.5,23849000
2015-03-24,10.0849609375,13.312000274658203,13.536999702453613,13.288000106811523,13.496999740600586,25819000
2015-03-25,9.426613807678223,12.442999839782715,13.333000183105469,12.4399995803833,13.26200008392334,48853000
2015-03-26,9.447827339172363,12.470999717712402,12.513999938964844,11.696000099182129,12.026000022888184,45058000
2015-03-27,9.712986946105957,12.821000099182129,12.899999618530273,12.484999656677246,12.49899959564209,24297000
2015-03-30,9.890257835388184,13.055000305175781,13.09000015258789,12.829999923706055,12.982999801635742,19523000
2015-03-31,9.619800567626953,12.697999954223633,12.949999809265137,12.67300033569336,12.930999755859375,16402000
2015-04-01,9.517522811889648,12.562999725341797,12.696000099182129,12.361000061035156,12.666000366210938,21830000
2015-04-02,9.471318244934082,12.501999855041504,12.690999984741211,12.463000297546387,12.611000061035156,14508000
2015-04-06,9.532678604125977,12.583000183105469,12.67300033569336,12.25,12.336999893188477,14227000
2015-04-07,9.519042015075684,12.5649995803833,12.717000007629395,12.539999961853027,12.651000022888184,16132000
2015-04-08,9.605408668518066,12.678999900817871,12.746999740600586,12.529999732971191,12.54699993133545,13607000
2015-04-09,9.637983322143555,12.722000122070312,12.793999671936035,12.5649995803833,12.583999633789062,13961000
2015-04-10,9.60767936706543,12.682000160217285,12.79699993133545,12.607000350952148,12.755999565124512,11669000
2015-04-13,9.496315002441406,12.53499984741211,12.746999740600586,12.510000228881836,12.725000381469727,10483000
2015-04-14,9.392522811889648,12.39799976348877,12.534000396728516,12.21399974822998,12.505999565124512,16047000
2015-04-15,9.537982940673828,12.59000015258789,12.630000114440918,12.46500015258789,12.47700023651123,16893000
2015-04-16,9.494799613952637,12.532999992370605,12.616000175476074,12.479999542236328,12.506999969482422,15456000
2015-04-17,9.231161117553711,12.1850004196167,12.428000450134277,12.093999862670898,12.369000434875488,26817000
2015-04-20,9.320557594299316,12.303000450134277,12.381999969482422,12.220000267028809,12.25,13295000
2015-04-21,9.325859069824219,12.3100004196167,12.505000114440918,12.293999671936035,12.432000160217285,20616000
2015-04-22,9.68950080871582,12.789999961853027,12.800000190734863,12.274999618530273,12.390999794006348,22580000
2015-04-23,9.399344444274902,12.406999588012695,12.545999526977539,12.255000114440918,12.522000312805176,28053000
2015-04-24,9.053129196166992,11.949999809265137,12.373000144958496,11.586999893188477,12.373000144958496,55059000
2015-04-27,9.102375030517578,12.015000343322754,12.194000244140625,11.871999740600586,12.0,27320000
2015-04-28,8.897823333740234,11.744999885559082,12.100000381469727,11.456000328063965,12.038000106811523,31023000
2015-04-29,8.866006851196289,11.70300006866455,11.751999855041504,11.475000381469727,11.60200023651123,20903000
2015-04-30,8.85464096069336,11.687999725341797,11.894000053405762,11.62600040435791,11.668999671936035,21339000
2015-05-01,9.303130149841309,12.279999732971191,12.343000411987305,11.788000106811523,11.791999816894531,25334000
2015-05-04,9.178887367248535,12.116000175476074,12.385000228881836,12.086000442504883,12.282999992370605,14207000
2015-05-05,8.847823143005371,11.678999900817871,12.067000389099121,11.663000106811523,12.010000228881836,22090000
2015-05-06,8.847064018249512,11.678000450134277,11.836999893188477,11.538999557495117,11.784000396728516,14475000
2015-05-07,9.278890609741211,12.248000144958496,12.36400032043457,12.0,12.0,23542000
2015-05-08,9.343287467956543,12.333000183105469,12.493000030517578,12.27299976348877,12.319999694824219,14846000
2015-05-11,9.303887367248535,12.281000137329102,12.38599967956543,12.260000228881836,12.357000350952148,12418000
2015-05-12,9.314496994018555,12.295000076293945,12.357999801635742,12.130000114440918,12.20199966430664,10264000
2015-05-13,9.328130722045898,12.312999725341797,12.484000205993652,12.230999946594238,12.36299991607666,11857000
2015-05-14,9.616775512695312,12.694000244140625,12.868000030517578,12.36400032043457,12.413999557495117,23279000
2015-05-15,9.687224388122559,12.786999702453613,12.949999809265137,12.656999588012695,12.779000282287598,22627000
2015-05-18,9.862225532531738,13.017999649047852,13.039999961853027,12.727999687194824,12.795000076293945,17984000
2015-05-19,9.808439254760742,12.946999549865723,13.1850004196167,12.925000190734863,13.086000442504883,16053000
2015-05-20,9.781168937683105,12.91100025177002,13.107000350952148,12.810999870300293,12.994000434875488,18721000
2015-05-21,9.817530632019043,12.958999633789062,13.003000259399414,12.784000396728516,12.951000213623047,21309000
2015-05-22,10.048592567443848,13.263999938964844,13.383000373840332,12.982000350952148,12.982000350952148,22856000
2015-05-26,9.947076797485352,13.130000114440918,13.45300006866455,13.064000129699707,13.435999870300293,26781000
2015-05-27,10.71905517578125,14.14900016784668,14.482000350952148,13.161999702453613,13.208999633789062,114248000
2015-05-28,10.786481857299805,14.23799991607666,14.54699993133545,13.600000381469727,14.50100040435791,249123000
2015-05-29,11.217547416687012,14.807000160217285,14.923999786376953,14.41100025177002,14.411999702453613,118244000
2015-06-01,11.107694625854492,14.661999702453613,15.050000190734863,14.515000343322754,14.824000358581543,83579000
2015-06-02,10.921332359313965,14.416000366210938,14.666999816894531,14.314000129699707,14.640999794006348,41264000
2015-06-03,10.837996482849121,14.305999755859375,14.600000381469727,14.281000137329102,14.600000381469727,30450000
2015-06-04,10.697088241577148,14.119999885559082,14.343999862670898,14.04800033569336,14.24899959564209,28017000
2015-06-05,10.894816398620605,14.380999565124512,14.404000282287598,13.930999755859375,14.097000122070312,38593000
2015-06-08,10.502387046813965,13.86299991607666,14.376999855041504,13.753000259399414,14.357000350952148,54422000
2015-06-09,10.62208366394043,14.020999908447266,14.072999954223633,13.651000022888184,13.895000457763672,44071000
2015-06-10,10.822845458984375,14.28600025177002,14.39799976348877,13.984000205993652,13.993000030517578,42617000
2015-06-11,10.756935119628906,14.199000358581543,14.326000213623047,14.10200023651123,14.218000411987305,31517000
2015-06-12,10.6417818069458,14.04699993133545,14.14799976348877,13.98799991607666,14.128999710083008,19145000
2015-06-15,10.84254264831543,14.312000274658203,14.402000427246094,13.901000022888184,13.916000366210938,34565000
2015-06-16,10.756935119628906,14.199000358581543,14.348999977111816,14.137999534606934,14.270000457763672,20998000
2015-06-17,10.688558578491211,14.069000244140625,14.25,13.946000099182129,14.149999618530273,25429000
2015-06-18,10.864055633544922,14.300000190734863,14.375,14.072999954223633,14.072999954223633,25298000
2015-06-19,10.855700492858887,14.288999557495117,14.390999794006348,14.15999984741211,14.300999641418457,26881000
2015-06-22,10.885327339172363,14.32800006866455,14.513999938964844,14.199999809265137,14.416000366210938,22846000
2015-06-23,10.760733604431152,14.163999557495117,14.395999908447266,14.086000442504883,14.395999908447266,21497000
2015-06-24,10.633859634399414,13.996999740600586,14.222000122070312,13.982999801635742,14.206000328063965,22402000
2015-06-25,10.577637672424316,13.92300033569336,14.104999542236328,13.883000373840332,14.012999534606934,17538000
2015-06-26,10.267672538757324,13.515000343322754,13.904000282287598,13.475000381469727,13.885000228881836,71798000
2015-06-29,10.029117584228516,13.201000213623047,13.520999908447266,13.104000091552734,13.28499984741211,40473000
2015-06-30,10.09901237487793,13.293000221252441,13.437999725341797,13.211999893188477,13.380000114440918,28695000
2015-07-01,10.294265747070312,13.550000190734863,13.770000457763672,13.432000160217285,13.440999984741211,43059000
2015-07-02,10.45684814453125,13.763999938964844,13.774999618530273,13.53499984741211,13.5600004196167,32797000
2015-07-06,10.1954984664917,13.420000076293945,13.76099967956543,13.38700008392334,13.616000175476074,30188000
2015-07-07,10.09217643737793,13.284000396728516,13.444999694824219,12.616000175476074,13.395000457763672,59268000
2015-07-08,9.72826862335205,12.805000305175781,13.133999824523926,12.685999870300293,13.010000228881836,51371000
2015-07-09,9.47223949432373,12.468000411987305,13.13599967956543,12.371999740600586,13.017999649047852,73469000
2015-07-10,9.86426067352295,12.984000205993652,13.081999778747559,12.649999618530273,12.66100025177002,50948000
2015-07-13,9.814116477966309,12.918000221252441,13.137999534606934,12.845999717712402,13.137999534606934,25304000
2015-07-14,10.05115032196045,13.229999542236328,13.248000144958496,12.85099983215332,12.9350004196167,26289000
2015-07-15,10.007085800170898,13.17199993133545,13.348999977111816,13.081999778747559,13.166999816894531,23100000
2015-07-16,10.23348617553711,13.470000267028809,13.47700023651123,13.08899974822998,13.36299991607666,33977000
2015-07-17,10.154473304748535,13.366000175476074,13.5,13.196000099182129,13.496000289916992,29000000
2015-07-20,10.22892951965332,13.46399974822998,13.562000274658203,13.375,13.454999923706055,23563000
2015-07-21,10.219049453735352,13.451000213623047,13.637999534606934,13.413999557495117,13.510000228881836,31532000
2015-07-22,9.84526538848877,12.958999633789062,13.0,12.538000106811523,12.704000473022461,61346000
2015-07-23,10.026080131530762,13.196999549865723,13.5,13.050000190734863,13.118000030517578,30608000
2015-07-24,9.760936737060547,12.847999572753906,13.385000228881836,12.833999633789062,13.35099983215332,36311000
2015-07-27,9.469963073730469,12.46500015258789,12.75,12.40999984741211,12.734999656677246,34893000
2015-07-28,9.756379127502441,12.842000007629395,12.954999923706055,12.35200023651123,12.557999610900879,27869000
2015-07-29,9.768533706665039,12.857999801635742,12.911999702453613,12.545000076293945,12.836999893188477,33407000
2015-07-30,9.69787883758545,12.765000343322754,12.878999710083008,12.506999969482422,12.574000358581543,39169000
2015-07-31,9.507189750671387,12.513999938964844,12.833999633789062,12.496000289916992,12.833999633789062,30593000
2015-08-03,9.557330131530762,12.579999923706055,12.74899959564209,12.423999786376953,12.642000198364258,27273000
2015-08-04,9.380317687988281,12.347000122070312,12.555000305175781,11.87600040435791,12.555000305175781,47467000
2015-08-05,9.477560043334961,12.475000381469727,12.569000244140625,12.100000381469727,12.300000190734863,34158000
2015-08-06,9.365118026733398,12.32699966430664,12.539999961853027,12.0600004196167,12.503999710083008,46052000
2015-08-07,9.310420036315918,12.255000114440918,12.39799976348877,12.081999778747559,12.10200023651123,30527000
2015-08-10,9.669769287109375,12.727999687194824,12.739999771118164,12.300000190734863,12.348999977111816,28907000
2015-08-11,9.436532020568848,12.420999526977539,12.623000144958496,12.291999816894531,12.564000129699707,26744000
2015-08-12,9.55201530456543,12.572999954223633,12.668000221252441,12.062000274658203,12.159000396728516,27205000
2015-08-13,9.435014724731445,12.418999671936035,12.682000160217285,12.401000022888184,12.562000274658203,14571000
2015-08-14,9.26559829711914,12.196000099182129,12.449999809265137,12.116999626159668,12.399999618530273,26496000
2015-08-17,9.53605842590332,12.552000045776367,12.552000045776367,12.079999923706055,12.131999969482422,21293000
2015-08-18,9.286872863769531,12.223999977111816,12.57699966430664,12.178000450134277,12.57699966430664,19502000
2015-08-19,9.226847648620605,12.145000457763672,12.277999877929688,11.930000305175781,12.157999992370605,30891000
2015-08-20,8.73910903930664,11.503000259399414,12.064000129699707,11.503000259399414,12.008000373840332,41756000
2015-08-21,8.467123031616211,11.145000457763672,11.548999786376953,11.133000373840332,11.274999618530273,56472000
2015-08-24,8.352407455444336,10.994000434875488,11.50100040435791,10.0,10.109000205993652,69040000
2015-08-25,8.243769645690918,10.85099983215332,11.5,10.819999694824219,11.413000106811523,43921000
2015-08-26,8.827994346618652,11.619999885559082,11.673999786376953,11.118000030517578,11.260000228881836,59354000
2015-08-27,9.592280387878418,12.62600040435791,12.699999809265137,12.038000106811523,12.050000190734863,91882000
2015-08-28,9.695599555969238,12.76200008392334,12.772000312805176,12.468999862670898,12.553000450134277,36322000
2015-08-31,9.570243835449219,12.597000122070312,12.803999900817871,12.5,12.663999557495117,30087000
2015-09-01,9.068826675415039,11.937000274658203,12.501999855041504,11.8100004196167,12.152000427246094,49749000
2015-09-02,9.42362117767334,12.404000282287598,12.406999588012695,12.015999794006348,12.21500015258789,36700000
2015-09-03,9.403106689453125,12.376999855041504,12.6899995803833,12.321000099182129,12.539999961853027,29954000
2015-09-04,9.204058647155762,12.114999771118164,12.380999565124512,12.0649995803833,12.12399959564209,24923000
2015-09-08,9.81259822845459,12.916000366210938,12.932999610900879,12.482000350952148,12.539999961853027,35477000
2015-09-09,9.66141414642334,12.717000007629395,13.178999900817871,12.630000114440918,13.017999649047852,31502000
2015-09-10,9.779172897338867,12.871999740600586,12.916000366210938,12.479999542236328,12.854000091552734,36224000
2015-09-11,9.958462715148926,13.107999801635742,13.121999740600586,12.694000244140625,12.815999984741211,39606000
2015-09-14,9.966819763183594,13.119000434875488,13.373000144958496,13.0600004196167,13.25,34643000
2015-09-15,10.2091703414917,13.437999725341797,13.494999885559082,13.100000381469727,13.213000297546387,30804000
2015-09-16,10.0209379196167,13.14900016784668,13.388999938964844,13.026000022888184,13.388999938964844,27317000
2015-09-17,9.95386791229248,13.060999870300293,13.305999755859375,13.020000457763672,13.151000022888184,19918000
2015-09-18,9.723713874816895,12.758999824523926,12.949000358581543,12.65999984741211,12.854000091552734,44021000
2015-09-21,9.698563575744629,12.72599983215332,12.937999725341797,12.621999740600586,12.836999893188477,16515000
2015-09-22,9.503462791442871,12.470000267028809,12.583999633789062,12.369999885559082,12.49899959564209,22483000
2015-09-23,9.567479133605957,12.553999900817871,12.779999732971191,12.380999565124512,12.482000350952148,21879000
2015-09-24,9.45773983001709,12.40999984741211,12.53499984741211,11.944999694824219,12.40999984741211,44995000
2015-09-25,9.658931732177734,12.673999786376953,12.892999649047852,12.520000457763672,12.595999717712402,35087000
2015-09-28,9.210051536560059,12.085000038146973,12.817000389099121,12.081000328063965,12.595999717712402,39887000
2015-09-29,9.120123863220215,11.967000007629395,12.248000144958496,11.805999755859375,12.190999984741211,47991000
2015-09-30,9.52708911895752,12.50100040435791,12.52299976348877,12.100000381469727,12.178999900817871,43955000
2015-10-01,9.308364868164062,12.21399974822998,12.489999771118164,11.949999809265137,12.310999870300293,45674000
2015-10-02,9.399057388305664,12.333000183105469,12.336000442504883,11.821000099182129,11.99899959564209,35207000
2015-10-05,9.238248825073242,12.121999740600586,12.487000465393066,12.095999717712402,12.395999908447266,39085000
2015-10-06,8.925026893615723,11.711000442504883,12.10099983215332,11.152999877929688,12.076000213623047,115846000
2015-10-07,9.04162883758545,11.86400032043457,11.954000473022461,11.581999778747559,11.864999771118164,37284000
2015-10-08,8.893016815185547,11.668999671936035,11.795999526977539,11.378999710083008,11.751999855041504,41409000
2015-10-09,8.909784317016602,11.690999984741211,11.807999610900879,11.553999900817871,11.656000137329102,34479000
2015-10-12,8.968463897705078,11.767999649047852,11.79800033569336,11.576000213623047,11.758999824523926,24184000
2015-10-13,8.643807411193848,11.342000007629395,11.666999816894531,11.321000099182129,11.633999824523926,32475000
2015-10-14,8.951699256896973,11.746000289916992,11.776000022888184,11.23799991607666,11.300000190734863,33530000
2015-10-15,9.287785530090332,12.187000274658203,12.199000358581543,11.769000053405762,11.800000190734863,49316000
2015-10-16,9.226818084716797,12.107000350952148,12.197999954223633,11.989999771118164,12.1899995803833,19866000
2015-10-19,9.066012382507324,11.895999908447266,12.12600040435791,11.737000465393066,12.100000381469727,18593000
2015-10-20,9.13688850402832,11.98900032043457,12.006999969482422,11.760000228881836,11.847000122070312,21920000
2015-10-21,9.183379173278809,12.050000190734863,12.267999649047852,12.01099967956543,12.175999641418457,28197000
2015-10-22,9.552238464355469,12.534000396728516,12.562000274658203,12.121000289916992,12.161999702453613,34344000
2015-10-23,9.875371932983398,12.958000183105469,12.984000205993652,12.406000137329102,12.746999740600586,35498000
2015-10-26,9.420392990112305,12.361000061035156,12.805999755859375,12.27400016784668,12.805999755859375,58129000
2015-10-27,9.258829116821289,12.14900016784668,12.515000343322754,12.093999862670898,12.309000015258789,32280000
2015-10-28,9.685608863830566,12.708999633789062,12.78499984741211,12.369999885559082,12.479000091552734,30966000
2015-10-29,9.152135848999023,12.008999824523926,12.416000366210938,11.871999740600586,12.100000381469727,61582000
2015-10-30,9.383810043334961,12.312999725341797,12.402000427246094,12.017000198364258,12.085000038146973,25516000
2015-11-02,9.434873580932617,12.380000114440918,12.520999908447266,12.246000289916992,12.366000175476074,26068000
2015-11-03,9.308364868164062,12.21399974822998,12.494999885559082,12.14799976348877,12.14799976348877,26222000
2015-11-04,9.458501815795898,12.41100025177002,12.486000061035156,12.005999565124512,12.25,43098000
2015-11-05,9.226057052612305,12.105999946594238,12.5,12.0600004196167,12.491000175476074,28308000
2015-11-06,9.882231712341309,12.967000007629395,12.979000091552734,12.322999954223633,12.324999809265137,45287000
2015-11-09,9.640644073486328,12.649999618530273,12.894000053405762,12.571000099182129,12.836999893188477,28250000
2015-11-10,9.134602546691895,11.986000061035156,12.407999992370605,11.97700023651123,12.310999870300293,44759000
2015-11-11,9.141464233398438,11.994999885559082,12.270000457763672,11.982000350952148,12.020999908447266,25953000
2015-11-12,9.133841514587402,11.984999656677246,12.140999794006348,11.892000198364258,12.020999908447266,26588000
2015-11-13,8.957794189453125,11.753999710083008,11.98900032043457,11.520999908447266,11.899999618530273,39824000
2015-11-16,9.257304191589355,12.147000312805176,12.177000045776367,11.708000183105469,11.746999740600586,27796000
2015-11-17,9.302270889282227,12.206000328063965,12.368000030517578,12.100000381469727,12.145999908447266,19868000
2015-11-18,9.596439361572266,12.592000007629395,12.609999656677246,12.15999984741211,12.192000389099121,20270000
2015-11-19,9.542329788208008,12.520999908447266,12.61299991607666,12.300999641418457,12.609999656677246,32780000
2015-11-20,9.63302230834961,12.640000343322754,12.666999816894531,12.373000144958496,12.621000289916992,28057000
2015-11-23,9.481364250183105,12.440999984741211,12.675000190734863,12.420999526977539,12.675000190734863,16003000
2015-11-24,9.780868530273438,12.833999633789062,12.859000205993652,12.340999603271484,12.340999603271484,35659000
2015-11-25,9.784680366516113,12.83899974822998,12.916999816894531,12.765999794006348,12.899999618530273,21396000
2015-11-27,9.91042709350586,13.003999710083008,13.045000076293945,12.78600025177002,12.86299991607666,13262000
2015-11-30,9.941673278808594,13.045000076293945,13.069999694824219,12.711999893188477,12.942999839782715,32615000
2015-12-01,10.127629280090332,13.288999557495117,13.376999855041504,13.090999603271484,13.116999626159668,43255000
2015-12-02,10.075804710388184,13.220999717712402,13.5,13.154000282287598,13.307000160217285,54364000
2015-12-03,11.033773422241211,14.477999687194824,14.685999870300293,14.288000106811523,14.486000061035156,120661000
2015-12-04,11.245638847351074,14.755999565124512,14.788999557495117,14.324000358581543,14.479999542236328,60329000
2015-12-07,11.342428207397461,14.883000373840332,14.972000122070312,14.555000305175781,14.668999671936035,44769000
2015-12-08,11.262405395507812,14.777999877929688,14.859000205993652,14.57699966430664,14.684000015258789,34560000
2015-12-09,11.100080490112305,14.5649995803833,14.800000190734863,14.442000389099121,14.71399974822998,30803000
2015-12-10,11.22811222076416,14.732999801635742,14.944000244140625,14.519000053405762,14.611000061035156,33078000
2015-12-11,11.006339073181152,14.442000389099121,14.772000312805176,14.430000305175781,14.461999893188477,27777000
2015-12-14,10.860774040222168,14.25100040435791,14.53600025177002,14.12399959564209,14.413999557495117,36993000
2015-12-15,10.918695449829102,14.32699966430664,14.42300033569336,14.130999565124512,14.267999649047852,35398000
2015-12-16,10.998963356018066,14.387999534606934,14.428000450134277,14.039999961853027,14.317000389099121,29644000
2015-12-17,10.739049911499023,14.04800033569336,14.550000190734863,14.041000366210938,14.493000030517578,24378000
2015-12-18,10.717645645141602,14.020000457763672,14.190999984741211,13.854999542236328,14.02299976348877,51964000
2015-12-21,11.145737648010254,14.579999923706055,14.600000381469727,14.185999870300293,14.3100004196167,26627000
2015-12-22,11.092227935791016,14.510000228881836,14.722999572753906,14.276000022888184,14.722999572753906,21684000
2015-12-23,11.200013160705566,14.651000022888184,14.666000366210938,14.439000129699707,14.60200023651123,16170000
2015-12-24,11.1854887008667,14.631999969482422,14.729000091552734,14.571999549865723,14.640999794006348,7436000
2015-12-28,11.187784194946289,14.635000228881836,14.640000343322754,14.392999649047852,14.59000015258789,13873000
2015-12-29,11.309331893920898,14.793999671936035,14.878000259399414,14.50100040435791,14.699999809265137,22533000
2015-12-30,11.26575756072998,14.737000465393066,14.888999938964844,14.711999893188477,14.75100040435791,17396000
2015-12-31,11.096048355102539,14.515000343322754,14.75,14.51200008392334,14.657999992370605,19673000
2016-01-04,10.876646995544434,14.227999687194824,14.234999656677246,13.98799991607666,14.206999778747559,30970000
2016-01-05,10.512768745422363,13.751999855041504,14.329999923706055,13.720999717712402,14.314000129699707,38173000
2016-01-06,10.18940544128418,13.329000473022461,13.605999946594238,13.227999687194824,13.456999778747559,50824000
2016-01-07,9.865277290344238,12.904999732971191,13.376999855041504,12.819000244140625,13.130999565124512,50056000
2016-01-08,9.800298690795898,12.819999694824219,13.345999717712402,12.805999755859375,13.003000259399414,64641000
2016-01-11,9.788066864013672,12.803999900817871,12.996999740600586,12.541999816894531,12.949999809265137,38941000
2016-01-12,9.931785583496094,12.991999626159668,13.166999816894531,12.685999870300293,12.986000061035156,41112000
2016-01-13,9.426480293273926,12.331000328063965,12.998000144958496,12.307999610900879,12.774999618530273,48470000
2016-01-14,9.57020092010498,12.519000053405762,12.668000221252441,12.029000282287598,12.418999671936035,63942000
2016-01-15,9.171152114868164,11.996999740600586,12.378999710083008,11.930000305175781,12.020999908447266,75916000
2016-01-19,9.178797721862793,12.006999969482422,12.479999542236328,11.901000022888184,12.276000022888184,54773000
2016-01-20,9.466232299804688,12.383000373840332,12.557999610900879,11.717000007629395,11.782999992370605,103988000
2016-01-21,9.519743919372559,12.45300006866455,12.600000381469727,12.335000038146973,12.479999542236328,48475000
2016-01-22,9.518214225769043,12.451000213623047,12.64799976348877,12.42300033569336,12.64799976348877,58428000
2016-01-25,9.51668930053711,12.449000358581543,12.498000144958496,12.399999618530273,12.442999839782715,61359000
2016-01-26,9.509040832519531,12.439000129699707,12.651000022888184,12.399999618530273,12.5,119134000
2016-01-27,9.353092193603516,12.234999656677246,12.541000366210938,12.008999824523926,12.364999771118164,58156000
2016-01-28,9.660404205322266,12.63700008392334,12.654999732971191,12.199999809265137,12.293999671936035,49969000
2016-01-29,10.221511840820312,13.371000289916992,13.434000015258789,12.810999870300293,12.944000244140625,259449000
2016-02-01,10.525001525878906,13.767999649047852,13.869000434875488,13.295999526977539,13.333999633789062,45619000
2016-02-02,10.18558406829834,13.324000358581543,13.758999824523926,13.170000076293945,13.50100040435791,59005000
2016-02-03,10.041866302490234,13.13599967956543,13.76099967956543,13.029000282287598,13.725000381469727,56234000
2016-02-04,10.405746459960938,13.612000465393066,13.72700023651123,13.050000190734863,13.140000343322754,60833000
2016-02-05,9.812532424926758,12.836000442504883,13.699999809265137,12.697999954223633,13.699999809265137,70953000
2016-02-08,9.315633773803711,12.185999870300293,12.699000358581543,11.92199993133545,12.699000358581543,91242000
2016-02-09,9.151276588439941,11.970999717712402,12.571999549865723,11.876999855041504,11.982999801635742,63400000
2016-02-10,9.112292289733887,11.920000076293945,12.366999626159668,11.864999771118164,12.24899959564209,45473000
2016-02-11,8.891365051269531,11.630999565124512,11.763999938964844,11.425000190734863,11.649999618530273,66673000
2016-02-12,9.300346374511719,12.166000366210938,12.232999801635742,11.572999954223633,11.776000022888184,39965000
2016-02-16,9.650465965270996,12.62399959564209,12.678999900817871,12.295000076293945,12.32699966430664,38521000
2016-02-17,9.989885330200195,13.067999839782715,13.081999778747559,12.67300033569336,12.699999809265137,32742000
2016-02-18,9.713912010192871,12.706999778747559,13.199000358581543,12.607999801635742,13.175999641418457,39202000
2016-02-19,9.836226463317871,12.866999626159668,12.878999710083008,12.5,12.704999923706055,31118000
2016-02-22,9.98682689666748,13.064000129699707,13.243000030517578,12.949000358581543,13.0,24204000
2016-02-23,9.797240257263184,12.815999984741211,13.050000190734863,12.805999755859375,13.015999794006348,22352000
2016-02-24,9.963892936706543,13.034000396728516,13.125,12.541000366210938,12.651000022888184,25680000
2016-02-25,10.12672233581543,13.246999740600586,13.24899959564209,12.869000434875488,13.07800006866455,25652000
2016-02-26,10.175644874572754,13.310999870300293,13.496999740600586,13.225000381469727,13.420000076293945,27142000
2016-02-29,10.241390228271484,13.397000312805176,13.791999816894531,13.289999961853027,13.333999633789062,35911000
2016-03-01,10.582334518432617,13.843000411987305,13.86400032043457,13.461999893188477,13.536999702453613,44906000
2016-03-02,10.470726013183594,13.696999549865723,13.824000358581543,13.505000114440918,13.78499984741211,43834000
2016-03-03,10.498245239257812,13.732999801635742,13.885000228881836,13.430000305175781,13.774999618530273,59437000
2016-03-04,11.16561222076416,14.605999946594238,14.78600025177002,14.17199993133545,14.600000381469727,72399000
2016-03-07,10.970678329467773,14.35099983215332,14.623000144958496,14.057000160217285,14.47599983215332,41363000
2016-03-08,10.674070358276367,13.963000297546387,14.281999588012695,13.940999984741211,14.229000091552734,33216000
2016-03-09,10.852185249328613,14.196000099182129,14.253000259399414,14.04699993133545,14.074999809265137,31152000
2016-03-10,11.04024600982666,14.442000389099121,14.579999923706055,14.199999809265137,14.345999717712402,54546000
2016-03-11,11.376604080200195,14.881999969482422,15.001999855041504,14.574999809265137,14.598999977111816,55822000
2016-03-14,11.324621200561523,14.814000129699707,14.918999671936035,14.699999809265137,14.711000442504883,28444000
2016-03-15,11.349845886230469,14.847000122070312,14.998000144958496,14.607999801635742,14.850000381469727,30891000
2016-03-16,11.399700164794922,14.86299991607666,14.927000045776367,14.6850004196167,14.746000289916992,34906000
2016-03-17,11.623661041259766,15.154999732971191,15.17199993133545,14.737000465393066,14.737000465393066,44708000
2016-03-18,11.695756912231445,15.24899959564209,15.300000190734863,15.086999893188477,15.194000244140625,70568000
2016-03-21,11.726438522338867,15.288999557495117,15.300000190734863,15.083000183105469,15.258999824523926,28207000
2016-03-22,11.86986255645752,15.47599983215332,15.560999870300293,15.154999732971191,15.239999771118164,33945000
2016-03-23,11.734106063842773,15.298999786376953,15.531999588012695,15.234000205993652,15.482000350952148,27577000
2016-03-24,11.734872817993164,15.300000190734863,15.329000473022461,15.112000465393066,15.175999641418457,25651000
2016-03-28,11.742544174194336,15.3100004196167,15.350000381469727,15.206999778747559,15.32800006866455,17224000
2016-03-29,11.821545600891113,15.413000106811523,15.493000030517578,15.218000411987305,15.32699966430664,26765000
2016-03-30,12.036294937133789,15.692999839782715,15.727999687194824,15.454000473022461,15.5,26794000
2016-03-31,11.849920272827148,15.449999809265137,15.737000465393066,15.444999694824219,15.70199966430664,24968000
2016-04-01,12.103028297424316,15.779999732971191,15.791999816894531,15.116000175476074,15.404000282287598,25671000
2016-04-04,11.965734481811523,15.60099983215332,15.833000183105469,15.565999984741211,15.800000190734863,17760000
2016-04-05,11.890570640563965,15.503000259399414,15.704999923706055,15.444999694824219,15.444999694824219,56915000
2016-04-06,12.083084106445312,15.753999710083008,15.777000427246094,15.371000289916992,15.470000267028809,28149000
2016-04-07,11.885971069335938,15.496999740600586,15.795000076293945,15.468999862670898,15.748000144958496,22975000
2016-04-08,11.976472854614258,15.614999771118164,15.6899995803833,15.46399974822998,15.628000259399414,18526000
2016-04-11,11.935057640075684,15.560999870300293,15.779999732971191,15.5600004196167,15.743000030517578,18568000
2016-04-12,11.92125129699707,15.543000221252441,15.63700008392334,15.300000190734863,15.60099983215332,16537000
2016-04-13,12.231879234313965,15.947999954223633,15.96500015258789,15.560999870300293,15.647000312805176,21730000
2016-04-14,12.18126106262207,15.881999969482422,15.91100025177002,15.600000381469727,15.729000091552734,27549000
2016-04-15,11.925851821899414,15.548999786376953,15.833999633789062,15.45199966430664,15.812999725341797,27685000
2016-04-18,11.957300186157227,15.59000015258789,15.640000343322754,15.380999565124512,15.53499984741211,15297000
2016-04-19,11.586844444274902,15.107000350952148,15.677000045776367,15.079000473022461,15.645000457763672,24560000
2016-04-20,11.752514839172363,15.322999954223633,15.40999984741211,15.039999961853027,15.145999908447266,19435000
2016-04-21,11.608322143554688,15.135000228881836,15.32800006866455,15.045000076293945,15.289999961853027,16117000
2016-04-22,11.530088424682617,15.032999992370605,15.293999671936035,14.873000144958496,15.039999961853027,25699000
2016-04-25,11.435749053955078,14.90999984741211,15.086000442504883,14.876999855041504,15.024999618530273,10870000
2016-04-26,11.563069343566895,15.076000213623047,15.41100025177002,15.003999710083008,15.14900016784668,26309000
2016-04-27,11.622124671936035,15.152999877929688,15.336000442504883,14.649999618530273,14.720999717712402,38930000
2016-04-28,11.350614547729492,14.798999786376953,15.402000427246094,14.732999801635742,15.038999557495117,25520000
2016-04-29,11.178810119628906,14.574999809265137,14.779000282287598,14.324999809265137,14.630999565124512,35067000
2016-05-02,11.204118728637695,14.607999801635742,14.682999610900879,14.449999809265137,14.616000175476074,19525000
2016-05-03,10.98322868347168,14.319999694824219,14.598999977111816,14.232999801635742,14.510000228881836,23986000
2016-05-04,10.896559715270996,14.206999778747559,14.442000389099121,14.126999855041504,14.25100040435791,20888000
2016-05-05,10.935674667358398,14.258000373840332,14.489999771118164,14.208999633789062,14.381999969482422,16841000
2016-05-06,10.882752418518066,14.189000129699707,14.25,13.918000221252441,14.175999641418457,30027000
2016-05-09,10.921868324279785,14.239999771118164,14.392000198364258,14.12600040435791,14.199999809265137,17300000
2016-05-10,11.091376304626465,14.461000442504883,14.513999938964844,14.149999618530273,14.25,18461000
2016-05-11,11.033082008361816,14.385000228881836,14.621999740600586,14.35099983215332,14.409000396728516,16716000
2016-05-12,10.817558288574219,14.104000091552734,14.472999572753906,13.95199966430664,14.406999588012695,26452000
2016-05-13,10.741625785827637,14.005000114440918,14.312999725341797,13.961999893188477,14.093999862670898,21716000
2016-05-16,10.941043853759766,14.265000343322754,14.362000465393066,14.069000244140625,14.086999893188477,20373000
2016-05-17,10.827529907226562,14.116999626159668,14.298999786376953,13.98799991607666,14.25100040435791,21248000
2016-05-18,11.035381317138672,14.387999534606934,14.505000114440918,14.032999992370605,14.053000450134277,22620000
2016-05-19,10.947944641113281,14.27400016784668,14.465999603271484,14.112000465393066,14.303000450134277,17478000
2016-05-20,11.253975868225098,14.67300033569336,14.767000198364258,14.371000289916992,14.413000106811523,25889000
2016-05-23,11.359051704406738,14.8100004196167,15.034000396728516,14.788000106811523,14.819000244140625,17609000
2016-05-24,11.613693237304688,15.142000198364258,15.168000221252441,14.835000038146973,14.859999656677246,19907000
2016-05-25,11.778593063354492,15.357000350952148,15.399999618530273,15.048999786376953,15.184000015258789,21737000
2016-05-26,11.736409187316895,15.302000045776367,15.425000190734863,15.182000160217285,15.376999855041504,18431000
2016-05-27,11.757882118225098,15.329999923706055,15.392999649047852,15.246000289916992,15.300000190734863,18693000
2016-05-31,11.83918285369873,15.435999870300293,15.494999885559082,15.329999923706055,15.399999618530273,32058000
2016-06-01,11.870630264282227,15.47700023651123,15.531999588012695,15.333999633789062,15.340999603271484,30777000
2016-06-02,11.881368637084961,15.491000175476074,15.552000045776367,15.33899974822998,15.520999908447266,46746000
2016-06-03,12.46811294555664,16.256000518798828,16.600000381469727,16.1200008392334,16.57699966430664,82985000
2016-06-06,12.48958683013916,16.284000396728516,16.393999099731445,16.101999282836914,16.34000015258789,34010000
2016-06-07,12.642980575561523,16.483999252319336,16.594999313354492,16.2810001373291,16.333999633789062,32340000
2016-06-08,12.555547714233398,16.3700008392334,16.461999893188477,16.333999633789062,16.409000396728516,25620000
2016-06-09,12.5892972946167,16.413999557495117,16.5049991607666,16.211999893188477,16.214000701904297,29143000
2016-06-10,12.334656715393066,16.082000732421875,16.29800033569336,16.0,16.216999053955078,26657000
2016-06-13,12.272529602050781,16.000999450683594,16.225000381469727,15.96399974822998,16.013999938964844,21568000
2016-06-14,12.194299697875977,15.89900016784668,16.05299949645996,15.812999725341797,15.927000045776367,25669000
2016-06-15,12.187372207641602,15.84000015258789,16.011999130249023,15.817999839782715,15.881999969482422,30884000
2016-06-16,12.205070495605469,15.86299991607666,15.883999824523926,15.5600004196167,15.704999923706055,22804000
2016-06-17,12.002714157104492,15.600000381469727,15.975000381469727,15.493000030517578,15.897000312805176,43333000
2016-06-20,12.074272155761719,15.692999839782715,15.960000038146973,15.668999671936035,15.84000015258789,20265000
2016-06-21,11.988097190856934,15.581000328063965,15.84000015258789,15.560999870300293,15.76099967956543,16126000
2016-06-22,11.936546325683594,15.513999938964844,15.717000007629395,15.479999542236328,15.572999954223633,16039000
2016-06-23,12.204300880432129,15.862000465393066,15.86299991607666,15.597000122070312,15.734999656677246,24435000
2016-06-24,11.442588806152344,14.871999740600586,15.487000465393066,14.84000015258789,15.199999809265137,64177000
2016-06-27,11.050958633422852,14.36299991607666,14.725000381469727,14.22700023651123,14.649999618530273,37864000
2016-06-28,11.523377418518066,14.97700023651123,14.993000030517578,14.657999992370605,14.670000076293945,37233000
2016-06-29,11.925777435302734,15.5,15.5649995803833,15.07800006866455,15.201000213623047,47860000
2016-06-30,11.95655345916748,15.539999961853027,15.723999977111816,15.416999816894531,15.5,42626000
2016-07-01,11.865762710571289,15.42199993133545,15.586999893188477,15.362000465393066,15.446999549865723,19779000
2016-07-05,11.599550247192383,15.076000213623047,15.170999526977539,14.95300006866455,15.157999992370605,26321000
2016-07-06,11.589545249938965,15.062999725341797,15.126999855041504,14.715999603271484,14.935999870300293,20603000
2016-07-07,11.617247581481934,15.098999977111816,15.300000190734863,15.013999938964844,15.013999938964844,19248000
2016-07-08,11.936546325683594,15.513999938964844,15.524999618530273,15.194000244140625,15.265000343322754,26741000
2016-07-11,12.107357025146484,15.736000061035156,15.847000122070312,15.628000259399414,15.710000038146973,25201000
2016-07-12,12.201990127563477,15.859000205993652,16.090999603271484,15.824999809265137,15.857999801635742,20306000
2016-07-13,12.111205101013184,15.741000175476074,16.038000106811523,15.734000205993652,15.890999794006348,15734000
2016-07-14,12.371261596679688,16.07900047302246,16.106000900268555,15.88599967956543,15.954999923706055,23550000
2016-07-15,12.399728775024414,16.115999221801758,16.156999588012695,15.965999603271484,16.111000061035156,19259000
2016-07-18,12.48974895477295,16.232999801635742,16.3700008392334,16.19499969482422,16.242000579833984,14626000
2016-07-19,12.351256370544434,16.05299949645996,16.200000762939453,15.979000091552734,16.14699935913086,14797000
2016-07-20,12.515908241271973,16.267000198364258,16.37700080871582,16.091999053955078,16.15999984741211,18064000
2016-07-21,12.342025756835938,16.041000366210938,16.347999572753906,15.982000350952148,16.301000595092773,19530000
2016-07-22,12.285089492797852,15.967000007629395,16.030000686645508,15.668999671936035,15.958999633789062,19664000
2016-07-25,12.293551445007324,15.977999687194824,16.06999969482422,15.927000045776367,15.96399974822998,9627000
2016-07-26,12.575152397155762,16.3439998626709,16.350000381469727,16.03700065612793,16.141000747680664,28631000
2016-07-27,12.745960235595703,16.56599998474121,16.760000228881836,16.270999908447266,16.5939998626709,30493000
2016-07-28,12.635936737060547,16.42300033569336,16.69700050354004,16.392000198364258,16.5,19512000
2016-07-29,12.462821960449219,16.197999954223633,16.46500015258789,16.110000610351562,16.39299964904785,26030000
2016-08-01,12.580537796020508,16.35099983215332,16.38800048828125,16.190000534057617,16.277999877929688,17876000
2016-08-02,12.5328369140625,16.288999557495117,16.39900016784668,16.226999282836914,16.309999465942383,22689000
2016-08-03,12.626700401306152,16.410999298095703,16.415000915527344,16.128000259399414,16.187999725341797,15019000
2016-08-04,12.848291397094727,16.698999404907227,16.700000762939453,16.420000076293945,16.427000045776367,19978000
2016-08-05,13.089112281799316,17.011999130249023,17.020000457763672,16.722999572753906,16.795000076293945,25594000
2016-08-08,12.952934265136719,16.834999084472656,17.12299919128418,16.785999298095703,17.0,19084000
2016-08-09,13.169902801513672,17.117000579833984,17.216999053955078,16.8700008392334,16.893999099731445,32743000
2016-08-10,13.222223281860352,17.184999465942383,17.218000411987305,16.983999252319336,17.121999740600586,19523000
2016-08-11,13.24068832397461,17.208999633789062,17.31599998474121,17.09000015258789,17.207000732421875,15745000
2016-08-12,13.269927024841309,17.246999740600586,17.261999130249023,17.13800048828125,17.21299934387207,16530000
2016-08-15,13.506132125854492,17.554000854492188,17.58099937438965,17.25,17.336999893188477,25807000
2016-08-16,13.26453971862793,17.239999771118164,17.499000549316406,17.209999084472656,17.481000900268555,19069000
2016-08-17,13.313011169433594,17.30299949645996,17.327999114990234,17.176000595092773,17.225000381469727,16613000
2016-08-18,13.382261276245117,17.39299964904785,17.417999267578125,17.263999938964844,17.281999588012695,21120000
2016-08-19,13.45920181274414,17.493000030517578,17.506000518798828,17.343000411987305,17.417999267578125,15349000
2016-08-22,13.536133766174316,17.593000411987305,17.631000518798828,17.4060001373291,17.5,15393000
2016-08-23,13.644624710083008,17.733999252319336,17.746999740600586,17.61199951171875,17.672000885009766,19741000
2016-08-24,13.48766803741455,17.530000686645508,17.768999099731445,17.437000274658203,17.756999969482422,21802000
2016-08-25,13.54460334777832,17.604000091552734,17.714000701904297,17.4689998626709,17.552000045776367,18735000
2016-08-26,13.630776405334473,17.715999603271484,17.864999771118164,17.51300048828125,17.683000564575195,22586000
2016-08-29,13.649239540100098,17.739999771118164,17.868000030517578,17.690000534057617,17.729999542236328,16726000
2016-08-30,13.618467330932617,17.700000762939453,17.941999435424805,17.5939998626709,17.81599998474121,27838000
2016-08-31,13.573838233947754,17.642000198364258,17.832000732421875,17.53499984741211,17.709999084472656,32753000
2016-09-01,13.625389099121094,17.708999633789062,17.767000198364258,17.48200035095215,17.687999725341797,39128000
2016-09-02,13.319170951843262,17.31100082397461,17.733999252319336,16.8799991607666,17.700000762939453,80668000
2016-09-06,13.16451644897461,17.110000610351562,17.399999618530273,16.964000701904297,17.36199951171875,36132000
2016-09-07,12.995247840881348,16.889999389648438,17.200000762939453,16.770999908447266,17.142000198364258,31437000
2016-09-08,12.955240249633789,16.83799934387207,16.882999420166016,16.6560001373291,16.839000701904297,18680000
2016-09-09,12.370492935180664,16.077999114990234,16.704999923706055,16.066999435424805,16.632999420166016,45022000
2016-09-12,12.655171394348145,16.447999954223633,16.475000381469727,15.875,15.913000106811523,35673000
2016-09-13,12.713645935058594,16.52400016784668,16.736000061035156,16.43000030517578,16.447999954223633,36003000
2016-09-14,13.049871444702148,16.961000442504883,16.993000030517578,16.5049991607666,16.523000717163086,40324000
2016-09-15,13.329239845275879,17.27199935913086,17.299999237060547,16.81999969482422,16.933000564575195,36322000
2016-09-16,13.215025901794434,17.124000549316406,17.298999786376953,16.985000610351562,17.242000579833984,83067000
2016-09-19,13.175662994384766,17.072999954223633,17.357999801635742,16.940000534057617,17.155000686645508,28306000
2016-09-20,12.982736587524414,16.822999954223633,17.22100067138672,16.816999435424805,17.22100067138672,18722000
2016-09-21,13.106210708618164,16.982999801635742,17.00200080871582,16.76099967956543,16.839000701904297,17977000
2016-09-22,13.029814720153809,16.884000778198242,17.125,16.80699920654297,17.097000122070312,20619000
2016-09-23,12.86080265045166,16.665000915527344,16.902999877929688,16.551000595092773,16.8700008392334,26875000
2016-09-26,12.863892555236816,16.66900062561035,16.722999572753906,16.275999069213867,16.510000228881836,32033000
2016-09-27,13.185700416564941,17.086000442504883,17.08799934387207,16.601999282836914,16.68899917602539,25353000
2016-09-28,13.173347473144531,17.06999969482422,17.270999908447266,16.97800064086914,17.17799949645996,20843000
2016-09-29,13.30917739868164,17.246000289916992,17.39900016784668,16.948999404907227,17.0,38570000
2016-09-30,13.313807487487793,17.25200080871582,17.46500015258789,17.243999481201172,17.299999237060547,34220000
2016-10-03,13.124733924865723,17.006999969482422,17.388999938964844,16.972000122070312,17.301000595092773,22807000
2016-10-04,13.046015739440918,16.905000686645508,17.09000015258789,16.808000564575195,17.06100082397461,19596000
2016-10-05,13.38789176940918,17.347999572753906,17.410999298095703,17.06800079345703,17.149999618530273,26149000
2016-10-06,13.442684173583984,17.41900062561035,17.46500015258789,17.125999450683594,17.329999923706055,21014000
2016-10-07,13.444229125976562,17.42099952697754,17.4950008392334,17.23900032043457,17.488000869750977,21842000
2016-10-10,13.487447738647461,17.476999282836914,17.59000015258789,17.375999450683594,17.472999572753906,16336000
2016-10-11,13.209622383117676,17.117000579833984,17.549999237060547,16.952999114990234,17.52899932861328,26181000
2016-10-12,13.155603408813477,17.047000885009766,17.106000900268555,16.84000015258789,17.075000762939453,21740000
2016-10-13,13.037527084350586,16.893999099731445,16.989999771118164,16.68000030517578,16.87700080871582,22373000
2016-10-14,13.126276016235352,17.009000778198242,17.263999938964844,16.93400001525879,16.99799919128418,19570000
2016-10-17,13.032896995544434,16.88800048828125,17.094999313354492,16.87299919128418,16.969999313354492,12741000
2016-10-18,13.286796569824219,17.216999053955078,17.28700065612793,17.054000854492188,17.065000534057617,14167000
2016-10-19,13.26364517211914,17.187000274658203,17.22800064086914,17.01099967956543,17.117000579833984,20440000
2016-10-20,13.382485389709473,17.340999603271484,17.45800018310547,17.101999282836914,17.166000366210938,18961000
2016-10-21,13.34467601776123,17.29199981689453,17.34000015258789,17.06999969482422,17.229000091552734,15842000
2016-10-24,13.624808311462402,17.655000686645508,17.700000762939453,17.356000900268555,17.416000366210938,19772000
2016-10-25,13.401010513305664,17.364999771118164,17.649999618530273,17.35099983215332,17.60300064086914,21622000
2016-10-26,13.350849151611328,17.299999237060547,17.47800064086914,17.110000610351562,17.21500015258789,21075000
2016-10-27,13.292197227478027,17.224000930786133,17.524999618530273,17.17799949645996,17.430999755859375,19840000
2016-10-28,13.069168090820312,16.934999465942383,17.28700065612793,16.90399932861328,17.249000549316406,20651000
2016-10-31,13.140938758850098,17.027999877929688,17.166000366210938,16.868999481201172,17.0,20317000
2016-11-01,13.026723861694336,16.8799991607666,17.155000686645508,16.58300018310547,17.07200050354004,28452000
2016-11-02,13.316893577575684,17.256000518798828,17.415000915527344,16.981000900268555,17.291000366210938,43501000
2016-11-03,13.350074768066406,17.298999786376953,17.534000396728516,17.21500015258789,17.2450008392334,20654000
2016-11-04,13.286796569824219,17.216999053955078,17.452999114990234,17.023000717163086,17.040000915527344,21753000
2016-11-07,13.656452178955078,17.695999145507812,17.788000106811523,17.410999298095703,17.43899917602539,26126000
2016-11-08,13.659541130065918,17.700000762939453,17.802000045776367,17.51099967956543,17.707000732421875,18923000
2016-11-09,13.383258819580078,17.341999053955078,17.649999618530273,17.115999221801758,17.14699935913086,32506000
2016-11-10,12.960358619689941,16.79400062561035,17.450000762939453,16.329999923706055,17.371999740600586,51217000
2016-11-11,12.929487228393555,16.753999710083008,17.0,16.572999954223633,16.735000610351562,29793000
2016-11-14,12.639322280883789,16.378000259399414,16.777000427246094,16.302000045776367,16.64699935913086,28187000
2016-11-15,12.845368385314941,16.645000457763672,16.75,16.361000061035156,16.482999801635742,25380000
2016-11-16,12.951866149902344,16.783000946044922,16.816999435424805,16.575000762939453,16.6299991607666,13333000
2016-11-17,12.890900611877441,16.70400047302246,16.902000427246094,16.601999282836914,16.735000610351562,18100000
2016-11-18,12.977331161499023,16.81599998474121,16.916000366210938,16.674999237060547,16.674999237060547,19524000
2016-11-21,13.318436622619629,17.257999420166016,17.275999069213867,16.913000106811523,16.913000106811523,21384000
2016-11-22,13.661083221435547,17.70199966430664,17.742000579833984,17.33099937438965,17.371999740600586,31024000
2016-11-23,13.6657133102417,17.70800018310547,17.775999069213867,17.52400016784668,17.63599967956543,22123000
2016-11-25,13.640244483947754,17.674999237060547,17.70199966430664,17.55699920654297,17.67799949645996,8198000
2016-11-28,13.478181838989258,17.46500015258789,17.707000732421875,17.45400047302246,17.606000900268555,26570000
2016-11-29,13.539921760559082,17.545000076293945,17.697999954223633,17.343000411987305,17.38599967956543,18514000
2016-11-30,13.157147407531738,17.048999786376953,17.59000015258789,17.04400062561035,17.511999130249023,31249000
2016-12-01,12.562914848327637,16.27899932861328,17.048999786376953,16.121000289916992,17.000999450683594,46389000
2016-12-02,12.673277854919434,16.422000885009766,16.492000579833984,16.062000274658203,16.35700035095215,26945000
2016-12-05,12.820671081542969,16.613000869750977,16.660999298095703,16.239999771118164,16.60099983215332,21372000
2016-12-06,12.714947700500488,16.47599983215332,16.797000885009766,16.344999313354492,16.680999755859375,39184000
2016-12-07,13.007430076599121,16.854999542236328,16.854999542236328,16.367000579833984,16.47599983215332,32659000
2016-12-08,13.174121856689453,17.070999145507812,17.13800048828125,16.750999450683594,16.954999923706055,38361000
2016-12-09,13.820832252502441,17.909000396728516,18.190000534057617,17.690000534057617,18.094999313354492,75744000
2016-12-12,13.749056816101074,17.81599998474121,18.07699966430664,17.6560001373291,17.80500030517578,37194000
2016-12-13,13.847837448120117,17.944000244140625,18.194000244140625,17.799999237060547,17.874000549316406,69076000
2016-12-14,13.785747528076172,17.761999130249023,17.922000885009766,17.62299919128418,17.875,46795000
2016-12-15,13.971248626708984,18.000999450683594,18.1200008392334,17.656999588012695,17.83099937438965,38103000
2016-12-16,13.8478364944458,17.841999053955078,18.108999252319336,17.74799919128418,18.075000762939453,41541000
2016-12-19,14.006174087524414,18.04599952697754,18.141000747680664,17.812000274658203,17.906999588012695,22219000
2016-12-20,14.131131172180176,18.207000732421875,18.327999114990234,18.013999938964844,18.100000381469727,27352000
2016-12-21,14.148204803466797,18.229000091552734,18.39900016784668,18.17799949645996,18.37299919128418,21013000
2016-12-22,14.017036437988281,18.059999465942383,18.299999237060547,17.937999725341797,18.28499984741211,17557000
2016-12-23,14.121038436889648,18.194000244140625,18.197999954223633,17.965999603271484,18.0049991607666,8977000
2016-12-27,14.149759292602539,18.231000900268555,18.3700008392334,18.204999923706055,18.211000442504883,8283000
2016-12-28,13.985217094421387,18.018999099731445,18.299999237060547,17.983999252319336,18.263999938964844,14039000
2016-12-29,13.960375785827637,17.98699951171875,18.066999435424805,17.863000869750977,17.969999313354492,13671000
2016-12-30,13.719779014587402,17.677000045776367,18.09000015258789,17.601999282836914,18.03700065612793,25421000
2017-01-03,13.841632843017578,17.833999633789062,18.09000015258789,17.65399932861328,17.82900047302246,32098000
2017-01-04,13.743060111999512,17.707000732421875,17.899999618530273,17.667999267578125,17.826000213623047,23965000
2017-01-05,13.526522636413574,17.42799949645996,17.700000762939453,17.38800048828125,17.632999420166016,24861000
2017-01-06,13.70581340789795,17.659000396728516,17.690000534057617,17.33099937438965,17.42099952697754,23142000
2017-01-09,13.735301971435547,17.69700050354004,17.829999923706055,17.663999557495117,17.665000915527344,20265000
2017-01-10,14.01470947265625,18.05699920654297,18.073999404907227,17.690000534057617,17.749000549316406,30181000
2017-01-11,13.925456047058105,17.941999435424805,18.047000885009766,17.775999069213867,18.0049991607666,18787000
2017-01-12,13.881989479064941,17.88599967956543,17.90999984741211,17.540000915527344,17.80900001525879,23137000
2017-01-13,14.00539493560791,18.045000076293945,18.077999114990234,17.839000701904297,17.889999389648438,20902000
2017-01-17,13.901392936706543,17.910999298095703,17.96299934387207,17.756000518798828,17.947999954223633,26316000
2017-01-18,14.360091209411621,18.50200080871582,18.506999969482422,18.0,18.035999298095703,35642000
2017-01-19,14.40200138092041,18.555999755859375,18.687999725341797,18.468000411987305,18.510000228881836,45718000
2017-01-20,14.830427169799805,19.107999801635742,19.15399932861328,18.809999465942383,18.860000610351562,57623000
2017-01-23,14.824219703674316,19.100000381469727,19.152999877929688,18.841999053955078,19.10099983215332,33394000
2017-01-24,15.348111152648926,19.774999618530273,19.964000701904297,19.22800064086914,19.27199935913086,62008000
2017-01-25,15.715225219726562,20.24799919128418,20.259000778198242,19.80299949645996,19.992000579833984,60888000
2017-01-26,15.846396446228027,20.41699981689453,20.527000427246094,20.113000869750977,20.444000244140625,38820000
2017-01-27,15.965916633605957,20.570999145507812,20.57900047302246,20.354000091552734,20.538000106811523,25780000
2017-01-30,15.772662162780762,20.32200050354004,20.48699951171875,20.06100082397461,20.44499969482422,33234000
2017-01-31,15.483942985534668,19.950000762939453,20.246999740600586,19.88599967956543,20.246999740600586,26749000
2017-02-01,15.809138298034668,20.368999481201172,20.447999954223633,20.020999908447266,20.225000381469727,31184000
2017-02-02,15.837082862854004,20.405000686645508,20.503000259399414,20.100000381469727,20.19700050354004,22712000
2017-02-03,16.000843048095703,20.615999221801758,20.65999984741211,20.30299949645996,20.4950008392334,24367000
2017-02-06,16.031885147094727,20.6560001373291,20.666000366210938,20.43000030517578,20.614999771118164,18716000
2017-02-07,15.981433868408203,20.590999603271484,20.739999771118164,20.493000030517578,20.72100067138672,22840000
2017-02-08,16.057498931884766,20.68899917602539,20.875,20.516000747680664,20.597000122070312,21069000
2017-02-09,15.937200546264648,20.534000396728516,20.768999099731445,20.363000869750977,20.732999801635742,27519000
2017-02-10,15.951175689697266,20.552000045776367,20.649999618530273,20.385000228881836,20.600000381469727,23842000
2017-02-13,16.043535232543945,20.67099952697754,20.711000442504883,20.517000198364258,20.67799949645996,12463000
2017-02-14,15.936430931091309,20.533000946044922,20.700000762939453,20.479999542236328,20.698999404907227,17357000
2017-02-15,15.987652778625488,20.599000930786133,20.694000244140625,20.479999542236328,20.582000732421875,17088000
2017-02-16,16.157623291015625,20.81800079345703,20.82200050354004,20.51799964904785,20.645999908447266,17188000
2017-02-17,16.330703735351562,21.041000366210938,21.041000366210938,20.68199920654297,20.899999618530273,30945000
2017-02-21,16.51232147216797,21.274999618530273,21.36199951171875,21.090999603271484,21.100000381469727,30333000
2017-02-22,16.621755599975586,21.416000366210938,21.493000030517578,21.149999618530273,21.299999237060547,23949000
2017-02-23,16.343900680541992,21.058000564575195,21.59600067138672,20.964000701904297,21.507999420166016,29364000
2017-02-24,16.32759666442871,21.03700065612793,21.065000534057617,20.26099967956543,20.83799934387207,27651000
2017-02-27,16.553449630737305,21.327999114990234,21.344999313354492,21.018999099731445,21.066999435424805,26991000
2017-02-28,16.371061325073242,21.093000411987305,21.43400001525879,21.030000686645508,21.413999557495117,27548000
2017-03-01,16.69781494140625,21.513999938964844,21.538999557495117,21.055999755859375,21.30699920654297,51155000
2017-03-02,16.86468505859375,21.729000091552734,22.49799919128418,21.601999282836914,22.410999298095703,71171000
2017-03-03,16.944629669189453,21.832000732421875,22.0,21.770000457763672,21.799999237060547,30747000
2017-03-06,16.915136337280273,21.79400062561035,21.85300064086914,21.517000198364258,21.636999130249023,22771000
2017-03-07,17.016813278198242,21.924999237060547,22.136999130249023,21.708999633789062,21.733999252319336,29129000
2017-03-08,17.046300888061523,21.96299934387207,22.124000549316406,21.854999542236328,21.922000885009766,24532000
2017-03-09,17.23102569580078,22.201000213623047,22.285999298095703,21.812000274658203,21.878000259399414,25675000
2017-03-10,17.5678653717041,22.635000228881836,22.641000747680664,22.273000717163086,22.273000717163086,39430000
2017-03-13,17.57562828063965,22.645000457763672,22.774999618530273,22.535999298095703,22.586000442504883,26669000
2017-03-14,17.412633895874023,22.434999465942383,22.628000259399414,22.35099983215332,22.47599983215332,22165000
2017-03-15,17.535268783569336,22.593000411987305,22.665000915527344,22.323999404907227,22.433000564575195,20727000
2017-03-16,17.33645248413086,22.236000061035156,22.582000732421875,22.156999588012695,22.54800033569336,27835000
2017-03-17,17.24445152282715,22.118000030517578,22.371000289916992,22.084999084472656,22.351999282836914,51635000
2017-03-20,17.24913215637207,22.124000549316406,22.263999938964844,22.077999114990234,22.118000030517578,17215000
2017-03-21,16.842153549194336,21.601999282836914,22.29800033569336,21.552000045776367,22.224000930786133,30557000
2017-03-22,16.951305389404297,21.742000579833984,21.836999893188477,21.538999557495117,21.601999282836914,19131000
2017-03-23,16.90764617919922,21.68600082397461,21.84600067138672,21.64299964904785,21.72599983215332,19223000
2017-03-24,17.072153091430664,21.89699935913086,22.139999389648438,21.77400016784668,21.801000595092773,23794000
2017-03-27,17.078392028808594,21.905000686645508,22.01799964904785,21.597000122070312,21.683000564575195,15358000
2017-03-28,17.22652244567871,22.094999313354492,22.17799949645996,21.834999084472656,21.85099983215332,17929000
2017-03-29,17.25459098815918,22.131000518798828,22.135000228881836,21.968000411987305,22.079999923706055,15927000
2017-03-30,17.15557098388672,22.003999710083008,22.44499969482422,21.88599967956543,22.190000534057617,34168000
2017-03-31,17.07137680053711,21.895999908447266,22.099000930786133,21.80299949645996,21.999000549316406,25897000
2017-04-03,17.05889892578125,21.8799991607666,21.999000549316406,21.666000366210938,21.899999618530273,19210000
2017-04-04,17.07137680053711,21.895999908447266,22.041000366210938,21.788000106811523,21.816999435424805,12634000
2017-04-05,16.928691864013672,21.71299934387207,22.049999237060547,21.68000030517578,21.95400047302246,15690000
2017-04-06,16.95754051208496,21.75,21.847000122070312,21.55900001525879,21.670000076293945,14615000
2017-04-07,17.01601791381836,21.825000762939453,21.983999252319336,21.70400047302246,21.75,16412000
2017-04-10,16.99808692932129,21.802000045776367,21.905000686645508,21.625999450683594,21.707000732421875,17994000
2017-04-11,16.961437225341797,21.7549991607666,21.84000015258789,21.402999877929688,21.6560001373291,22219000
2017-04-12,16.3104248046875,20.920000076293945,21.61400032043457,20.8439998626709,21.566999435424805,61026000
2017-04-13,16.475717544555664,21.131999969482422,21.39699935913086,20.899999618530273,20.92099952697754,42579000
2017-04-17,16.67452621459961,21.386999130249023,21.43600082397461,21.2189998626709,21.238000869750977,14507000
2017-04-18,16.61449432373047,21.309999465942383,21.371000289916992,21.20599937438965,21.305999755859375,8486000
2017-04-19,16.65581512451172,21.363000869750977,21.482999801635742,21.326000213623047,21.378000259399414,12081000
2017-04-20,17.012903213500977,21.820999145507812,21.91200065612793,21.422000885009766,21.5,16916000
2017-04-21,16.97001838684082,21.766000747680664,21.83300018310547,21.615999221801758,21.742000579833984,14683000
2017-04-24,17.24913215637207,22.124000549316406,22.190000534057617,21.968000411987305,22.069000244140625,17531000
2017-04-25,17.401945114135742,22.31999969482422,22.399999618530273,22.19499969482422,22.20199966430664,14848000
2017-04-26,17.283432006835938,22.167999267578125,22.39299964904785,22.086999893188477,22.349000930786133,14726000
2017-04-27,17.393375396728516,22.30900001525879,22.409000396728516,22.20599937438965,22.288999557495117,11850000
2017-04-28,17.215608596801758,22.08099937438965,22.31399917602539,21.976999282836914,22.283000946044922,16490000
2017-05-01,17.25537109375,22.131999969482422,22.22599983215332,21.990999221801758,22.208999633789062,15339000
2017-05-02,17.577363967895508,22.545000076293945,22.549999237060547,22.149999618530273,22.34600067138672,27277000
2017-05-03,17.534486770629883,22.489999771118164,22.618999481201172,22.354999542236328,22.451000213623047,18002000
2017-05-04,17.41753578186035,22.34000015258789,22.586000442504883,22.18600082397461,22.525999069213867,16245000
2017-05-05,17.65534019470215,22.645000457763672,22.64900016784668,22.405000686645508,22.496000289916992,23128000
2017-05-08,17.54852294921875,22.507999420166016,22.709999084472656,22.38599967956543,22.652000427246094,17448000
2017-05-09,17.812049865722656,22.84600067138672,22.940000534057617,22.47100067138672,22.562000274658203,19261000
2017-05-10,18.035810470581055,23.132999420166016,23.341999053955078,22.868999481201172,22.948999404907227,24433000
2017-05-11,18.0170955657959,23.108999252319336,23.184999465942383,22.823999404907227,23.06800079345703,14823000
2017-05-12,18.396787643432617,23.59600067138672,23.604999542236328,23.083999633789062,23.148000717163086,25852000
2017-05-15,18.636146545410156,23.902999877929688,23.989999771118164,23.5,23.56100082397461,29172000
2017-05-16,18.76479148864746,24.06800079345703,24.128999710083008,23.868999481201172,23.993999481201172,18128000
2017-05-17,18.02411460876465,23.118000030517578,23.89699935913086,23.108999252319336,23.799999237060547,31447000
2017-05-18,18.529327392578125,23.766000747680664,23.86199951171875,22.76799964904785,23.158000946044922,30699000
2017-05-19,18.251768112182617,23.40999984741211,23.698999404907227,23.204999923706055,23.67099952697754,35812000
2017-05-22,18.585464477539062,23.83799934387207,23.898000717163086,23.422000885009766,23.55299949645996,20419000
2017-05-23,18.44200897216797,23.65399932861328,23.89299964904785,23.583999633789062,23.834999084472656,13696000
2017-05-24,18.680583953857422,23.959999084472656,24.000999450683594,23.69700050354004,23.84600067138672,16392000
2017-05-25,18.77882194519043,24.086000442504883,24.1560001373291,23.87299919128418,24.111000061035156,19010000
2017-05-26,18.806106567382812,24.121000289916992,24.15999984741211,23.832000732421875,24.09000015258789,13120000
2017-05-30,18.697734832763672,23.98200035095215,24.138999938964844,23.899999618530273,24.049999237060547,29364000
2017-05-31,18.671226501464844,23.947999954223633,24.288999557495117,23.756000518798828,24.25200080871582,44830000
2017-06-01,18.28997802734375,23.458999633789062,24.187000274658203,23.381000518798828,24.15999984741211,63774000
2017-06-02,19.844608306884766,25.452999114990234,25.582000732421875,24.415000915527344,24.854000091552734,108613000
2017-06-05,19.663732528686523,25.22100067138672,25.67799949645996,25.020000457763672,25.399999618530273,39532000
2017-06-06,19.79237937927246,25.38599967956543,25.534000396728516,25.062000274658203,25.07699966430664,29653000
2017-06-07,19.825124740600586,25.42799949645996,25.584999084472656,25.297000885009766,25.368000030517578,29290000
2017-06-08,19.877363204956055,25.4950008392334,25.610000610351562,25.23200035095215,25.5,28273000
2017-06-09,18.972177505493164,24.333999633789062,25.600000381469727,24.145000457763672,25.551000595092773,58191000
2017-06-12,18.91994285583496,24.267000198364258,24.31100082397461,23.575000762939453,24.040000915527344,54872000
2017-06-13,18.940994262695312,24.29400062561035,24.791000366210938,24.16699981689453,24.496000289916992,30853000
2017-06-14,18.75387191772461,24.054000854492188,24.4950008392334,23.76300048828125,24.35700035095215,34509000
2017-06-15,18.634075164794922,23.798999786376953,23.948999404907227,23.527000427246094,23.534000396728516,27527000
2017-06-16,18.49784278869629,23.625,23.94300079345703,23.51300048828125,23.89299964904785,35819000
2017-06-19,18.881498336791992,24.114999771118164,24.481000900268555,24.03499984741211,24.481000900268555,28519000
2017-06-20,18.79067611694336,23.999000549316406,24.364999771118164,23.985000610351562,24.200000762939453,24429000
2017-06-21,19.192338943481445,24.511999130249023,24.590999603271484,24.191999435424805,24.357999801635742,34998000
2017-06-22,19.107778549194336,24.40399932861328,24.641000747680664,24.308000564575195,24.551000595092773,18666000
2017-06-23,19.20330238342285,24.525999069213867,24.687000274658203,24.27899932861328,24.354000091552734,34985000
2017-06-26,19.00676918029785,24.274999618530273,24.790000915527344,24.1200008392334,24.599000930786133,32103000
2017-06-27,18.42580223083496,23.533000946044922,24.198999404907227,23.523000717163086,24.13599967956543,33582000
2017-06-28,18.873666763305664,24.104999542236328,24.17300033569336,23.450000762939453,23.659000396728516,24533000
2017-06-29,18.324800491333008,23.40399932861328,23.89699935913086,23.05699920654297,23.8700008392334,34513000
2017-06-30,18.24728012084961,23.30500030517578,23.66900062561035,23.285999298095703,23.62700080871582,26534000
2017-07-03,17.989683151245117,22.97599983215332,23.52400016784668,22.908000946044922,23.451000213623047,21123000
2017-07-05,18.13453483581543,23.160999298095703,23.232999801635742,22.910999298095703,23.100000381469727,29699000
2017-07-06,18.403099060058594,23.503999710083008,23.572999954223633,22.75,22.756000518798828,26334000
2017-07-07,18.761701583862305,23.961999893188477,24.018999099731445,23.527000427246094,23.530000686645508,24731000
2017-07-10,18.930036544799805,24.177000045776367,24.194000244140625,23.881000518798828,24.051000595092773,22499000
2017-07-11,18.861135482788086,24.089000701904297,24.260000228881836,23.93899917602539,24.200000762939453,20502000
2017-07-12,19.294124603271484,24.642000198364258,24.718000411987305,24.106000900268555,24.299999237060547,27710000
2017-07-13,19.36380958557129,24.731000900268555,24.98699951171875,24.655000686645508,24.711999893188477,20400000
2017-07-14,19.597137451171875,25.02899932861328,25.040000915527344,24.78499984741211,24.863000869750977,14417000
2017-07-17,19.49769401550293,24.902000427246094,25.236000061035156,24.88599967956543,25.07900047302246,18746000
2017-07-18,19.643335342407227,25.08799934387207,25.093000411987305,24.606000900268555,24.72599983215332,13003000
2017-07-19,19.9189395904541,25.440000534057617,25.45400047302246,25.05500030517578,25.200000762939453,25526000
2017-07-20,19.842987060546875,25.343000411987305,25.5,25.235000610351562,25.450000762939453,12135000
2017-07-21,19.817943572998047,25.31100082397461,25.351999282836914,25.04599952697754,25.152999877929688,15504000
2017-07-24,19.81167984008789,25.30299949645996,25.368000030517578,25.16900062561035,25.32900047302246,13638000
2017-07-25,19.911117553710938,25.43000030517578,25.44099998474121,25.01799964904785,25.280000686645508,16123000
2017-07-26,20.123294830322266,25.701000213623047,25.819000244140625,25.461999893188477,25.4689998626709,19971000
2017-07-27,19.64881134033203,25.094999313354492,25.849000930786133,24.895000457763672,25.820999145507812,32010000
2017-07-28,19.603403091430664,25.03700065612793,25.11199951171875,24.75,24.892000198364258,31919000
2017-07-31,19.312915802001953,24.666000366210938,25.2450008392334,24.54599952697754,25.097999572753906,18902000
2017-08-01,19.44837760925293,24.839000701904297,25.0,24.695999145507812,24.822999954223633,17582000
2017-08-02,19.837514877319336,25.336000442504883,25.72800064086914,25.106000900268555,25.459999084472656,36970000
2017-08-03,19.597137451171875,25.02899932861328,25.299999237060547,24.722999572753906,25.2810001373291,23447000
2017-08-04,19.509445190429688,24.91699981689453,25.097000122070312,24.812000274658203,25.073999404907227,13454000
2017-08-07,19.765474319458008,25.243999481201172,25.288999557495117,24.889999389648438,24.93899917602539,18730000
2017-08-08,19.680919647216797,25.13599967956543,25.429000854492188,25.04199981689453,25.197999954223633,20439000
2017-08-09,19.509445190429688,24.91699981689453,25.035999298095703,24.75200080871582,24.952999114990234,21256000
2017-08-10,18.8470458984375,24.070999145507812,24.700000762939453,24.04599952697754,24.666000366210938,29033000
2017-08-11,19.117956161499023,24.41699981689453,24.52400016784668,23.8700008392334,24.0049991607666,16976000
2017-08-14,19.645681381225586,25.090999603271484,25.125,24.600000381469727,24.68600082397461,16736000
2017-08-15,19.863344192504883,25.368999481201172,25.4060001373291,25.12700080871582,25.312000274658203,20942000
2017-08-16,19.84221076965332,25.341999053955078,25.474000930786133,25.180999755859375,25.43199920654297,15394000
2017-08-17,19.335622787475586,24.69499969482422,25.424999237060547,24.665000915527344,25.299999237060547,22793000
2017-08-18,19.525104522705078,24.937000274658203,25.148000717163086,24.613000869750977,24.732999801635742,20126000
2017-08-21,19.544673919677734,24.961999893188477,25.18899917602539,24.618000030517578,25.18899917602539,20693000
2017-08-22,19.980798721313477,25.518999099731445,25.618999481201172,25.100000381469727,25.183000564575195,26917000
2017-08-23,20.11625099182129,25.691999435424805,25.891000747680664,25.339000701904297,25.392000198364258,27928000
2017-08-24,19.96983528137207,25.5049991607666,25.93600082397461,25.110000610351562,25.867000579833984,52119000
2017-08-25,19.22913932800293,24.55900001525879,25.440000534057617,24.378000259399414,25.225000381469727,69099000
2017-08-28,19.04591941833496,24.325000762939453,24.763999938964844,24.25,24.70400047302246,34174000
2017-08-29,18.926908493041992,24.17300033569336,24.45800018310547,24.003000259399414,24.128999710083008,33536000
2017-08-30,19.26280403137207,24.601999282836914,24.634000778198242,24.08799934387207,24.1560001373291,21924000
2017-08-31,19.73651123046875,25.207000732421875,25.253000259399414,24.55500030517578,24.66200065612793,29491000
2017-09-01,19.78818130493164,25.273000717163086,25.534000396728516,25.229999542236328,25.232999801635742,23242000
2017-09-05,19.50005340576172,24.905000686645508,25.273000717163086,24.70199966430664,25.011999130249023,24306000
2017-09-06,19.525888442993164,24.937999725341797,25.131000518798828,24.770000457763672,25.06100082397461,13996000
2017-09-07,19.304306030273438,24.655000686645508,25.0,24.613000869750977,24.979000091552734,16088000
2017-09-08,19.113256454467773,24.410999298095703,24.639999389648438,24.309999465942383,24.591999053955078,18094000
2017-09-11,19.397483825683594,24.77400016784668,24.823999404907227,24.60099983215332,24.70800018310547,16878000
2017-09-12,19.350505828857422,24.714000701904297,24.974000930786133,24.549999237060547,24.965999603271484,18396000
2017-09-13,19.280031204223633,24.624000549316406,24.791000366210938,24.514999389648438,24.582000732421875,29664000
2017-09-14,19.335622787475586,24.69499969482422,24.750999450683594,24.323999404907227,24.461999893188477,28645000
2017-09-15,19.617494583129883,25.05500030517578,25.118999481201172,24.51099967956543,24.76300048828125,50066000
2017-09-18,19.640300750732422,24.98200035095215,25.283000946044922,24.861000061035156,25.104999542236328,25743000
2017-09-19,19.635578155517578,24.97599983215332,25.184999465942383,24.83300018310547,25.117000579833984,22088000
2017-09-20,19.0970458984375,24.291000366210938,24.988000869750977,23.785999298095703,24.974000930786133,57010000
2017-09-21,18.898141860961914,24.038000106811523,24.270000457763672,23.81800079345703,24.246000289916992,28620000
2017-09-22,18.80851936340332,23.923999786376953,24.075000762939453,23.812000274658203,23.833999633789062,23100000
2017-09-25,18.51527214050293,23.551000595092773,23.7810001373291,23.152999877929688,23.7189998626709,38692000
2017-09-26,18.65363883972168,23.726999282836914,23.9950008392334,23.5310001373291,23.788000106811523,39010000
2017-09-27,18.91387176513672,24.058000564575195,24.267000198364258,23.857999801635742,23.950000762939453,26489000
2017-09-28,19.099401473999023,24.29400062561035,24.336000442504883,23.950000762939453,23.951000213623047,21932000
2017-09-29,19.067955017089844,24.253999710083008,24.42799949645996,24.150999069213867,24.29400062561035,17319000
2017-10-02,18.905214309692383,24.047000885009766,24.5310001373291,23.975000381469727,24.5310001373291,19431000
2017-10-03,18.828960418701172,23.950000762939453,24.094999313354492,23.788999557495117,24.007999420166016,25611000
2017-10-04,19.025503158569336,24.200000762939453,24.232999801635742,23.750999450683594,23.878000259399414,23271000
2017-10-05,19.15679931640625,24.367000579833984,24.573999404907227,24.23699951171875,24.32699966430664,22811000
2017-10-06,19.31953239440918,24.573999404907227,24.575000762939453,24.030000686645508,24.030000686645508,17489000
2017-10-09,19.37299346923828,24.642000198364258,24.725000381469727,24.538999557495117,24.600000381469727,16551000
2017-10-10,19.339191436767578,24.599000930786133,24.81599998474121,24.304000854492188,24.753000259399414,15348000
2017-10-11,19.685895919799805,25.040000915527344,25.117000579833984,24.513999938964844,24.520999908447266,26603000
2017-10-12,19.555387496948242,24.874000549316406,25.128000259399414,24.827999114990234,25.04199981689453,20067000
2017-10-13,19.49407196044922,24.79599952697754,25.083999633789062,24.746999740600586,25.014999389648438,15257000
2017-10-16,19.392650604248047,24.66699981689453,24.94700050354004,24.562000274658203,24.857999801635742,14899000
2017-10-17,19.074249267578125,24.261999130249023,24.5939998626709,24.233999252319336,24.583999633789062,26965000
2017-10-18,19.182737350463867,24.399999618530273,24.461000442504883,23.979999542236328,24.33300018310547,19905000
2017-10-19,19.20553970336914,24.429000854492188,24.437000274658203,23.836000442504883,24.082000732421875,25844000
2017-10-20,19.201601028442383,24.423999786376953,24.700000762939453,24.375999450683594,24.695999145507812,23548000
2017-10-23,19.20396614074707,24.427000045776367,24.565000534057617,24.270999908447266,24.51799964904785,23418000
2017-10-24,19.47205352783203,24.76799964904785,24.81399917602539,24.410999298095703,24.506999969482422,22887000
2017-10-25,19.325822830200195,24.582000732421875,24.89299964904785,24.42300033569336,24.58799934387207,20955000
2017-10-26,19.163867950439453,24.375999450683594,24.78499984741211,24.375999450683594,24.726999282836914,24446000
2017-10-27,19.882436752319336,25.290000915527344,25.298999786376953,24.27899932861328,24.457000732421875,44753000
2017-10-30,20.53732681274414,26.12299919128418,26.219999313354492,25.32699966430664,25.329999923706055,50202000
2017-10-31,20.74802017211914,26.391000747680664,26.670000076293945,26.1299991607666,26.25,32845000
2017-11-01,20.384807586669922,25.929000854492188,26.56399917602539,25.68899917602539,26.423999786376953,27333000
2017-11-02,20.40131950378418,25.950000762939453,26.464000701904297,24.886999130249023,26.216999053955078,67196000
2017-11-03,21.512189865112305,27.363000869750977,27.799999237060547,25.711000442504883,26.402999877929688,120503000
2017-11-06,21.818010330200195,27.75200080871582,28.18000030517578,27.003000259399414,27.829999923706055,78088000
2017-11-07,21.330577850341797,27.131999969482422,27.450000762939453,26.753999710083008,27.253999710083008,36789000
2017-11-08,21.415481567382812,27.239999771118164,27.381999969482422,26.724000930786133,26.933000564575195,30254000
2017-11-09,20.8840274810791,26.56399917602539,27.040000915527344,26.25,26.86400032043457,30980000
2017-11-10,20.830568313598633,26.496000289916992,26.663999557495117,26.360000610351562,26.57900047302246,20338000
2017-11-13,20.834497451782227,26.500999450683594,26.597999572753906,26.155000686645508,26.25,28064000
2017-11-14,20.696914672851562,26.326000213623047,26.558000564575195,26.125999450683594,26.329999923706055,19718000
2017-11-15,20.880882263183594,26.559999465942383,26.700000762939453,25.80299949645996,26.229999542236328,29032000
2017-11-16,21.392683029174805,27.211000442504883,27.46500015258789,26.611000061035156,26.68000030517578,31000000
2017-11-17,21.373035430908203,27.18600082397461,27.211000442504883,26.843000411987305,27.177000045776367,24069000
2017-11-20,21.610458374023438,27.488000869750977,27.674999237060547,27.138999938964844,27.261999130249023,28639000
2017-11-21,21.74489402770996,27.659000396728516,27.820999145507812,27.490999221801758,27.610000610351562,20903000
2017-11-22,21.64897918701172,27.53700065612793,27.770999908447266,27.41699981689453,27.70199966430664,18642000
2017-11-24,22.200088500976562,28.238000869750977,28.298999786376953,27.650999069213867,27.66699981689453,11572000
2017-11-27,22.37619400024414,28.461999893188477,28.56800079345703,27.976999282836914,28.025999069213867,26230000
2017-11-28,21.808574676513672,27.739999771118164,28.489999771118164,27.68400001525879,28.486000061035156,26796000
2017-11-29,21.3447265625,27.149999618530273,27.81399917602539,26.48699951171875,27.799999237060547,47231000
2017-11-30,21.851024627685547,27.79400062561035,27.834999084472656,27.009000778198242,27.17799949645996,31452000
2017-12-01,21.34944725036621,27.1560001373291,27.551000595092773,26.405000686645508,27.520999908447266,47729000
2017-12-04,20.724430084228516,26.361000061035156,27.45199966430664,26.013999938964844,27.391000747680664,48439000
2017-12-05,20.57034683227539,26.165000915527344,26.61199951171875,26.045000076293945,26.266000747680664,38117000
2017-12-06,20.74644660949707,26.388999938964844,26.441999435424805,25.420000076293945,25.882999420166016,48751000
2017-12-07,20.74644660949707,26.388999938964844,27.56999969482422,26.16699981689453,27.48900032043457,79282000
2017-12-08,20.433547973632812,25.990999221801758,26.694000244140625,25.93000030517578,26.57699966430664,41848000
2017-12-11,20.436697006225586,25.9950008392334,26.354999542236328,25.878999710083008,25.93400001525879,34941000
2017-12-12,20.338422775268555,25.8700008392334,26.08799934387207,25.57200050354004,25.93600082397461,28541000
2017-12-13,20.600215911865234,26.202999114990234,26.32900047302246,26.01799964904785,26.041000366210938,26943000
2017-12-14,20.388734817504883,25.93400001525879,26.299999237060547,25.670000076293945,26.233999252319336,37595000
2017-12-15,20.89109992980957,26.572999954223633,26.600000381469727,25.826000213623047,26.165000915527344,45091000
2017-12-18,20.923553466796875,26.43899917602539,26.650999069213867,26.259000778198242,26.408000946044922,29786000
2017-12-19,20.868947982788086,26.3700008392334,26.52899932861328,26.12700080871582,26.329999923706055,19094000
2017-12-20,21.022470474243164,26.56399917602539,26.635000228881836,26.277999877929688,26.61400032043457,19845000
2017-12-21,20.697216033935547,26.152999877929688,26.625,26.10700035095215,26.594999313354492,17758000
2017-12-22,20.762109756469727,26.235000610351562,26.336999893188477,25.8700008392334,26.18199920654297,14617000
2017-12-26,20.42576789855957,25.809999465942383,26.235000610351562,25.339000701904297,25.722999572753906,22256000
2017-12-27,20.506484985351562,25.91200065612793,26.160999298095703,25.850000381469727,25.884000778198242,35615000
2017-12-28,20.609373092651367,26.04199981689453,26.079999923706055,25.854999542236328,26.016000747680664,13641000
2017-12-29,20.330799102783203,25.690000534057617,26.19499969482422,25.663999557495117,25.976999282836914,17980000
2018-01-02,21.13089370727539,26.701000213623047,26.75,25.756999969482422,25.976999282836914,33135000
2018-01-03,21.361982345581055,26.993000030517578,27.072999954223633,26.60300064086914,26.729000091552734,31161000
2018-01-04,21.369108200073242,27.00200080871582,27.176000595092773,26.843000411987305,27.159000396728516,19067000
2018-01-05,21.495725631713867,27.16200065612793,27.426000595092773,26.94499969482422,27.19700050354004,28633000
2018-01-08,21.547163009643555,27.226999282836914,27.2549991607666,26.9060001373291,27.091999053955078,20971000
2018-01-09,21.24881362915039,26.850000381469727,27.385000228881836,26.819000244140625,27.305999755859375,26027000
2018-01-10,20.800098419189453,26.283000946044922,26.61400032043457,26.072999954223633,26.597999572753906,31607000
2018-01-11,20.853116989135742,26.350000381469727,26.385000228881836,26.155000686645508,26.35700035095215,17726000
2018-01-12,20.915637969970703,26.429000854492188,26.531999588012695,26.201000213623047,26.339000701904297,19881000
2018-01-16,20.833335876464844,26.325000762939453,26.700000762939453,26.166000366210938,26.51799964904785,33528000
2018-01-17,21.035924911499023,26.58099937438965,26.652999877929688,26.04599952697754,26.54800033569336,37365000
2018-01-18,21.351694107055664,26.979999542236328,27.006000518798828,26.447999954223633,26.54599952697754,30319000
2018-01-19,21.081825256347656,26.638999938964844,26.944000244140625,26.60700035095215,26.915000915527344,29963000
2018-01-22,20.74311637878418,26.211000442504883,26.677000045776367,26.062000274658203,26.565000534057617,27230000
2018-01-23,20.805639266967773,26.290000915527344,26.44099998474121,25.81100082397461,26.173999786376953,35398000
2018-01-24,20.327634811401367,25.68600082397461,26.32699966430664,25.600000381469727,26.097000122070312,45405000
2018-01-25,19.57027816772461,24.729000091552734,25.784000396728516,24.700000762939453,25.77400016784668,59520000
2018-01-26,19.847257614135742,25.07900047302246,25.094999313354492,24.52400016784668,24.941999435424805,49014000
2018-01-29,19.42624855041504,24.547000885009766,24.948999404907227,24.349000930786133,24.827999114990234,50401000
2018-01-30,19.070907592773438,24.097999572753906,24.503000259399414,23.701000213623047,24.125,46002000
2018-01-31,19.62883758544922,24.80299949645996,25.31399917602539,24.486000061035156,25.0,80482000
2018-02-01,18.897598266601562,23.878999710083008,24.59000015258789,23.809999465942383,24.172000885009766,66851000
2018-02-02,18.635648727416992,23.54800033569336,23.79599952697754,23.409000396728516,23.677000045776367,58352000
2018-02-05,18.051591873168945,22.809999465942383,24.399999618530273,22.760000228881836,23.468000411987305,70776000
2018-02-06,19.023422241210938,24.038000106811523,24.040000915527344,22.489999771118164,22.562000274658203,77744000
2018-02-07,18.7860107421875,23.738000869750977,24.309999465942383,23.700000762939453,23.875999450683594,40475000
2018-02-08,18.16793441772461,22.957000732421875,23.851999282836914,22.951000213623047,23.73900032043457,43200000
2018-02-09,18.637229919433594,23.549999237060547,23.711999893188477,22.625,23.27899932861328,43282000
2018-02-12,19.341564178466797,24.440000534057617,24.54800033569336,23.75,23.785999298095703,35063000
2018-02-13,19.457107543945312,24.586000442504883,24.60300064086914,24.006000518798828,24.10099983215332,23719000
2018-02-14,19.599557876586914,24.766000747680664,24.864999771118164,24.347999572753906,24.5,25491000
2018-02-15,19.9295654296875,25.183000564575195,25.18400001525879,24.44300079345703,24.92799949645996,25540000
2018-02-16,19.696895599365234,24.888999938964844,25.23699951171875,24.804000854492188,25.12700080871582,32639000
2018-02-20,19.754671096801758,24.961999893188477,25.573999404907227,24.75200080871582,24.875,41693000
2018-02-21,19.6755313873291,24.86199951171875,25.347000122070312,24.844999313354492,25.249000549316406,28156000
2018-02-22,19.733299255371094,24.934999465942383,25.309999465942383,24.82699966430664,24.91200065612793,19342000
2018-02-23,20.078350067138672,25.371000289916992,25.503000259399414,25.02899932861328,25.214000701904297,18280000
2018-02-26,20.018203735351562,25.295000076293945,25.444000244140625,25.100000381469727,25.195999145507812,28878000
2018-02-27,19.927980422973633,25.180999755859375,25.566999435424805,25.167999267578125,25.208999633789062,21176000
2018-02-28,19.50458526611328,24.645999908447266,25.448999404907227,24.597999572753906,25.408000946044922,28834000
2018-03-01,19.25530433654785,24.33099937438965,24.91200065612793,24.131000518798828,24.586000442504883,26044000
2018-03-02,19.853591918945312,25.086999893188477,25.118000030517578,24.023000717163086,24.042999267578125,27402000
2018-03-05,19.545738220214844,24.697999954223633,25.134000778198242,24.341999053955078,24.989999771118164,25900000
2018-03-06,19.860715866088867,25.09600067138672,25.1299991607666,24.73200035095215,24.930999755859375,30030000
2018-03-07,19.551279067993164,24.704999923706055,24.940000534057617,24.433000564575195,24.868999481201172,31549000
2018-03-08,19.543367385864258,24.69499969482422,24.829999923706055,24.591999053955078,24.826000213623047,33554000
2018-03-09,20.08388328552246,25.378000259399414,25.42799949645996,24.76300048828125,24.857999801635742,30782000
2018-03-12,20.800884246826172,26.284000396728516,26.43000030517578,25.961999893188477,26.065000534057617,53881000
2018-03-13,20.672683715820312,26.121999740600586,27.385000228881836,26.023000717163086,26.64299964904785,66855000
2018-03-14,20.622821807861328,26.05900001525879,26.233999252319336,25.514999389648438,26.200000762939453,39619000
2018-03-15,21.19024658203125,26.775999069213867,26.889999389648438,26.350000381469727,26.37299919128418,57990000
2018-03-16,20.170143127441406,25.48699951171875,26.360000610351562,25.44099998474121,26.299999237060547,113955000
2018-03-19,19.385095596313477,24.4950008392334,25.64900016784668,24.277000427246094,25.309999465942383,71267000
2018-03-20,19.180118560791016,24.236000061035156,24.80500030517578,24.128000259399414,24.510000228881836,61918000
2018-03-21,19.753456115722656,24.600000381469727,25.05900001525879,24.006000518798828,24.058000564575195,54912000
2018-03-22,19.558332443237305,24.35700035095215,24.672000885009766,24.149999618530273,24.202999114990234,43078000
2018-03-23,19.470800399780273,24.24799919128418,24.52199935913086,24.041000366210938,24.33799934387207,59070000
2018-03-26,19.892372131347656,24.773000717163086,24.882999420166016,24.051000595092773,24.767000198364258,48713000
2018-03-27,19.62256622314453,24.437000274658203,25.424999237060547,24.15999984741211,24.808000564575195,63917000
2018-03-28,19.00507164001465,23.667999267578125,24.69300079345703,23.559999465942383,24.408000946044922,41744000
2018-03-29,18.922367095947266,23.565000534057617,24.083999633789062,23.47599983215332,23.80900001525879,46874000
2018-04-02,18.28237533569336,22.76799964904785,23.61199951171875,22.54400062561035,23.395000457763672,53088000
2018-04-03,19.013099670410156,23.67799949645996,23.697999954223633,22.72100067138672,23.086000442504883,45569000
2018-04-04,19.029958724975586,23.698999404907227,23.79199981689453,22.950000762939453,23.0049991607666,37720000
2018-04-05,18.975357055664062,23.631000518798828,24.167999267578125,23.5,24.076000213623047,35798000
2018-04-06,18.377933502197266,22.886999130249023,23.65399932861328,22.775999069213867,23.37299919128418,30248000
2018-04-09,18.84929084777832,23.474000930786133,23.965999603271484,22.926000595092773,22.99799919128418,37494000
2018-04-10,19.2515869140625,23.975000381469727,24.1560001373291,23.766000747680664,23.95599937438965,33244000
2018-04-11,19.29734992980957,24.031999588012695,24.07200050354004,23.70800018310547,23.812000274658203,19922000
2018-04-12,19.225889205932617,23.94300079345703,24.263999938964844,23.709999084472656,24.14299964904785,41036000
2018-04-13,19.828929901123047,24.694000244140625,25.200000762939453,24.489999771118164,25.0,48312000
2018-04-16,20.024059295654297,24.937000274658203,24.98900032043457,24.56800079345703,24.909000396728516,25172000
2018-04-17,20.214366912841797,25.173999786376953,25.28499984741211,24.964000701904297,25.089000701904297,25084000
2018-04-18,20.041725158691406,24.958999633789062,25.16699981689453,24.746000289916992,25.100000381469727,20511000
2018-04-19,19.50131607055664,24.285999298095703,24.628000259399414,24.06599998474121,24.354000091552734,50141000
2018-04-20,19.040401458740234,23.711999893188477,24.15999984741211,23.500999450683594,24.121999740600586,41530000
2018-04-23,18.74570083618164,23.344999313354492,23.832000732421875,23.211999893188477,23.798999786376953,31337000
2018-04-24,18.339393615722656,22.839000701904297,23.61199951171875,22.66900062561035,23.573999404907227,44889000
2018-04-25,18.38837242126465,22.899999618530273,23.110000610351562,22.586000442504883,22.899999618530273,34023000
2018-04-26,18.50240135192871,23.04199981689453,23.187999725341797,22.829999923706055,23.100000381469727,32751000
2018-04-27,18.691905975341797,23.277999877929688,23.420000076293945,23.06999969482422,23.35700035095215,27211000
2018-04-30,18.422096252441406,22.941999435424805,23.41200065612793,22.832000732421875,23.257999420166016,39682000
2018-05-01,18.49918556213379,23.038000106811523,23.084999084472656,22.63599967956543,23.084999084472656,44947000
2018-05-02,18.36750030517578,22.874000549316406,23.3439998626709,22.68000030517578,23.329999923706055,52950000
2018-05-03,18.087257385253906,22.524999618530273,22.788000106811523,22.26799964904785,22.64900016784668,58011000
2018-05-04,18.510425567626953,23.052000045776367,23.208999633789062,22.197999954223633,22.364999771118164,51303000
2018-05-07,18.948057174682617,23.597000122070312,23.690000534057617,23.100000381469727,23.1299991607666,36953000
2018-05-08,19.1793155670166,23.885000228881836,23.895999908447266,23.48200035095215,23.573999404907227,40149000
2018-05-09,19.11507797241211,23.80500030517578,23.913000106811523,23.405000686645508,23.579999923706055,35031000
2018-05-10,19.553504943847656,24.35099983215332,24.37299919128418,23.861000061035156,23.972999572753906,25747000
2018-05-11,19.543066024780273,24.33799934387207,24.450000762939453,24.15999984741211,24.308000564575195,24052000
2018-05-14,19.65388298034668,24.47599983215332,24.841999053955078,24.3799991607666,24.628000259399414,27580000
2018-05-15,19.39853286743164,24.158000946044922,24.444000244140625,23.850000381469727,24.231000900268555,24984000
2018-05-16,19.31261444091797,24.051000595092773,24.22100067138672,23.89900016784668,24.214000701904297,29330000
2018-05-17,19.22749900817871,23.94499969482422,24.166000366210938,23.799999237060547,23.812000274658203,22825000
2018-05-18,18.949668884277344,23.599000930786133,24.062000274658203,23.58799934387207,23.986000061035156,25262000
2018-05-21,19.19538116455078,23.905000686645508,24.049999237060547,23.66699981689453,23.945999145507812,25720000
2018-05-22,19.150407791137695,23.849000930786133,24.136999130249023,23.757999420166016,24.02400016784668,19218000
2018-05-23,19.316625595092773,24.055999755859375,24.062999725341797,23.60300064086914,23.62299919128418,23454000
2018-05-24,19.555116653442383,24.35300064086914,24.43600082397461,24.0,24.086000442504883,22799000
2018-05-25,20.07705307006836,25.003000259399414,25.06800079345703,24.40399932861328,24.40399932861328,32214000
2018-05-29,20.049753189086914,24.9689998626709,25.111000061035156,24.847000122070312,24.86400032043457,28281000
2018-05-30,20.02646827697754,24.940000534057617,25.202999114990234,24.933000564575195,25.118000030517578,26844000
2018-05-31,20.240867614746094,25.207000732421875,25.52899932861328,24.899999618530273,24.926000595092773,34698000
2018-06-01,20.583740234375,25.634000778198242,25.770000457763672,25.253999710083008,25.437000274658203,26360000
2018-06-04,20.74674415588379,25.836999893188477,25.93600082397461,25.62299919128418,25.799999237060547,25886000
2018-06-05,20.81821060180664,25.926000595092773,26.135000228881836,25.804000854492188,25.945999145507812,42374000
2018-06-06,21.1602840423584,26.351999282836914,26.378000259399414,25.97100067138672,26.073999404907227,37465000
2018-06-07,21.253429412841797,26.468000411987305,26.648000717163086,26.29199981689453,26.299999237060547,46077000
2018-06-08,20.71462631225586,25.797000885009766,25.993000030517578,25.374000549316406,25.673999786376953,73694000
2018-06-11,20.94428062438965,26.08300018310547,26.18000030517578,25.631999969482422,25.785999298095703,31859000
2018-06-12,20.99245834350586,26.14299964904785,26.17300033569336,25.84000015258789,26.033000946044922,27594000
2018-06-13,21.16510581970215,26.357999801635742,26.60700035095215,26.070999145507812,26.176000595092773,34868000
2018-06-14,21.556957244873047,26.84600067138672,26.906999588012695,26.40999984741211,26.5,37042000
2018-06-15,21.699087142944336,27.023000717163086,27.180999755859375,26.632999420166016,27.003999710083008,60969000
2018-06-18,21.238971710205078,26.450000762939453,26.899999618530273,26.42300033569336,26.899999618530273,30191000
2018-06-19,21.234905242919922,26.094999313354492,26.113000869750977,25.415000915527344,25.600000381469727,36221000
2018-06-20,21.256877899169922,26.121999740600586,26.402000427246094,26.073999404907227,26.149999618530273,24951000
2018-06-21,21.129117965698242,25.96500015258789,26.256999969482422,25.8439998626709,26.158000946044922,18186000
2018-06-22,21.134000778198242,25.97100067138672,26.149999618530273,25.895999908447266,26.118000030517578,52412000
2018-06-25,20.540775299072266,25.242000579833984,25.642000198364258,25.042999267578125,25.642000198364258,29705000
2018-06-26,20.46916389465332,25.15399932861328,25.461000442504883,25.05500030517578,25.299999237060547,24233000
2018-06-27,20.108671188354492,24.711000442504883,25.516000747680664,24.684999465942383,25.208999633789062,24720000
2018-06-28,19.928831100463867,24.489999771118164,24.73200035095215,24.226999282836914,24.628000259399414,33238000
2018-06-29,19.744922637939453,24.263999938964844,24.69499969482422,24.256999969482422,24.69499969482422,42794000
2018-07-02,19.696914672851562,24.204999923706055,24.222000122070312,23.742000579833984,24.009000778198242,33369000
2018-07-03,19.472318649291992,23.929000854492188,24.339000701904297,23.899999618530273,24.336000442504883,11591000
2018-07-05,19.96952247619629,24.540000915527344,24.56100082397461,24.06800079345703,24.179000854492188,25299000
2018-07-06,20.155054092407227,24.76799964904785,24.860000610351562,24.441999435424805,24.489999771118164,23112000
2018-07-09,20.13471221923828,24.743000030517578,24.92300033569336,24.55299949645996,24.899999618530273,17955000
2018-07-10,20.389413833618164,25.055999755859375,25.18000030517578,24.704999923706055,24.833999633789062,16413000
2018-07-11,19.810022354125977,24.3439998626709,24.753999710083008,24.26099967956543,24.4950008392334,35761000
2018-07-12,17.087202072143555,20.99799919128418,21.027999877929688,19.746000289916992,20.70800018310547,435083000
2018-07-13,16.475257873535156,20.246000289916992,21.399999618530273,20.190000534057617,21.25,161678000
2018-07-16,16.53955078125,20.325000762939453,20.63800048828125,20.05299949645996,20.15999984741211,102277000
2018-07-17,16.951309204101562,20.83099937438965,20.909000396728516,20.201000213623047,20.22100067138672,110827000
2018-07-18,16.98955535888672,20.878000259399414,20.988000869750977,20.663000106811523,20.722000122070312,80834000
2018-07-19,17.118942260742188,21.03700065612793,21.148000717163086,20.804000854492188,20.82900047302246,63247000
2018-07-20,17.11568832397461,21.033000946044922,21.121000289916992,20.875999450683594,21.010000228881836,62893000
2018-07-23,17.63567352294922,21.672000885009766,21.86400032043457,21.040000915527344,21.041000366210938,82211000
2018-07-24,17.686124801635742,21.733999252319336,22.038999557495117,21.600000381469727,21.780000686645508,81158000
2018-07-25,18.388397216796875,22.597000122070312,22.864999771118164,21.770999908447266,21.770999908447266,92271000
2018-07-26,18.16135597229004,22.31800079345703,22.976999282836914,22.156999588012695,22.649999618530273,85069000
2018-07-27,17.988025665283203,22.104999542236328,22.929000854492188,22.006999969482422,22.400999069213867,79443000
2018-07-30,18.324918746948242,22.518999099731445,22.802000045776367,22.104999542236328,22.111000061035156,75275000
2018-07-31,18.04661750793457,22.177000045776367,22.884000778198242,22.15399932861328,22.667999267578125,63860000
2018-08-01,17.642187118530273,21.68000030517578,22.393999099731445,21.6200008392334,22.326000213623047,42669000
2018-08-02,17.60556411743164,21.635000228881836,21.826000213623047,21.325000762939453,21.427000045776367,40312000
2018-08-03,17.7243709564209,21.7810001373291,21.799999237060547,21.440000534057617,21.575000762939453,24832000
2018-08-06,17.654386520385742,21.69499969482422,21.83099937438965,21.586000442504883,21.663000106811523,22638000
2018-08-07,17.927814483642578,22.0310001373291,22.18400001525879,21.714000701904297,21.922000885009766,29798000
2018-08-08,17.858642578125,21.945999145507812,22.12299919128418,21.895000457763672,22.054000854492188,15801000
2018-08-09,17.624279022216797,21.658000946044922,22.024999618530273,21.5939998626709,22.014999389648438,27563000
2018-08-10,17.270299911499023,21.222999572753906,21.447999954223633,21.04599952697754,21.2810001373291,37017000
2018-08-13,17.176713943481445,21.107999801635742,21.398000717163086,21.045000076293945,21.165000915527344,29842000
2018-08-14,16.869115829467773,20.729999542236328,21.158000946044922,20.68400001525879,21.158000946044922,36327000
2018-08-15,16.81052589416504,20.658000946044922,20.757999420166016,20.277000427246094,20.51300048828125,41132000
2018-08-16,16.98223114013672,20.868999481201172,20.88599967956543,20.66900062561035,20.777000427246094,29239000
2018-08-17,17.029430389404297,20.927000045776367,21.118999481201172,20.551000595092773,20.797000885009766,39093000
2018-08-20,16.82192039489746,20.672000885009766,21.0,20.586000442504883,20.947999954223633,54489000
2018-08-21,17.130334854125977,21.051000595092773,21.143999099731445,20.711000442504883,20.75200080871582,29952000
2018-08-22,16.888648986816406,20.753999710083008,21.17099952697754,20.743000030517578,21.045000076293945,26890000
2018-08-23,16.72995948791504,20.55900001525879,20.908000946044922,20.527999877929688,20.773000717163086,35578000
2018-08-24,17.007455825805664,20.899999618530273,20.927000045776367,20.468000411987305,20.635000228881836,20541000
2018-08-27,17.330516815185547,21.297000885009766,21.437000274658203,20.863000869750977,21.024999618530273,28213000
2018-08-28,17.449321746826172,21.44300079345703,21.59600067138672,21.256999969482422,21.46299934387207,24340000
2018-08-29,17.49489402770996,21.499000549316406,21.579999923706055,21.344999313354492,21.481000900268555,18125000
2018-08-30,17.629976272583008,21.665000915527344,21.694000244140625,21.461000442504883,21.496999740600586,26529000
2018-08-31,17.823652267456055,21.902999877929688,21.93199920654297,21.584999084472656,21.60300064086914,27623000
2018-09-04,17.856197357177734,21.94300079345703,22.02899932861328,21.71299934387207,21.858999252319336,36663000
2018-09-05,18.018136978149414,22.142000198364258,22.18000030517578,21.95800018310547,21.9950008392334,37194000
2018-09-06,17.574644088745117,21.597000122070312,22.281999588012695,21.392000198364258,22.149999618530273,62509000
2018-09-07,18.926292419433594,23.257999420166016,23.541000366210938,22.399999618530273,22.420000076293945,104703000
2018-09-10,19.579734802246094,24.06100082397461,24.094999313354492,23.204999923706055,23.465999603271484,60880000
2018-09-11,18.923852920532227,23.2549991607666,23.969999313354492,23.040000915527344,23.770000457763672,60755000
2018-09-12,18.707387924194336,22.98900032043457,23.084999084472656,22.283000946044922,22.809999465942383,53077000
2018-09-13,19.15739631652832,23.54199981689453,23.922000885009766,23.11199951171875,23.368999481201172,43757000
2018-09-14,19.23225975036621,23.634000778198242,23.708999633789062,23.368999481201172,23.516000747680664,28095000
2018-09-17,19.109384536743164,23.482999801635742,24.030000686645508,23.430999755859375,24.0,36739000
2018-09-18,19.654590606689453,23.972999572753906,24.139999389648438,23.48699951171875,23.5,50511000
2018-09-19,19.823482513427734,24.179000854492188,24.249000549316406,23.976999282836914,24.047000885009766,31160000
2018-09-20,20.0809268951416,24.493000030517578,24.604000091552734,24.172000885009766,24.298999786376953,39986000
2018-09-21,20.340816497802734,24.809999465942383,24.87700080871582,24.51799964904785,24.632999420166016,135321000
2018-09-24,20.451494216918945,24.94499969482422,25.010000228881836,24.731000900268555,24.80500030517578,45326000
2018-09-25,20.303922653198242,24.764999389648438,24.934999465942383,24.579999923706055,24.898000717163086,47037000
2018-09-26,20.121912002563477,24.542999267578125,24.80500030517578,24.479999542236328,24.56399917602539,33428000
2018-09-27,20.205543518066406,24.645000457763672,24.788000106811523,24.490999221801758,24.569000244140625,29572000
2018-09-28,20.228496551513672,24.67300033569336,24.69700050354004,24.385000228881836,24.554000854492188,26739000
2018-10-01,20.4564208984375,24.951000213623047,25.214000701904297,24.767000198364258,24.788000106811523,27709000
2018-10-02,20.340816497802734,24.809999465942383,25.17099952697754,24.79199981689453,24.913999557495117,24888000
2018-10-03,20.44904136657715,24.941999435424805,25.132999420166016,24.70400047302246,24.881000518798828,19607000
2018-10-04,20.3465576171875,24.816999435424805,24.972999572753906,24.6200008392334,24.666000366210938,25660000
2018-10-05,20.02352523803711,24.42300033569336,25.0049991607666,24.239999771118164,24.839000701904297,33860000
2018-10-08,19.789051055908203,24.136999130249023,24.54199981689453,24.038000106811523,24.33099937438965,33397000
2018-10-09,20.06205940246582,24.469999313354492,24.572999954223633,24.03700065612793,24.05900001525879,24675000
2018-10-10,19.006900787353516,23.183000564575195,24.506999969482422,23.163999557495117,24.292999267578125,56327000
2018-10-11,18.766679763793945,22.889999389648438,23.559999465942383,22.7189998626709,23.19700050354004,37424000
2018-10-12,19.098726272583008,23.295000076293945,23.566999435424805,22.910999298095703,23.47599983215332,32589000
2018-10-15,19.05936622619629,23.246999740600586,23.533000946044922,23.003999710083008,23.10300064086914,30099000
2018-10-16,19.538990020751953,23.832000732421875,23.875999450683594,23.417999267578125,23.600000381469727,30355000
2018-10-17,19.444705963134766,23.716999053955078,23.974000930786133,23.392000198364258,23.974000930786133,20262000
2018-10-18,18.694534301757812,22.802000045776367,23.68199920654297,22.652999877929688,23.542999267578125,37442000
2018-10-19,18.715848922729492,22.827999114990234,23.108999252319336,22.69300079345703,23.0,32231000
2018-10-22,18.74371910095215,22.86199951171875,23.243000030517578,22.804000854492188,23.055999755859375,25619000
2018-10-23,18.778974533081055,22.905000686645508,22.95400047302246,21.881999969482422,22.2810001373291,35990000
2018-10-24,17.931241989135742,21.871000289916992,22.641000747680664,21.784000396728516,22.639999389648438,37810000
2018-10-25,18.22064971923828,22.224000930786133,22.339000701904297,21.915000915527344,21.988000869750977,35193000
2018-10-26,17.47538948059082,21.315000534057617,21.733999252319336,20.920000076293945,21.55699920654297,53324000
2018-10-29,17.340112686157227,21.149999618530273,21.868999481201172,20.822999954223633,21.618999481201172,28636000
2018-10-30,18.119810104370117,22.10099983215332,22.1560001373291,21.100000381469727,21.378000259399414,29697000
2018-10-31,18.323135375976562,22.349000930786133,22.566999435424805,22.17099952697754,22.5,28146000
2018-11-01,18.847026824951172,22.988000869750977,23.42300033569336,22.371999740600586,22.516000747680664,36830000
2018-11-02,18.10013198852539,22.07699966430664,22.597000122070312,21.774999618530273,22.533000946044922,40241000
2018-11-05,18.04438018798828,22.009000778198242,22.110000610351562,21.371000289916992,21.902000427246094,27609000
2018-11-06,18.713390350341797,22.825000762939453,22.916000366210938,21.972000122070312,22.030000686645508,29464000
2018-11-07,19.21760368347168,23.440000534057617,23.52899932861328,22.92099952697754,23.198999404907227,29004000
2018-11-08,19.697223663330078,24.024999618530273,24.261999130249023,23.270999908447266,23.270999908447266,29796000
2018-11-09,19.59392547607422,23.89900016784668,23.902000427246094,23.253999710083008,23.5,33611000
2018-11-12,18.334611892700195,22.363000869750977,23.187000274658203,22.027999877929688,23.100000381469727,50306000
2018-11-13,18.43299674987793,22.482999801635742,22.98200035095215,22.23200035095215,22.548999786376953,26697000
2018-11-14,18.545312881469727,22.6200008392334,23.05299949645996,22.562000274658203,22.676000595092773,25411000
2018-11-15,19.376657485961914,23.634000778198242,23.930999755859375,22.586000442504883,22.621999740600586,36694000
2018-11-16,19.48077964782715,23.76099967956543,23.920000076293945,23.165000915527344,23.381999969482422,36005000
2018-11-19,18.785539627075195,22.913000106811523,24.107999801635742,22.854000091552734,23.652999877929688,35326000
2018-11-20,18.66911506652832,22.770999908447266,22.908000946044922,22.257999420166016,22.393999099731445,32123000
2018-11-21,18.85686492919922,23.0,23.33099937438965,22.750999450683594,23.02199935913086,19926000
2018-11-23,18.848669052124023,22.989999771118164,23.268999099731445,22.757999420166016,22.757999420166016,8066000
2018-11-26,19.29221534729004,23.5310001373291,23.815000534057617,23.155000686645508,23.422000885009766,28714000
2018-11-27,19.33484649658203,23.58300018310547,23.836999893188477,23.242000579833984,23.357999801635742,30406000
2018-11-28,19.284833908081055,23.52199935913086,23.799999237060547,23.16200065612793,23.649999618530273,31080000
2018-11-29,19.33074188232422,23.577999114990234,23.863000869750977,23.275999069213867,23.427000045776367,17920000
2018-11-30,19.46438217163086,23.740999221801758,23.827999114990234,23.339000701904297,23.540000915527344,40083000
2018-12-03,19.846439361572266,24.207000732421875,24.70400047302246,24.14699935913086,24.520000457763672,35241000
2018-12-04,19.024112701416016,23.20400047302246,24.113000869750977,23.158000946044922,24.048999786376953,36455000
2018-12-06,18.630582809448242,22.724000930786133,22.725000381469727,21.76099967956543,22.624000549316406,57859000
2018-12-07,18.738801956176758,22.856000900268555,23.827999114990234,22.450000762939453,23.405000686645508,78396000
2018-12-10,19.615234375,23.924999237060547,24.031999588012695,22.650999069213867,22.795000076293945,43344000
2018-12-11,20.237518310546875,24.68400001525879,25.034000396728516,24.341999053955078,24.34600067138672,57730000
2018-12-12,20.904882431030273,25.49799919128418,26.018999099731445,25.200000762939453,25.243999481201172,68703000
2018-12-13,21.177080154418945,25.829999923706055,26.149999618530273,25.45800018310547,25.84600067138672,54355000
2018-12-14,20.892587661743164,25.482999801635742,26.159000396728516,25.46299934387207,25.535999298095703,42727000
2018-12-17,20.835193634033203,25.413000106811523,26.131999969482422,25.308000564575195,25.39900016784668,56238000
2018-12-18,20.685237884521484,24.966999053955078,25.55900001525879,24.881000518798828,25.507999420166016,51849000
2018-12-19,20.20635986328125,24.388999938964844,25.593000411987305,24.25200080871582,24.899999618530273,59728000
2018-12-20,20.04065704345703,24.18899917602539,24.850000381469727,23.844999313354492,24.440000534057617,75365000
2018-12-21,20.29086685180664,24.490999221801758,25.173999786376953,24.18899917602539,24.18899917602539,102138000
2018-12-24,19.370399475097656,23.3799991607666,24.3700008392334,23.35099983215332,24.200000762939453,28494000
2018-12-26,20.55847930908203,24.81399917602539,24.850000381469727,23.350000381469727,23.777999877929688,36741000
2018-12-27,20.783002853393555,25.084999084472656,25.12299919128418,24.214000701904297,24.5,37507000
2018-12-28,21.010005950927734,25.358999252319336,25.805999755859375,25.115999221801758,25.299999237060547,28702000
2018-12-31,21.06717872619629,25.42799949645996,25.850000381469727,25.094999313354492,25.783000946044922,26590000
2019-01-02,21.003381729125977,25.35099983215332,25.469999313354492,24.64900016784668,24.885000228881836,30346000
2019-01-03,19.13510513305664,23.09600067138672,24.65399932861328,23.033000946044922,24.45599937438965,68580000
2019-01-04,19.32317543029785,23.322999954223633,23.645000457763672,23.16699981689453,23.429000854492188,54248000
2019-01-07,19.716716766357422,23.79800033569336,24.02400016784668,23.076000213623047,23.364999771118164,53433000
2019-01-08,19.558467864990234,23.60700035095215,24.190000534057617,23.336999893188477,24.01099967956543,36795000
2019-01-09,20.40437126159668,24.628000259399414,24.667999267578125,23.78499984741211,23.841999053955078,52971000
2019-01-10,20.672805786132812,24.95199966430664,25.05699920654297,24.43600082397461,24.55699920654297,29594000
2019-01-11,20.759798049926758,25.05699920654297,25.29199981689453,24.93199920654297,24.94300079345703,20158000
2019-01-14,20.784652709960938,25.086999893188477,25.158000946044922,24.59000015258789,24.81100082397461,25498000
2019-01-15,21.250272750854492,25.64900016784668,26.222000122070312,25.201000213623047,25.275999069213867,39247000
2019-01-16,20.85342025756836,25.170000076293945,25.735000610351562,25.13599967956543,25.719999313354492,24484000
2019-01-17,21.15416717529297,25.533000946044922,25.735000610351562,24.871999740600586,25.006000518798828,35154000
2019-01-18,21.609018325805664,26.082000732421875,26.194000244140625,25.700000762939453,25.913000106811523,34634000
2019-01-22,21.39940643310547,25.82900047302246,25.945999145507812,25.489999771118164,25.799999237060547,37156000
2019-01-23,21.335609436035156,25.75200080871582,26.090999603271484,25.364999771118164,25.95400047302246,31771000
2019-01-24,21.835195541381836,26.354999542236328,26.674999237060547,26.0,26.108999252319336,35999000
2019-01-25,22.198917388916016,26.79400062561035,26.83099937438965,26.090999603271484,26.517000198364258,30333000
2019-01-28,22.172399520874023,26.761999130249023,26.885000228881836,25.864999771118164,26.1560001373291,31320000
2019-01-29,22.064697265625,26.631999969482422,26.760000228881836,26.382999420166016,26.735000610351562,27870000
2019-01-30,22.43752098083496,27.082000732421875,27.375,26.73699951171875,27.0,28727000
2019-01-31,22.224594116210938,26.825000762939453,27.100000381469727,26.635000228881836,27.055999755859375,21063000
2019-02-01,22.10529136657715,26.680999755859375,26.959999084472656,26.48900032043457,26.915000915527344,22878000
2019-02-04,22.54521942138672,27.211999893188477,27.214000701904297,26.4950008392334,26.75,20761000
2019-02-05,22.369583129882812,27.0,27.46299934387207,26.990999221801758,27.195999145507812,22619000
2019-02-06,22.884084701538086,27.621000289916992,28.0,27.274999618530273,27.32699966430664,27064000
2019-02-07,22.294185638427734,26.909000396728516,27.457000732421875,26.6299991607666,27.285999298095703,28646000
2019-02-08,22.705957412719727,27.4060001373291,27.429000854492188,26.70599937438965,26.732999801635742,23903000
2019-02-11,22.84348487854004,27.57200050354004,27.600000381469727,27.327999114990234,27.440000534057617,18012000
2019-02-12,23.147544860839844,27.93899917602539,28.038999557495117,27.70599937438965,27.864999771118164,19809000
2019-02-13,23.30744743347168,28.131999969482422,28.215999603271484,27.797000885009766,28.0,19190000
2019-02-14,23.322357177734375,28.149999618530273,28.284000396728516,27.895000457763672,28.059999465942383,16015000
2019-02-15,23.357988357543945,28.19300079345703,28.409000396728516,27.878999710083008,28.409000396728516,17352000
2019-02-19,23.335617065429688,28.166000366210938,28.283000946044922,28.014999389648438,28.114999771118164,15152000
2019-02-20,23.481433868408203,28.341999053955078,28.663000106811523,28.22800064086914,28.325000762939453,16150000
2019-02-21,23.27596664428711,28.0939998626709,28.334999084472656,27.89299964904785,28.323999404907227,13254000
2019-02-22,22.908109664916992,27.649999618530273,28.0,27.465999603271484,27.9950008392334,27225000
2019-02-25,23.08209228515625,27.860000610351562,28.08300018310547,27.847999572753906,28.077999114990234,19245000
2019-02-26,22.78383445739746,27.5,27.801000595092773,27.44499969482422,27.792999267578125,27211000
2019-02-27,22.493030548095703,27.14900016784668,27.510000228881836,26.95800018310547,27.32200050354004,29146000
2019-02-28,22.813657760620117,27.535999298095703,27.570999145507812,26.863000869750977,26.996999740600586,31460000
2019-03-01,22.59741973876953,27.274999618530273,27.81599998474121,27.113000869750977,27.773000717163086,19035000
2019-03-04,22.774723052978516,27.48900032043457,27.658000946044922,27.086000442504883,27.5,17382000
2019-03-05,22.95036506652832,27.701000213623047,28.04400062561035,27.452999114990234,27.549999237060547,21699000
2019-03-06,22.48143196105957,27.135000228881836,27.69300079345703,27.04800033569336,27.666000366210938,19973000
2019-03-07,21.997583389282227,26.551000595092773,27.033000946044922,26.408000946044922,27.01799964904785,25411000
2019-03-08,21.88821792602539,26.41900062561035,26.47599983215332,25.920000076293945,26.1560001373291,22167000
2019-03-11,22.291704177856445,26.9060001373291,27.05500030517578,26.405000686645508,26.48900032043457,27161000
2019-03-12,22.338926315307617,26.96299934387207,27.003000259399414,26.427000045776367,26.97599983215332,23324000
2019-03-13,22.469833374023438,27.121000289916992,27.308000564575195,26.902000427246094,27.051000595092773,32089000
2019-03-14,22.2204532623291,26.81999969482422,27.22599983215332,26.788999557495117,27.208999633789062,43094000
2019-03-15,24.050617218017578,29.02899932861328,29.954999923706055,28.350000381469727,28.645999908447266,144066000
2019-03-18,24.34473419189453,29.384000778198242,29.697999954223633,29.020999908447266,29.023000717163086,56746000
2019-03-19,24.797924041748047,29.930999755859375,30.097999572753906,29.410999298095703,29.416000366210938,51556000
2019-03-20,24.32731056213379,29.10300064086914,29.899999618530273,29.02899932861328,29.799999237060547,41263000
2019-03-21,24.80962562561035,29.68000030517578,29.937000274658203,29.100000381469727,29.187999725341797,27379000
2019-03-22,24.462724685668945,29.264999389648438,29.643999099731445,29.139999389648438,29.591999053955078,23307000
2019-03-25,24.421764373779297,29.215999603271484,29.417999267578125,28.899999618530273,29.219999313354492,23878000
2019-03-26,24.8288516998291,29.702999114990234,29.94700050354004,29.42300033569336,29.437000274658203,28009000
2019-03-27,24.740243911743164,29.597000122070312,29.868000030517578,29.246000289916992,29.756999969482422,21862000
2019-03-28,24.999378204345703,29.906999588012695,30.329999923706055,29.566999435424805,29.711000442504883,33030000
2019-03-29,25.136463165283203,30.070999145507812,30.267000198364258,29.827999114990234,30.121999740600586,24493000
2019-04-01,25.56110382080078,30.57900047302246,30.674999237060547,29.975000381469727,30.31100082397461,27040000
2019-04-02,25.332073211669922,30.30500030517578,30.735000610351562,30.26099967956543,30.615999221801758,22857000
2019-04-03,25.428194046020508,30.420000076293945,30.739999771118164,30.18199920654297,30.621999740600586,22266000
2019-04-04,25.24429702758789,30.200000762939453,30.600000381469727,30.16699981689453,30.475000381469727,15228000
2019-04-05,25.43488311767578,30.42799949645996,30.444000244140625,30.18000030517578,30.399999618530273,18875000
2019-04-08,25.451595306396484,30.447999954223633,30.530000686645508,30.200000762939453,30.413999557495117,13899000
2019-04-09,25.36549949645996,30.344999313354492,30.410999298095703,30.02899932861328,30.257999420166016,11621000
2019-04-10,25.704879760742188,30.750999450683594,30.777000427246094,30.299999237060547,30.360000610351562,14992000
2019-04-11,25.86370277404785,30.94099998474121,31.018999099731445,30.62299919128418,30.815000534057617,16669000
2019-04-12,26.50065803527832,31.702999114990234,31.743999481201172,31.05699920654297,31.135000228881836,30087000
2019-04-15,26.447996139526367,31.639999389648438,31.75200080871582,31.316999435424805,31.702999114990234,16216000
2019-04-16,26.62353515625,31.850000381469727,32.000999450683594,31.610000610351562,32.0,21116000
2019-04-17,26.79322624206543,32.053001403808594,32.09400177001953,31.784000396728516,32.02399826049805,18138000
2019-04-18,26.633569717407227,31.86199951171875,32.244998931884766,31.81599998474121,32.104000091552734,26548000
2019-04-22,26.33097267150879,31.5,31.788999557495117,31.420000076293945,31.73200035095215,13504000
2019-04-23,26.384471893310547,31.56399917602539,31.80900001525879,31.41900062561035,31.676000595092773,19777000
2019-04-24,26.274965286254883,31.433000564575195,31.701000213623047,31.319000244140625,31.45800018310547,23335000
2019-04-25,26.065153121948242,31.18199920654297,31.295000076293945,30.656999588012695,31.295000076293945,26732000
2019-04-26,25.947290420532227,31.041000366210938,31.094999313354492,30.51099967956543,30.915000915527344,16404000
2019-04-29,26.140380859375,31.27199935913086,31.466999053955078,31.04400062561035,31.124000549316406,13404000
2019-04-30,26.61517906188965,31.84000015258789,31.841999053955078,31.253000259399414,31.332000732421875,18953000
2019-05-01,26.65697479248047,31.889999389648438,32.31999969482422,31.868999481201172,32.04999923706055,18158000
2019-05-02,26.39951515197754,31.582000732421875,32.21900177001953,31.42300033569336,31.99799919128418,20428000
2019-05-03,26.39031982421875,31.570999145507812,31.665000915527344,31.069000244140625,31.4950008392334,19214000
2019-05-06,26.044260025024414,31.156999588012695,31.19300079345703,30.53499984741211,30.679000854492188,14371000
2019-05-07,25.68648910522461,30.729000091552734,30.961999893188477,30.37299919128418,30.864999771118164,21734000
2019-05-08,25.36048698425293,30.339000701904297,30.766000747680664,30.31100082397461,30.530000686645508,15099000
2019-05-09,25.416492462158203,30.4060001373291,30.584999084472656,29.684999465942383,30.0,22282000
2019-05-10,25.408132553100586,30.395999908447266,30.540000915527344,29.666000366210938,30.322999954223633,21025000
2019-05-13,24.523746490478516,29.33799934387207,29.56800079345703,28.81999969482422,29.381999969482422,37864000
2019-05-14,25.24429702758789,30.200000762939453,30.459999084472656,29.54800033569336,29.569000244140625,34277000
2019-05-15,25.442401885986328,30.437000274658203,30.777000427246094,29.861000061035156,30.027000427246094,18166000
2019-05-16,24.850584030151367,29.729000091552734,30.309999465942383,29.469999313354492,29.975000381469727,34233000
2019-05-17,24.232017517089844,28.98900032043457,29.35700035095215,28.840999603271484,29.277999877929688,39094000
2019-05-20,22.785903930664062,27.259000778198242,27.9950008392334,26.86400032043457,27.799999237060547,65162000
2019-05-21,23.01494026184082,27.533000946044922,27.97800064086914,27.46500015258789,27.708999633789062,25060000
2019-05-22,22.50420379638672,26.922000885009766,27.506000518798828,26.89699935913086,27.04800033569336,31809000
2019-05-23,21.74102020263672,26.009000778198242,26.548999786376953,25.816999435424805,26.45800018310547,46607000
2019-05-24,21.394126892089844,25.5939998626709,26.573999404907227,25.573999404907227,26.270000457763672,27963000
2019-05-28,21.272085189819336,25.447999954223633,25.773000717163086,25.009000778198242,25.656999588012695,61965000
2019-05-29,21.241989135742188,25.41200065612793,25.636999130249023,25.158000946044922,25.27400016784668,28132000
2019-05-30,21.450963973999023,25.66200065612793,25.733999252319336,25.41200065612793,25.465999603271484,17310000
2019-05-31,21.034683227539062,25.163999557495117,25.573999404907227,25.100000381469727,25.304000854492188,22192000
2019-06-03,21.163415908813477,25.31800079345703,25.83300018310547,25.1200008392334,25.2549991607666,28911000
2019-06-04,22.20996856689453,26.56999969482422,26.600000381469727,25.576000213623047,25.695999145507812,36805000
2019-06-05,22.21163558959961,26.57200050354004,27.150999069213867,26.239999771118164,26.900999069213867,23651000
2019-06-06,22.802621841430664,27.27899932861328,27.5,26.527999877929688,26.70199966430664,32687000
2019-06-07,22.976484298706055,27.48699951171875,27.78700065612793,27.327999114990234,27.47800064086914,25963000
2019-06-10,23.42286491394043,28.020999908447266,28.476999282836914,27.672000885009766,27.67300033569336,23280000
2019-06-11,23.69620132446289,28.347999572753906,29.174999237060547,27.94099998474121,29.048999786376953,37105000
2019-06-12,23.382736206054688,27.972999572753906,28.31599998474121,27.740999221801758,28.16699981689453,27057000
2019-06-13,23.53989028930664,28.160999298095703,28.288999557495117,27.740999221801758,28.152000427246094,37735000
2019-06-14,22.22919273376465,26.593000411987305,26.80900001525879,25.746999740600586,25.81100082397461,100797000
2019-06-17,22.23253631591797,26.597000122070312,26.8700008392334,26.134000778198242,26.483999252319336,35785000
2019-06-18,23.2423095703125,27.80500030517578,28.302000045776367,26.645999908447266,26.815000534057617,54920000
2019-06-19,23.19549560546875,27.749000549316406,27.906999588012695,27.371000289916992,27.878000259399414,28920000
2019-06-20,23.325899124145508,27.905000686645508,28.545000076293945,27.715999603271484,28.250999450683594,57291000
2019-06-21,23.12251091003418,27.39900016784668,28.100000381469727,27.395999908447266,27.660999298095703,45399000
2019-06-24,23.562196731567383,27.920000076293945,27.94499969482422,27.5,27.552000045776367,20506000
2019-06-25,23.335176467895508,27.650999069213867,28.288000106811523,27.601999282836914,27.916000366210938,24436000
2019-06-26,23.751232147216797,28.143999099731445,28.402999877929688,27.809999465942383,27.857999801635742,24774000
2019-06-27,24.111589431762695,28.570999145507812,28.844999313354492,28.222999572753906,28.292999267578125,21813000
2019-06-28,24.293027877807617,28.785999298095703,28.93000030517578,28.48200035095215,28.785999298095703,49265000
2019-07-01,25.347084045410156,30.03499984741211,30.575000762939453,29.632999420166016,30.167999267578125,44832000
2019-07-02,24.923437118530273,29.533000946044922,30.066999435424805,29.389999389648438,29.88800048828125,19011000
2019-07-03,24.042388916015625,28.48900032043457,28.878000259399414,28.302000045776367,28.3700008392334,49411000
2019-07-05,23.85419273376465,28.266000747680664,28.54400062561035,28.19700050354004,28.364999771118164,24565000
2019-07-08,23.204374313354492,27.496000289916992,28.118999481201172,27.43899917602539,28.0,34291000
2019-07-09,23.25247573852539,27.55299949645996,27.597999572753906,27.240999221801758,27.344999313354492,26131000
2019-07-10,23.165552139282227,27.450000762939453,27.8799991607666,27.399999618530273,27.785999298095703,30134000
2019-07-11,23.29720687866211,27.606000900268555,27.7450008392334,27.295000076293945,27.52400016784668,20712000
2019-07-12,24.084577560424805,28.538999557495117,28.593000411987305,27.63800048828125,27.63800048828125,21971000
2019-07-15,24.333532333374023,28.833999633789062,29.448999404907227,28.726999282836914,29.110000610351562,30334000
2019-07-16,23.978248596191406,28.413000106811523,28.77899932861328,28.23900032043457,28.698999404907227,14617000
2019-07-17,24.058420181274414,28.507999420166016,28.729000091552734,28.319000244140625,28.555999755859375,15453000
2019-07-18,24.455060958862305,28.97800064086914,29.030000686645508,28.3799991607666,28.618000030517578,19357000
2019-07-19,24.473630905151367,29.0,29.31599998474121,28.952999114990234,29.183000564575195,22047000
2019-07-22,24.99263572692871,29.614999771118164,29.999000549316406,29.224000930786133,29.299999237060547,33905000
2019-07-23,25.383373260498047,30.077999114990234,30.236000061035156,29.92099952697754,29.950000762939453,19692000
2019-07-24,25.635704040527344,30.37700080871582,30.488000869750977,30.049999237060547,30.1200008392334,19006000
2019-07-25,25.350454330444336,30.038999557495117,30.21299934387207,29.940000534057617,30.21299934387207,15741000
2019-07-26,25.39518165588379,30.091999053955078,30.302000045776367,30.05299949645996,30.159000396728516,14996000
2019-07-29,25.464385986328125,30.173999786376953,30.2549991607666,29.695999145507812,30.12299919128418,12068000
2019-07-30,25.280414581298828,29.95599937438965,30.093000411987305,29.709999084472656,29.909000396728516,11164000
2019-07-31,24.472782135009766,28.999000549316406,30.08300018310547,28.66699981689453,30.003000259399414,20819000
2019-08-01,24.080364227294922,28.534000396728516,29.781999588012695,28.23200035095215,28.913000106811523,21911000
2019-08-02,23.50564956665039,27.85300064086914,28.384000778198242,27.590999603271484,28.207000732421875,20080000
2019-08-05,22.588315963745117,26.766000747680664,27.224000930786133,26.408000946044922,27.19499969482422,27765000
2019-08-06,22.485355377197266,26.643999099731445,27.218000411987305,26.45599937438965,27.01300048828125,22199000
2019-08-07,22.790008544921875,27.0049991607666,27.27199935913086,26.299999237060547,26.402999877929688,22244000
2019-08-08,22.868492126464844,27.097999572753906,27.256000518798828,26.25,27.038000106811523,29163000
2019-08-09,23.269357681274414,27.572999954223633,28.05500030517578,26.95800018310547,26.95800018310547,30735000
2019-08-12,23.261760711669922,27.56399917602539,27.820999145507812,27.253999710083008,27.33799934387207,20040000
2019-08-13,23.94195556640625,28.3700008392334,28.549999237060547,27.202999114990234,27.530000686645508,22340000
2019-08-14,22.917438507080078,27.1560001373291,28.014999389648438,27.038000106811523,27.878999710083008,27108000
2019-08-15,22.671022415161133,26.86400032043457,27.277999877929688,26.485000610351562,27.200000762939453,20010000
2019-08-16,23.10478973388672,27.378000259399414,27.575000762939453,27.197999954223633,27.21500015258789,17458000
2019-08-19,23.526750564575195,27.878000259399414,28.006999969482422,27.56100082397461,27.950000762939453,17489000
2019-08-20,23.660932540893555,28.03700065612793,28.496000289916992,27.701000213623047,27.81599998474121,17920000
2019-08-21,24.26264762878418,28.75,28.826000213623047,28.405000686645508,28.464000701904297,19381000
2019-08-22,24.27277374267578,28.761999130249023,28.94099998474121,28.454999923706055,28.839000701904297,12294000
2019-08-23,22.96554183959961,27.21299934387207,28.54800033569336,27.104999542236328,28.39900016784668,25742000
2019-08-26,23.395097732543945,27.722000122070312,27.795000076293945,27.5,27.69499969482422,14249000
2019-08-27,23.255849838256836,27.55699920654297,28.02199935913086,27.490999221801758,27.915000915527344,14298000
2019-08-28,23.29720687866211,27.606000900268555,27.641000747680664,27.047000885009766,27.433000564575195,17202000
2019-08-29,23.914113998413086,28.336999893188477,28.548999786376953,28.104999542236328,28.14900016784668,16429000
2019-08-30,23.85250473022461,28.263999938964844,28.59000015258789,27.989999771118164,28.535999298095703,16720000
2019-09-03,23.127573013305664,27.405000686645508,28.084999084472656,27.093000411987305,28.0,22210000
2019-09-04,23.884571075439453,28.302000045776367,28.434999465942383,27.81999969482422,27.878999710083008,19865000
2019-09-05,24.55970573425293,29.101999282836914,29.368000030517578,28.836000442504883,28.836000442504883,20938000
2019-09-06,24.634815216064453,29.19099998474121,29.329999923706055,28.93000030517578,29.184999465942383,13748000
2019-09-09,24.693885803222656,29.26099967956543,29.719999313354492,29.040000915527344,29.5,21686000
2019-09-10,24.84832763671875,29.444000244140625,29.44499969482422,28.881999969482422,29.135000228881836,20850000
2019-09-11,25.149600982666016,29.801000595092773,29.878000259399414,29.454999923706055,29.631999969482422,19260000
2019-09-12,25.366491317749023,30.058000564575195,30.232999801635742,29.64699935913086,30.14299964904785,33109000
2019-09-13,24.50063133239746,29.031999588012695,29.798999786376953,28.388999938964844,29.764999389648438,62557000
2019-09-16,24.360538482666016,28.865999221801758,29.027000427246094,28.56999969482422,28.68000030517578,22176000
2019-09-17,24.374889373779297,28.882999420166016,28.93000030517578,28.375,28.802000045776367,21912000
2019-09-18,24.282901763916016,28.77400016784668,29.076000213623047,28.38800048828125,28.849000930786133,16510000
2019-09-19,24.52763557434082,29.06399917602539,29.19499969482422,28.722999572753906,28.850000381469727,19421000
2019-09-20,24.209959030151367,28.426000595092773,28.84000015258789,28.18199920654297,28.767000198364258,35524000
2019-09-23,24.312162399291992,28.54599952697754,28.715999603271484,28.20800018310547,28.36199951171875,14850000
2019-09-24,24.04388427734375,28.231000900268555,28.889999389648438,27.975000381469727,28.73200035095215,20292000
2019-09-25,23.48688316345215,27.57699966430664,27.72100067138672,27.0,27.174999237060547,55588000
2019-09-26,23.583969116210938,27.69099998474121,27.865999221801758,27.26799964904785,27.525999069213867,27477000
2019-09-27,23.34805679321289,27.413999557495117,28.128000259399414,27.29599952697754,27.663000106811523,28660000
2019-09-30,23.51243019104004,27.60700035095215,27.672000885009766,27.25,27.57900047302246,19826000
2019-10-01,23.408525466918945,27.485000610351562,27.96500015258789,27.33799934387207,27.82699966430664,19429000
2019-10-02,23.001419067382812,27.006999969482422,27.3799991607666,26.832000732421875,27.34600067138672,19543000
2019-10-03,23.37275505065918,27.44300079345703,27.450000762939453,26.722000122070312,27.0,17096000
2019-10-04,23.968935012817383,28.14299964904785,28.170000076293945,27.520000457763672,27.849000930786133,25884000
2019-10-07,23.51327896118164,27.607999801635742,28.101999282836914,27.56999969482422,28.000999450683594,18658000
2019-10-08,23.02356719970703,27.033000946044922,27.489999771118164,26.891000747680664,27.4060001373291,22757000
2019-10-09,23.26374053955078,27.315000534057617,27.490999221801758,27.20199966430664,27.368000030517578,16329000
2019-10-10,23.37445640563965,27.44499969482422,27.878000259399414,27.364999771118164,27.45599937438965,17340000
2019-10-11,23.924644470214844,28.090999603271484,28.408000946044922,27.909000396728516,27.948999404907227,23697000
2019-10-14,23.988521575927734,28.166000366210938,28.264999389648438,27.988000869750977,28.04199981689453,13312000
2019-10-15,24.726078033447266,29.031999588012695,29.062000274658203,28.219999313354492,28.263999938964844,21230000
2019-10-16,24.56937026977539,28.847999572753906,29.010000228881836,28.65399932861328,28.899999618530273,20046000
2019-10-17,24.65028190612793,28.94300079345703,29.17099952697754,28.832000732421875,29.013999938964844,13125000
2019-10-18,24.420324325561523,28.67300033569336,28.993999481201172,28.399999618530273,28.950000762939453,16981000
2019-10-21,24.66220474243164,28.957000732421875,29.190000534057617,28.70599937438965,28.8439998626709,13031000
2019-10-22,24.48249626159668,28.746000289916992,29.086000442504883,28.724000930786133,28.958999633789062,13046000
2019-10-23,23.87439727783203,28.031999588012695,28.354000091552734,27.875999450683594,28.29599952697754,20957000
2019-10-24,24.04388427734375,28.231000900268555,28.350000381469727,27.8700008392334,28.288999557495117,16896000
2019-10-25,24.683488845825195,28.98200035095215,29.136999130249023,28.32200050354004,28.326000213623047,20869000
2019-10-28,24.83083724975586,29.155000686645508,29.24799919128418,28.832000732421875,29.115999221801758,12999000
2019-10-29,24.542112350463867,28.81599998474121,29.3700008392334,28.80699920654297,29.22800064086914,13272000
2019-10-30,24.71926498413086,29.02400016784668,29.097000122070312,28.652000427246094,29.000999450683594,17281000
2019-10-31,24.94155502319336,29.28499984741211,29.408000946044922,28.780000686645508,28.979999542236328,27881000
2019-11-01,25.260086059570312,29.659000396728516,29.659000396728516,29.208999633789062,29.298999786376953,21234000
2019-11-04,25.976350784301758,30.5,30.54599952697754,29.90999984741211,29.95199966430664,34075000
2019-11-05,26.746273040771484,31.40399932861328,31.67799949645996,30.44700050354004,30.5,38711000
2019-11-06,26.671321868896484,31.31599998474121,31.42799949645996,30.871000289916992,31.20599937438965,18076000
2019-11-07,26.550384521484375,31.173999786376953,31.950000762939453,31.065000534057617,31.558000564575195,23981000
2019-11-08,26.69261360168457,31.340999603271484,31.360000610351562,30.51300048828125,30.98699951171875,17830000
2019-11-11,26.63640022277832,31.274999618530273,31.323999404907227,31.083999633789062,31.1200008392334,9154000
2019-11-12,26.873170852661133,31.55299949645996,31.639999389648438,31.326000213623047,31.399999618530273,16875000
2019-11-13,26.71475601196289,31.367000579833984,31.570999145507812,31.200000762939453,31.24799919128418,12625000
2019-11-14,26.314468383789062,30.89699935913086,31.18400001525879,30.611000061035156,31.075000762939453,17268000
2019-11-15,26.6500301361084,31.291000366210938,31.305999755859375,31.007999420166016,31.226999282836914,18120000
2019-11-18,26.493324279785156,31.10700035095215,31.340999603271484,30.80299949645996,31.18199920654297,15850000
2019-11-19,27.057992935180664,31.770000457763672,32.56700134277344,31.665000915527344,31.665000915527344,31743000
2019-11-20,26.544418334960938,31.16699981689453,31.683000564575195,30.899999618530273,31.59000015258789,19927000
2019-11-21,26.849323272705078,31.524999618530273,31.56999969482422,30.979999542236328,31.11400032043457,19317000
2019-11-22,26.82122230529785,31.492000579833984,31.947999954223633,31.371000289916992,31.663999557495117,13216000
2019-11-25,27.221506118774414,31.961999893188477,32.018001556396484,31.62700080871582,31.660999298095703,19636000
2019-11-26,26.936199188232422,31.62700080871582,32.018001556396484,31.604999542236328,31.899999618530273,30793000
2019-11-27,27.12101173400879,31.8439998626709,31.993999481201172,31.64699935913086,31.79400062561035,20182000
2019-11-29,26.93108558654785,31.621000289916992,31.77899932861328,31.5,31.684999465942383,9229000
2019-12-02,26.463512420654297,31.07200050354004,31.792999267578125,31.055999755859375,31.77199935913086,23158000
2019-12-03,26.10580825805664,30.652000427246094,30.899999618530273,30.312999725341797,30.582000732421875,18736000
2019-12-04,26.378345489501953,30.972000122070312,31.136999130249023,30.71299934387207,30.975000381469727,14439000
2019-12-05,26.503541946411133,31.118999481201172,31.246000289916992,30.9060001373291,31.05900001525879,15494000
2019-12-06,26.91745948791504,31.604999542236328,31.634000778198242,31.20599937438965,31.464000701904297,16937000
2019-12-09,26.775236129760742,31.437999725341797,31.71500015258789,31.393999099731445,31.600000381469727,24694000
2019-12-10,26.83314323425293,31.506000518798828,31.590999603271484,31.325000762939453,31.510000228881836,14563000
2019-12-11,27.23002815246582,31.972000122070312,32.1349983215332,31.51799964904785,31.51799964904785,20829000
2019-12-12,27.91818618774414,32.779998779296875,33.01599884033203,31.94300079345703,31.972999572753906,38935000
2019-12-13,26.863805770874023,31.54199981689453,31.976999282836914,31.062000274658203,31.805999755859375,70952000
2019-12-16,27.52045440673828,32.3129997253418,32.7599983215332,31.753000259399414,31.797000885009766,37921000
2019-12-17,27.577516555786133,32.380001068115234,32.494998931884766,32.17499923706055,32.374000549316406,20248000
2019-12-18,27.887529373168945,32.74399948120117,33.119998931884766,32.35499954223633,32.439998626708984,35155000
2019-12-19,27.603069305419922,32.40999984741211,32.92599868774414,32.37099838256836,32.92100143432617,31787000
2019-12-20,27.44390869140625,31.899999618530273,32.24700164794922,31.69099998474121,32.24700164794922,50540000
2019-12-23,27.489505767822266,31.952999114990234,32.233001708984375,31.76099967956543,32.05400085449219,20254000
2019-12-24,27.572954177856445,32.04999923706055,32.06800079345703,31.900999069213867,32.0,7024000
2019-12-26,27.356155395507812,31.79800033569336,32.17399978637695,31.68199920654297,32.12699890136719,15848000
2019-12-27,27.23141098022461,31.652999877929688,31.934999465942383,31.52199935913086,31.93000030517578,14487000
2019-12-30,26.967296600341797,31.34600067138672,31.732999801635742,31.274999618530273,31.652000427246094,13104000
2019-12-31,27.187536239624023,31.601999282836914,31.63599967956543,31.280000686645508,31.312000274658203,12487000
2020-01-02,27.735557556152344,32.23899841308594,32.25,31.73200035095215,31.93199920654297,20329000
2020-01-03,27.030101776123047,31.41900062561035,32.0,31.408000946044922,31.750999450683594,22870000
2020-01-06,26.989667892456055,31.371999740600586,31.392000198364258,30.96299934387207,31.084999084472656,20789000
2020-01-07,26.89674949645996,31.263999938964844,31.658000946044922,31.225000381469727,31.524999618530273,18565000
2020-01-08,26.561229705810547,30.874000549316406,31.349000930786133,30.840999603271484,31.29800033569336,31979000
2020-01-09,26.347869873046875,30.625999450683594,31.298999786376953,30.30500030517578,31.23200035095215,42397000
2020-01-10,25.742212295532227,29.922000885009766,30.55500030517578,29.8799991607666,30.545000076293945,40705000
2020-01-13,25.910839080810547,30.118000030517578,30.3799991607666,29.966999053955078,30.00200080871582,22054000
2020-01-14,26.513057708740234,30.81800079345703,30.915000915527344,30.159000396728516,30.200000762939453,28911000
2020-01-15,26.07945442199707,30.31399917602539,30.788000106811523,30.06999969482422,30.731000900268555,22733000
2020-01-16,26.41584014892578,30.704999923706055,30.785999298095703,30.42099952697754,30.5,21508000
2020-01-17,26.565532684326172,30.878999710083008,30.893999099731445,30.406999588012695,30.865999221801758,26896000
2020-01-21,26.50358772277832,30.80699920654297,30.951000213623047,30.632999420166016,30.780000686645508,21967000
2020-01-22,26.925146102905273,31.297000885009766,31.79199981689453,31.049999237060547,31.079999923706055,29264000
2020-01-23,27.49982452392578,31.96500015258789,31.979999542236328,31.082000732421875,31.51799964904785,30266000
2020-01-24,27.874065399169922,32.400001525878906,33.15800094604492,32.07699966430664,33.04999923706055,55782000
2020-01-27,26.586179733276367,30.902999877929688,31.988000869750977,30.86400032043457,31.641000747680664,38843000
2020-01-28,27.384544372558594,31.83099937438965,31.92300033569336,31.277000427246094,31.35300064086914,23166000
2020-01-29,27.315723419189453,31.750999450683594,32.542999267578125,31.714000701904297,32.082000732421875,23668000
2020-01-30,27.116992950439453,31.520000457763672,31.552000045776367,30.858999252319336,31.43199920654297,21128000
2020-01-31,26.253238677978516,30.516000747680664,31.45800018310547,30.36199951171875,31.416000366210938,22123000
2020-02-03,26.259258270263672,30.523000717163086,30.65999984741211,30.36400032043457,30.562999725341797,21288000
2020-02-04,26.807281494140625,31.15999984741211,31.457000732421875,30.96500015258789,31.179000854492188,22559000
2020-02-05,27.304536819458008,31.738000869750977,31.981000900268555,31.586000442504883,31.75,24825000
2020-02-06,27.50326919555664,31.9689998626709,31.988000869750977,31.42300033569336,31.884000778198242,22683000
2020-02-07,27.119571685791016,31.523000717163086,31.851999282836914,31.48699951171875,31.832000732421875,15883000
2020-02-10,27.03095817565918,31.420000076293945,31.459999084472656,31.030000686645508,31.23699951171875,19218000
2020-02-11,27.543703079223633,32.01599884033203,32.07899856567383,31.60099983215332,31.665000915527344,15527000
2020-02-12,27.934289932250977,32.470001220703125,32.50899887084961,32.16299819946289,32.20399856567383,15310000
2020-02-13,27.87148094177246,32.39699935913086,32.54600143432617,32.095001220703125,32.14799880981445,13857000
2020-02-14,27.338088989257812,31.777000427246094,32.56999969482422,31.709999084472656,32.48400115966797,19137000
2020-02-18,26.734155654907227,31.075000762939453,31.500999450683594,30.80500030517578,31.5,26693000
2020-02-19,27.15914535522461,31.569000244140625,31.683000564575195,31.170000076293945,31.299999237060547,20525000
2020-02-20,26.604244232177734,30.923999786376953,31.569000244140625,30.61199951171875,31.395999908447266,25521000
2020-02-21,26.19645881652832,30.450000762939453,30.94499969482422,30.229000091552734,30.850000381469727,24522000
2020-02-24,25.086654663085938,29.15999984741211,29.8799991607666,29.006000518798828,29.420000076293945,36849000
2020-02-25,24.319257736206055,28.26799964904785,29.572999954223633,28.10700035095215,29.410999298095703,31892000
2020-02-26,24.59455680847168,28.58799934387207,28.81999969482422,28.399999618530273,28.434999465942383,23074000
2020-02-27,23.56821060180664,27.395000457763672,28.5310001373291,27.354000091552734,28.030000686645508,34837000
2020-02-28,23.45378875732422,27.261999130249023,27.413000106811523,26.27400016784668,26.33300018310547,44586000
2020-03-02,24.51626968383789,28.496999740600586,28.540000915527344,27.114999771118164,27.676000595092773,31976000
2020-03-03,23.594018936157227,27.424999237060547,28.847999572753906,27.156999588012695,28.46500015258789,29930000
2020-03-04,24.557565689086914,28.545000076293945,28.57200050354004,27.476999282836914,27.753999710083008,23477000
2020-03-05,23.57595443725586,27.40399932861328,28.30900001525879,27.2450008392334,27.72599983215332,24374000
2020-03-06,23.181074142456055,26.94499969482422,27.093000411987305,26.25,26.697999954223633,30169000
2020-03-09,21.311609268188477,24.77199935913086,26.027000427246094,24.424999237060547,25.107999801635742,43934000
2020-03-10,22.617570877075195,26.290000915527344,26.368000030517578,24.34000015258789,25.659000396728516,55071000
2020-03-11,21.161062240600586,24.597000122070312,25.64900016784668,24.249000549316406,25.38800048828125,36030000
2020-03-12,18.821876525878906,21.878000259399414,24.275999069213867,21.631999969482422,22.698999404907227,64281000
2020-03-13,20.150197982788086,23.422000885009766,23.44700050354004,20.115999221801758,22.551000595092773,84714000
2020-03-16,16.13770866394043,18.757999420166016,21.8799991607666,18.023000717163086,20.81800079345703,76935000
2020-03-17,17.164060592651367,19.951000213623047,20.000999450683594,18.148000717163086,19.18199920654297,70662000
2020-03-18,14.442035675048828,16.78700065612793,18.74799919128418,15.567000389099121,18.56599998474121,98993000
2020-03-19,16.728740692138672,19.44499969482422,20.746999740600586,16.5,16.763999938964844,74438000
2020-03-20,16.817983627319336,19.222000122070312,20.868000030517578,18.791000366210938,20.200000762939453,74044000
2020-03-23,16.927349090576172,19.347000122070312,19.597000122070312,17.774999618530273,19.288000106811523,46921000
2020-03-24,18.615097045898438,21.275999069213867,21.871000289916992,20.128999710083008,20.56399917602539,62970000
2020-03-25,19.034194946289062,21.7549991607666,24.399999618530273,20.922000885009766,21.2189998626709,64442000
2020-03-26,21.27577018737793,24.316999435424805,24.479999542236328,22.60300064086914,22.60300064086914,60213000
2020-03-27,20.18385124206543,23.069000244140625,24.208999633789062,23.0,23.299999237060547,39448000
2020-03-30,21.008041381835938,24.01099967956543,24.13599967956543,22.8439998626709,23.219999313354492,52343000
2020-03-31,20.74468421936035,23.709999084472656,25.270999908447266,23.606000900268555,23.799999237060547,50191000
2020-04-01,19.56614875793457,22.363000869750977,23.44099998474121,21.968000411987305,22.798999786376953,41858000
2020-04-02,20.74118995666504,23.70599937438965,23.795000076293945,22.145000457763672,22.239999771118164,45049000
2020-04-03,20.496206283569336,23.426000595092773,24.2549991607666,23.05500030517578,23.663999557495117,28960000
2020-04-06,22.08683204650879,25.243999481201172,25.340999603271484,24.356000900268555,24.45800018310547,38868000
2020-04-07,22.159460067749023,25.32699966430664,26.549999237060547,25.253000259399414,26.18400001525879,45892000
2020-04-08,22.844532012939453,26.110000610351562,26.219999313354492,25.36400032043457,25.677000045776367,27565000
2020-04-09,22.249574661254883,25.43000030517578,26.75,25.131000518798828,26.57900047302246,34828000
2020-04-13,22.741289138793945,25.992000579833984,26.152000427246094,25.280000686645508,25.350000381469727,25729000
2020-04-14,23.415861129760742,26.76300048828125,26.83799934387207,26.23200035095215,26.61199951171875,23094000
2020-04-15,22.52429962158203,25.743999481201172,26.23200035095215,25.615999221801758,26.100000381469727,25926000
2020-04-16,22.598669052124023,25.82900047302246,26.176000595092773,25.410999298095703,26.176000595092773,26896000
2020-04-17,23.262744903564453,26.58799934387207,26.743000030517578,25.893999099731445,26.32200050354004,34089000
2020-04-20,22.59780502319336,25.827999114990234,26.525999069213867,25.791000366210938,26.0,23801000
2020-04-21,21.667743682861328,24.764999389648438,25.479000091552734,24.68000030517578,25.45599937438965,29138000
2020-04-22,22.74566078186035,25.996999740600586,26.222000122070312,25.073999404907227,25.476999282836914,35438000
2020-04-23,22.654672622680664,25.89299964904785,26.520000457763672,25.851999282836914,26.024999618530273,21659000
2020-04-24,23.169130325317383,26.481000900268555,26.506999969482422,25.88800048828125,25.981000900268555,23373000
2020-04-27,23.48760414123535,26.844999313354492,27.121999740600586,26.434999465942383,26.434999465942383,16588000
2020-04-28,23.16213035583496,26.472999572753906,27.641000747680664,26.41200065612793,27.423999786376953,18988000
2020-04-29,24.14993667602539,27.601999282836914,27.698999404907227,26.92300033569336,27.107999801635742,28871000
2020-04-30,23.764963150024414,27.16200065612793,27.405000686645508,26.8799991607666,27.35300064086914,23379000
2020-05-01,22.72203826904297,25.969999313354492,26.78499984741211,25.81999969482422,26.600000381469727,26836000
2020-05-04,22.946016311645508,26.22599983215332,26.243000030517578,25.531999588012695,25.92099952697754,17046000
2020-05-05,23.17437744140625,26.48699951171875,26.893999099731445,26.371000289916992,26.655000686645508,26462000
2020-05-06,23.114009857177734,26.417999267578125,27.04800033569336,26.36199951171875,26.83300018310547,22727000
2020-05-07,23.426355361938477,26.774999618530273,27.047000885009766,26.600000381469727,27.0,18238000
2020-05-08,24.063312530517578,27.503000259399414,27.55500030517578,27.003000259399414,27.219999313354492,16757000
2020-05-11,24.095685958862305,27.540000915527344,27.673999786376953,27.174999237060547,27.336999893188477,20851000
2020-05-12,23.48760414123535,26.844999313354492,27.77199935913086,26.82200050354004,27.658000946044922,18764000
2020-05-13,23.02389144897461,26.315000534057617,27.033000946044922,25.93600082397461,27.006999969482422,21927000
2020-05-14,23.325740814208984,26.65999984741211,26.69499969482422,25.475000381469727,26.09600067138672,19912000
2020-05-15,22.784156799316406,26.041000366210938,26.4060001373291,25.677000045776367,25.941999435424805,21650000
2020-05-18,23.93207550048828,27.35300064086914,27.67300033569336,26.799999237060547,26.86199951171875,26531000
2020-05-19,23.7938289642334,27.19499969482422,27.60300064086914,27.160999298095703,27.35300064086914,18702000
2020-05-20,24.382665634155273,27.868000030517578,28.131000518798828,27.607999801635742,27.69700050354004,18605000
2020-05-21,24.04318618774414,27.479999542236328,27.950000762939453,27.46500015258789,27.892000198364258,14847000
2020-05-22,24.205053329467773,27.665000915527344,27.725000381469727,27.051000595092773,27.374000549316406,17452000
2020-05-26,24.67488670349121,28.20199966430664,28.708999633789062,28.138999938964844,28.5,23573000
2020-05-27,25.162229537963867,28.759000778198242,28.780000686645508,28.0,28.302000045776367,22812000
2020-05-28,24.772884368896484,28.31399917602539,28.93000030517578,28.243000030517578,28.5,18543000
2020-05-29,25.48419952392578,29.12700080871582,29.200000762939453,28.19099998474121,28.290000915527344,27300000
2020-06-01,25.37221336364746,28.999000549316406,29.110000610351562,28.73699951171875,29.04199981689453,18444000
2020-06-02,26.078283309936523,29.805999755859375,29.832000732421875,29.009000778198242,29.10300064086914,31847000
2020-06-03,27.08183479309082,30.952999114990234,31.084999084472656,30.051000595092773,30.104999542236328,31926000
2020-06-04,27.025836944580078,30.888999938964844,31.299999237060547,30.209999084472656,30.575000762939453,34997000
2020-06-05,27.74241065979004,31.70800018310547,32.81100082397461,31.509000778198242,31.969999313354492,50958000
2020-06-08,27.780914306640625,31.75200080871582,31.884000778198242,31.336000442504883,31.75,23916000
2020-06-09,27.588420867919922,31.531999588012695,31.88800048828125,31.156999588012695,31.200000762939453,22335000
2020-06-10,27.563920974731445,31.503999710083008,31.92099952697754,31.469999313354492,31.665000915527344,25914000
2020-06-11,25.701189041137695,29.375,30.854999542236328,29.34000015258789,30.761999130249023,45115000
2020-06-12,26.2698974609375,30.024999618530273,30.395000457763672,29.273000717163086,30.281999588012695,39439000
2020-06-15,26.605871200561523,30.409000396728516,30.674999237060547,29.240999221801758,29.5,29824000
2020-06-16,27.18595314025879,31.07200050354004,31.454999923706055,30.399999618530273,31.0,30387000
2020-06-17,27.42393684387207,31.3439998626709,31.67099952697754,31.179000854492188,31.341999053955078,20279000
2020-06-18,27.885021209716797,31.871000289916992,31.91200065612793,31.152000427246094,31.211999893188477,33625000
2020-06-19,26.76329231262207,30.277000427246094,31.809999465942383,30.277000427246094,31.76799964904785,58465000
2020-06-22,27.715309143066406,31.354000091552734,31.417999267578125,30.35300064086914,30.549999237060547,27195000
2020-06-23,27.517301559448242,31.1299991607666,31.743999481201172,31.128999710083008,31.506000518798828,22419000
2020-06-24,27.13455581665039,30.69700050354004,31.097000122070312,30.451000213623047,30.920000076293945,19096000
2020-06-25,27.300735473632812,30.885000228881836,30.947999954223633,30.299999237060547,30.606000900268555,15029000
2020-06-26,27.173442840576172,30.740999221801758,31.577999114990234,30.315000534057617,31.35700035095215,31425000
2020-06-29,27.382944107055664,30.97800064086914,31.041000366210938,30.44499969482422,30.80699920654297,14516000
2020-06-30,27.898283004760742,31.56100082397461,31.707000732421875,30.674999237060547,30.9950008392334,25125000
2020-07-01,27.64370346069336,31.273000717163086,31.684999465942383,31.194000244140625,31.51099967956543,15661000
2020-07-02,27.885910034179688,31.547000885009766,31.937999725341797,31.465999603271484,31.774999618530273,16638000
2020-07-06,28.179378509521484,31.878999710083008,32.0989990234375,31.733999252319336,32.0,17561000
2020-07-07,27.678178787231445,31.312000274658203,31.81599998474121,31.2549991607666,31.733999252319336,16150000
2020-07-08,28.248323440551758,31.957000732421875,31.983999252319336,31.41200065612793,31.61400032043457,18023000
2020-07-09,28.418930053710938,32.150001525878906,32.43299865722656,31.524999618530273,32.000999450683594,25225000
2020-07-10,28.236839294433594,31.944000244140625,32.29899978637695,31.54400062561035,32.191001892089844,13280000
2020-07-13,27.518184661865234,31.131000518798828,32.35300064086914,31.058000564575195,32.167999267578125,21549000
2020-07-14,27.851436614990234,31.507999420166016,31.621999740600586,30.518999099731445,30.89900016784668,18363000
2020-07-15,27.736520767211914,31.378000259399414,31.777000427246094,31.017000198364258,31.594999313354492,15253000
2020-07-16,27.520835876464844,31.134000778198242,31.38800048828125,30.93000030517578,31.06100082397461,12929000
2020-07-17,27.641939163208008,31.270999908447266,31.520999908447266,31.0,31.415000915527344,13354000
2020-07-20,28.03264045715332,31.71299934387207,31.764999389648438,31.025999069213867,31.184999465942383,14323000
2020-07-21,27.786022186279297,31.43400001525879,31.92300033569336,31.267000198364258,31.92300033569336,14312000
2020-07-22,27.7382869720459,31.3799991607666,31.56800079345703,31.03700065612793,31.500999450683594,14404000
2020-07-23,27.37321662902832,30.966999053955078,31.608999252319336,30.83799934387207,31.336999893188477,19417000
2020-07-24,27.030248641967773,30.57900047302246,31.090999603271484,30.417999267578125,30.659000396728516,15631000
2020-07-27,27.6392822265625,31.26799964904785,31.29599952697754,30.749000549316406,30.829999923706055,20646000
2020-07-28,27.168140411376953,30.735000610351562,31.211000442504883,30.615999221801758,31.118000030517578,13974000
2020-07-29,27.300735473632812,30.885000228881836,31.12299919128418,30.743999481201172,30.85300064086914,16562000
2020-07-30,27.5880184173584,31.209999084472656,31.292999267578125,30.600000381469727,30.600000381469727,21259000
2020-07-31,27.99905014038086,31.674999237060547,31.84000015258789,31.139999389648438,31.469999313354492,24719000
2020-08-03,28.395057678222656,32.12300109863281,32.3489990234375,31.72800064086914,31.799999237060547,20796000
2020-08-04,29.02796745300293,32.8390007019043,32.85900115966797,32.03900146484375,32.04999923706055,25258000
2020-08-05,29.129619598388672,32.95399856567383,33.15800094604492,32.58000183105469,32.82500076293945,22299000
2020-08-06,29.096036911010742,32.91600036621094,33.0880012512207,32.54100036621094,32.777000427246094,14193000
2020-08-07,28.81052017211914,32.59299850463867,32.972999572753906,32.14799880981445,32.8390007019043,14192000
2020-08-10,28.936918258666992,32.736000061035156,32.926998138427734,32.40599822998047,32.422000885009766,11989000
2020-08-11,28.642566680908203,32.40299987792969,33.332000732421875,32.2760009765625,32.75699996948242,19316000
2020-08-12,29.492042541503906,33.36399841308594,33.5880012512207,32.5359992980957,32.584999084472656,18471000
2020-08-13,29.119016647338867,32.94200134277344,33.340999603271484,32.78499984741211,33.22100067138672,15095000
2020-08-14,28.977581024169922,32.78200149536133,32.98500061035156,32.599998474121094,32.801998138427734,10140000
2020-08-17,29.198577880859375,33.03200149536133,33.17900085449219,32.900001525878906,32.95100021362305,10594000
2020-08-18,29.050065994262695,32.86399841308594,33.31800079345703,32.81399917602539,33.18600082397461,8857000
2020-08-19,29.100454330444336,32.92100143432617,33.308998107910156,32.82400131225586,32.946998596191406,11273000
2020-08-20,29.066858291625977,32.882999420166016,32.999000549316406,32.60599899291992,32.76900100708008,8910000
2020-08-21,29.17205238342285,33.00199890136719,33.04600143432617,32.5,32.83000183105469,11508000
2020-08-24,29.52385711669922,33.400001525878906,33.61899948120117,33.11399841308594,33.20100021362305,11996000
2020-08-25,29.7130184173584,33.61399841308594,33.70899963378906,33.29999923706055,33.5,11140000
2020-08-26,30.025062561035156,33.96699905395508,34.1510009765625,33.35100173950195,33.4739990234375,14844000
2020-08-27,29.97821617126465,33.91400146484375,34.130001068115234,33.61399841308594,34.04899978637695,12552000
2020-08-28,30.48029327392578,34.481998443603516,34.481998443603516,33.77000045776367,33.900001525878906,14589000
2020-08-31,30.686254501342773,34.71500015258789,35.05799865722656,34.35200119018555,34.35200119018555,22229000
2020-09-01,31.781455993652344,35.95399856567383,36.207000732421875,34.742000579833984,35.0,29205000
2020-09-02,33.14892578125,37.500999450683594,37.895999908447266,36.356998443603516,36.58599853515625,37053000
2020-09-03,31.122920989990234,35.20899963378906,36.88999938964844,35.01599884033203,36.60100173950195,41795000
2020-09-04,32.08289337158203,36.29499816894531,37.25299835205078,35.349998474121094,36.09700012207031,58514000
2020-09-08,30.985919952392578,35.05400085449219,36.275001525878906,35.0,35.26599884033203,26685000
2020-09-09,31.82477569580078,36.00299835205078,36.185001373291016,35.11000061035156,35.61600112915039,26273000
2020-09-10,31.564010620117188,35.70800018310547,36.78300094604492,35.43899917602539,36.2130012512207,22851000
2020-09-11,31.795608520507812,35.970001220703125,36.426998138427734,35.46799850463867,36.04999923706055,17362000
2020-09-14,32.01660919189453,36.220001220703125,36.5890007019043,35.935001373291016,36.441001892089844,16447000
2020-09-15,32.43293380737305,36.691001892089844,37.11199951171875,36.53499984741211,36.630001068115234,16618000
2020-09-16,32.444427490234375,36.70399856567383,37.20000076293945,36.6349983215332,36.81800079345703,18498000
2020-09-17,32.34542465209961,36.59199905395508,37.012001037597656,35.5,35.5,22862000
2020-09-18,31.798261642456055,35.972999572753906,36.784000396728516,35.505001068115234,36.71200180053711,35295000
2020-09-21,31.37991714477539,35.17900085449219,35.19599914550781,34.347999572753906,35.000999450683594,24198000
2020-09-22,32.25407028198242,36.159000396728516,36.18000030517578,35.29499816894531,35.637001037597656,19500000
2020-09-23,31.362070083618164,35.159000396728516,36.12099838256836,35.005001068115234,36.018001556396484,15542000
2020-09-24,31.445024490356445,35.25199890136719,35.75699996948242,34.909000396728516,35.02000045776367,13611000
2020-09-25,31.826810836791992,35.68000030517578,35.77199935913086,34.827999114990234,35.20500183105469,18183000
2020-09-28,32.7634162902832,36.72999954223633,36.84299850463867,35.90299987792969,36.167999267578125,22192000
2020-09-29,32.492244720458984,36.42599868774414,37.08000183105469,36.39899826049805,36.749000549316406,13722000
2020-09-30,32.497589111328125,36.43199920654297,37.099998474121094,36.17100143432617,36.29499816894531,22403000
2020-10-01,32.87936782836914,36.86000061035156,37.07099914550781,36.481998443603516,36.89799880981445,16016000
2020-10-02,31.829479217529297,35.68299865722656,36.492000579833984,35.6150016784668,36.0,17100000
2020-10-05,32.65637969970703,36.61000061035156,36.685001373291016,35.9900016784668,36.08399963378906,18923000
2020-10-06,32.46726608276367,36.39799880981445,37.20000076293945,36.20199966430664,36.611000061035156,16672000
2020-10-07,32.713462829589844,36.67399978637695,36.986000061035156,36.60599899291992,36.834999084472656,12747000
2020-10-08,33.30128860473633,37.33300018310547,37.42900085449219,36.83100128173828,36.98899841308594,17045000
2020-10-09,33.601905822753906,37.66999816894531,38.0,37.400001525878906,37.59299850463867,17253000
2020-10-12,34.11302185058594,38.24300003051758,38.5099983215332,37.979000091552734,38.17900085449219,18839000
2020-10-13,34.02916717529297,38.14899826049805,38.779998779296875,37.861000061035156,38.441001892089844,16731000
2020-10-14,33.92301559448242,38.029998779296875,38.374000549316406,37.78499984741211,38.354000091552734,17298000
2020-10-15,33.8900260925293,37.99300003051758,38.04899978637695,37.50199890136719,37.505001068115234,14361000
2020-10-16,33.77584457397461,37.8650016784668,38.327999114990234,37.814998626708984,38.327999114990234,10295000
2020-10-19,33.518943786621094,37.57699966430664,38.361000061035156,37.51499938964844,38.124000549316406,14803000
2020-10-20,33.62776184082031,37.69900131225586,38.11399841308594,37.555999755859375,37.70100021362305,13297000
2020-10-21,33.18712615966797,37.20500183105469,37.68600082397461,37.03099822998047,37.57699966430664,11896000
2020-10-22,33.30486297607422,37.33700180053711,37.430999755859375,36.71099853515625,37.108001708984375,13547000
2020-10-23,33.246883392333984,37.27199935913086,37.39400100708008,37.07600021362305,37.32600021362305,8868000
2020-10-26,32.383419036865234,36.30400085449219,36.99599838256836,35.76100158691406,36.959999084472656,15509000
2020-10-27,32.076568603515625,35.959999084472656,36.518001556396484,35.922000885009766,36.518001556396484,9620000
2020-10-28,30.97136878967285,34.72100067138672,35.486000061035156,34.553001403808594,35.400001525878906,22331000
2020-10-29,31.66713523864746,35.500999450683594,35.944000244140625,34.5369987487793,34.72600173950195,15697000
2020-10-30,31.187236785888672,34.9630012512207,35.29899978637695,34.44200134277344,34.93899917602539,18530000
2020-11-02,31.331743240356445,35.125,35.53900146484375,34.834999084472656,35.50400161743164,11757000
2020-11-03,31.555635452270508,35.375999450683594,35.92399978637695,34.66600036621094,35.595001220703125,15457000
2020-11-04,32.52524948120117,36.4630012512207,36.89799880981445,35.7140007019043,36.04800033569336,21277000
2020-11-05,33.97386169433594,38.08700180053711,38.26499938964844,37.20100021362305,37.236000061035156,21783000
2020-11-06,33.951568603515625,38.0620002746582,38.367000579833984,37.71699905395508,38.005001068115234,13545000
2020-11-09,33.4984245300293,37.55400085449219,39.388999938964844,37.500999450683594,38.90999984741211,24088000
2020-11-10,32.39145278930664,36.3129997253418,37.31999969482422,36.0359992980957,37.03200149536133,26784000
2020-11-11,33.532325744628906,37.59199905395508,37.7140007019043,36.85499954223633,37.08599853515625,15133000
2020-11-12,33.02208709716797,37.02000045776367,37.86000061035156,36.827999114990234,37.722999572753906,12160000
2020-11-13,33.31645584106445,37.349998474121094,37.733001708984375,37.15800094604492,37.5,10997000
2020-11-16,33.9685173034668,38.08100128173828,38.137001037597656,37.400001525878906,37.48099899291992,12100000
2020-11-17,33.94978332519531,38.060001373291016,38.24399948120117,37.702999114990234,37.86600112915039,11950000
2020-11-18,33.951568603515625,38.0620002746582,38.49399948120117,37.96200180053711,37.98899841308594,13517000
2020-11-19,34.28249740600586,38.43299865722656,38.48400115966797,37.435001373291016,37.77199935913086,14555000
2020-11-20,34.19329833984375,38.33300018310547,38.8849983215332,38.27000045776367,38.430999755859375,16140000
2020-11-23,34.520668029785156,38.70000076293945,38.915000915527344,38.29999923706055,38.5369987487793,12212000
2020-11-24,34.987186431884766,39.222999572753906,39.28099822998047,38.61800003051758,38.86199951171875,13455000
2020-11-25,34.86231231689453,39.08300018310547,39.54999923706055,38.900001525878906,39.284000396728516,11787000
2020-11-27,35.22980880737305,39.494998931884766,39.91699981689453,39.29999923706055,39.314998626708984,6846000
2020-11-30,35.82122039794922,40.15800094604492,40.215999603271484,39.27399826049805,39.402000427246094,15454000
2020-12-01,36.08791732788086,40.457000732421875,40.667999267578125,40.012001037597656,40.34600067138672,18181000
2020-12-02,36.01298522949219,40.37300109863281,40.54100036621094,40.111000061035156,40.4739990234375,10031000
2020-12-03,35.662437438964844,39.97999954223633,40.66400146484375,39.810001373291016,40.45000076293945,16120000
2020-12-04,36.722137451171875,41.167999267578125,41.2400016784668,40.23899841308594,40.2400016784668,20083000
2020-12-07,37.54366683959961,42.0890007019043,42.284000396728516,41.33399963378906,41.64099884033203,19707000
2020-12-08,37.76845932006836,42.340999603271484,42.66999816894531,41.816001892089844,41.928001403808594,18121000
2020-12-09,37.12711715698242,41.62200164794922,42.61000061035156,41.367000579833984,41.946998596191406,20908000
2020-12-10,36.57585525512695,41.00400161743164,41.525001525878906,40.80099868774414,41.14400100708008,26244000
2020-12-11,36.199424743652344,40.582000732421875,40.70000076293945,39.827999114990234,40.400001525878906,26664000
2020-12-14,36.73284149169922,41.18000030517578,41.43000030517578,40.599998474121094,40.65299987792969,26116000
2020-12-15,37.29124069213867,41.805999755859375,41.93899917602539,41.29899978637695,41.52799987792969,21207000
2020-12-16,37.90138244628906,42.4900016784668,42.71500015258789,41.69599914550781,41.79999923706055,23160000
2020-12-17,38.00841522216797,42.61000061035156,43.000999450683594,42.45500183105469,42.650001525878906,17152000
2020-12-18,39.09334945678711,43.45600128173828,43.564998626708984,42.20000076293945,42.47999954223633,45243000
2020-12-21,38.58236312866211,42.88800048828125,43.20000076293945,42.369998931884766,42.814998626708984,19096000
2020-12-22,38.96199417114258,43.310001373291016,43.35499954223633,42.79999923706055,42.88800048828125,17929000
2020-12-23,38.27470016479492,42.54600143432617,43.599998474121094,42.507999420166016,43.5,10533000
2020-12-24,38.8144645690918,43.145999908447266,43.20000076293945,42.75699996948242,42.8489990234375,4123000
2020-12-28,38.85224533081055,43.1879997253418,43.72700119018555,43.1150016784668,43.433998107910156,10625000
2020-12-29,38.59675598144531,42.90399932861328,43.58300018310547,42.67900085449219,43.58300018310547,9593000
2020-12-30,39.11763000488281,43.483001708984375,43.79999923706055,43.0099983215332,43.16699981689453,10553000
2020-12-31,39.38931655883789,43.78499984741211,43.849998474121094,43.30500030517578,43.63100051879883,10211000
2021-01-04,38.253108978271484,42.52199935913086,44.2239990234375,42.124000549316406,43.93299865722656,24171000
2021-01-05,38.5121955871582,42.810001373291016,42.93899917602539,42.2400016784668,42.505001068115234,15069000
2021-01-06,38.27470016479492,42.54600143432617,43.45800018310547,42.05400085449219,42.33000183105469,17226000
2021-01-07,39.88770294189453,44.3390007019043,44.45899963378906,43.060001373291016,43.20600128173828,21267000
2021-01-08,40.09010696411133,44.56399917602539,44.999000549316406,43.8650016784668,44.70000076293945,15271000
2021-01-11,40.10090255737305,44.57600021362305,44.87799835205078,44.04199981689453,44.06100082397461,11660000
2021-01-12,40.42745590209961,44.93899917602539,45.47600173950195,44.560001373291016,44.777000427246094,13846000
2021-01-13,40.591190338134766,45.12099838256836,45.3489990234375,44.81100082397461,45.029998779296875,13118000
2021-01-14,40.66855239868164,45.207000732421875,45.849998474121094,45.132999420166016,45.35100173950195,19692000
2021-01-15,40.108985900878906,44.584999084472656,45.0,44.066001892089844,44.81800079345703,18165000
2021-01-19,41.31626510620117,45.926998138427734,45.94900131225586,44.827999114990234,44.827999114990234,18819000
2021-01-20,41.551063537597656,46.1879997253418,46.57899856567383,45.5,45.95199966430664,14710000
2021-01-21,41.99547576904297,46.68199920654297,46.946998596191406,46.040000915527344,46.21099853515625,15749000
2021-01-22,41.83354568481445,46.50199890136719,46.755001068115234,46.237998962402344,46.37200164794922,16248000
2021-01-25,41.8128547668457,46.479000091552734,47.0,45.608001708984375,46.95600128173828,14692000
2021-01-26,41.73008728027344,46.387001037597656,46.702999114990234,46.1879997253418,46.26499938964844,10742000
2021-01-27,40.005550384521484,44.470001220703125,45.69599914550781,44.1510009765625,45.55400085449219,21857000
2021-01-28,40.63886642456055,45.17399978637695,45.847999572753906,44.702999114990234,45.553001403808594,16946000
2021-01-29,40.527313232421875,45.04999923706055,45.810001373291016,44.76300048828125,44.9900016784668,22069000
2021-02-01,41.98827362060547,46.67399978637695,46.93199920654297,45.35900115966797,45.584999084472656,17027000
2021-02-02,42.90047836303711,47.6879997253418,47.696998596191406,46.79999923706055,46.97600173950195,16141000
2021-02-03,41.848838806152344,46.51900100708008,47.85200119018555,46.45899963378906,47.69300079345703,17857000
2021-02-04,42.338226318359375,47.0629997253418,47.11600112915039,45.74800109863281,46.0,15243000
2021-02-05,41.92261505126953,46.60100173950195,47.69200134277344,46.5359992980957,47.43299865722656,12488000
2021-02-08,42.524444580078125,47.27000045776367,47.34199905395508,46.55799865722656,46.875,17610000
2021-02-09,42.698062896728516,47.4630012512207,47.51900100708008,46.86199951171875,47.20000076293945,12758000
2021-02-10,42.28604507446289,47.005001068115234,47.749000549316406,46.54899978637695,47.72100067138672,14587000
2021-02-11,43.036319732666016,47.8390007019043,47.935001373291016,46.91899871826172,47.36899948120117,17123000
2021-02-12,43.74971008300781,48.63199996948242,48.70199966430664,47.48899841308594,47.8380012512207,13551000
2021-02-16,44.00249481201172,48.91299819946289,49.47800064086914,48.70199966430664,49.0880012512207,15163000
2021-02-17,43.404258728027344,48.24800109863281,48.61199951171875,47.50600051879883,48.42300033569336,14084000
2021-02-18,43.474430084228516,48.32600021362305,48.54100036621094,47.51300048828125,48.02299880981445,16715000
2021-02-19,44.07716369628906,48.99599838256836,49.513999938964844,48.676998138427734,48.724998474121094,17992000
2021-02-22,42.853702545166016,47.63600158691406,48.6609992980957,47.53200149536133,48.400001525878906,16967000
2021-02-23,42.45246887207031,47.189998626708984,47.46200180053711,45.60599899291992,47.11399841308594,21303000
2021-02-24,43.26032638549805,48.0880012512207,48.14099884033203,46.26599884033203,46.768001556396484,15125000
2021-02-25,41.1264533996582,45.715999603271484,47.9379997253418,45.520999908447266,47.474998474121094,23148000
2021-02-26,42.26985549926758,46.98699951171875,47.57600021362305,46.07400131225586,46.75299835205078,22640000
2021-03-01,44.0429801940918,48.95800018310547,49.0,47.38600158691406,47.970001220703125,24677000
2021-03-02,43.22703552246094,48.05099868774414,49.08599853515625,47.959999084472656,49.0369987487793,18546000
2021-03-03,41.65721130371094,46.305999755859375,48.138999938964844,46.196998596191406,47.79999923706055,23991000
2021-03-04,39.90568161010742,44.35900115966797,46.70000076293945,44.143001556396484,46.16699981689453,34575000
2021-03-05,40.494930267333984,45.013999938964844,45.599998474121094,43.29999923706055,45.42499923706055,42414000
2021-03-08,37.89595413208008,42.125,44.79600143432617,41.92599868774414,44.68299865722656,45243000
2021-03-09,39.90658187866211,44.36000061035156,44.689998626708984,43.060001373291016,43.569000244140625,37884000
2021-03-10,39.36592102050781,43.75899887084961,45.40299987792969,43.5099983215332,44.73500061035156,19914000
2021-03-11,40.814292907714844,45.36899948120117,45.744998931884766,44.20899963378906,44.902000427246094,26170000
2021-03-12,40.587581634521484,45.117000579833984,45.3489990234375,44.45199966430664,44.5359992980957,18906000
2021-03-15,42.35082244873047,47.07699966430664,47.12300109863281,45.319000244140625,45.518001556396484,31241000
2021-03-16,43.01742172241211,47.81800079345703,48.400001525878906,46.74100112915039,47.12699890136719,31190000
2021-03-17,43.50411605834961,48.35900115966797,48.72700119018555,47.000999450683594,47.029998779296875,23754000
2021-03-18,41.755279541015625,46.415000915527344,48.334999084472656,46.375,47.45600128173828,28728000
2021-03-19,43.01641845703125,47.44599914550781,47.667999267578125,45.40999984741211,45.70500183105469,108602000
2021-03-22,43.09075927734375,47.52799987792969,48.12799835205078,47.16699981689453,47.29100036621094,31805000
2021-03-23,42.07351303100586,46.40599822998047,47.5369987487793,46.26499938964844,47.37799835205078,24712000
2021-03-24,41.45790481567383,45.72700119018555,46.999000549316406,45.6870002746582,46.94499969482422,20882000
2021-03-25,41.85954284667969,46.16999816894531,46.402000427246094,44.930999755859375,45.49599838256836,17537000
2021-03-26,43.70364761352539,48.20399856567383,48.29999923706055,45.66400146484375,45.66400146484375,28925000
2021-03-29,42.8495979309082,47.262001037597656,48.11600112915039,46.82699966430664,48.040000915527344,28410000
2021-03-30,41.35727310180664,45.61600112915039,46.400001525878906,45.1619987487793,46.38800048828125,27935000
2021-03-31,42.0372428894043,46.36600112915039,46.707000732421875,45.2400016784668,45.900001525878906,28684000
2021-04-01,43.1515007019043,47.595001220703125,47.65800094604492,46.91999816894531,47.207000732421875,23528000
2021-04-05,44.28751754760742,48.847999572753906,48.9640007019043,47.68199920654297,48.029998779296875,22966000
2021-04-06,43.86956024169922,48.387001037597656,48.821998596191406,47.77399826049805,48.3120002746582,18063000
2021-04-07,43.741729736328125,48.24599838256836,48.39099884033203,47.79999923706055,48.000999450683594,12074000
2021-04-08,44.015533447265625,48.54800033569336,48.79800033569336,48.012001037597656,48.79800033569336,18121000
2021-04-09,43.980167388916016,48.50899887084961,48.53099822998047,47.65399932861328,48.0,16614000
2021-04-12,43.85142517089844,48.367000579833984,48.54199981689453,47.86000061035156,48.19300079345703,23247000
2021-04-13,43.9683837890625,48.49599838256836,48.821998596191406,48.02899932861328,48.5,15281000
2021-04-14,43.27390670776367,47.72999954223633,48.91899871826172,47.51900100708008,48.24700164794922,18220000
2021-04-15,43.5186882019043,48.0,48.23099899291992,47.678001403808594,48.16400146484375,18370000
2021-04-16,43.40898513793945,47.87900161743164,48.178001403808594,47.678001403808594,48.04800033569336,16263000
2021-04-19,41.886749267578125,46.20000076293945,47.68000030517578,46.005001068115234,47.65299987792969,26319000
2021-04-20,41.45698928833008,45.72600173950195,46.202999114990234,45.45399856567383,46.000999450683594,19128000
2021-04-21,41.686370849609375,45.979000091552734,46.034000396728516,45.2599983215332,45.52199935913086,25947000
2021-04-22,41.26206588745117,45.51100158691406,46.11399841308594,44.900001525878906,45.5099983215332,27057000
2021-04-23,42.26118469238281,46.612998962402344,46.78499984741211,45.75,45.8489990234375,22890000
2021-04-26,42.77979278564453,47.185001373291016,47.382999420166016,46.356998443603516,46.70199966430664,18271000
2021-04-27,42.2811279296875,46.6349983215332,47.42599868774414,46.50600051879883,47.369998931884766,13267000
2021-04-28,41.632877349853516,45.91999816894531,46.59700012207031,45.60499954223633,46.5369987487793,15940000
2021-04-29,42.27568435668945,46.62900161743164,46.96900177001953,45.90299987792969,46.96900177001953,14650000
2021-04-30,41.36088562011719,45.619998931884766,46.073001861572266,45.38399887084961,45.97100067138672,19367000
2021-05-03,40.81147003173828,45.013999938964844,45.98400115966797,44.827999114990234,45.974998474121094,15098000
2021-05-04,40.30374526977539,44.45399856567383,44.77000045776367,43.73099899291992,44.72200012207031,23497000
2021-05-05,40.239376068115234,44.382999420166016,45.14400100708008,44.23699951171875,45.04100036621094,16388000
2021-05-06,40.6700325012207,44.858001708984375,44.909000396728516,43.98400115966797,44.380001068115234,13495000
2021-05-07,41.03268814086914,45.257999420166016,45.8380012512207,44.91999816894531,45.45899963378906,11712000
2021-05-10,39.53854751586914,43.61000061035156,44.85300064086914,43.57699966430664,44.8380012512207,25239000
2021-05-11,39.89848327636719,44.00699996948242,44.17599868774414,42.30500030517578,42.5,17887000
2021-05-12,38.29463577270508,42.237998962402344,43.08599853515625,41.91400146484375,42.92900085449219,29940000
2021-05-13,39.039894104003906,43.060001373291016,43.481998443603516,42.56399917602539,42.98899841308594,21841000
2021-05-14,40.03901672363281,44.1619987487793,44.512001037597656,43.20500183105469,43.638999938964844,16964000
2021-05-17,39.88669204711914,43.99399948120117,44.2140007019043,43.284000396728516,44.2140007019043,15725000
2021-05-18,39.3245735168457,43.374000549316406,44.444000244140625,43.327999114990234,44.391998291015625,17824000
2021-05-19,40.04808044433594,44.172000885009766,44.25,42.56999969482422,42.599998474121094,21369000
2021-05-20,41.25209045410156,45.5,45.93000030517578,44.53300094604492,44.57500076293945,21886000
2021-05-21,40.911190032958984,45.124000549316406,45.79899978637695,44.933998107910156,45.79899978637695,13216000
2021-05-24,41.6319694519043,45.91899871826172,46.24399948120117,45.63600158691406,45.69200134277344,14420000
2021-05-25,41.663700103759766,45.95399856567383,46.29600143432617,45.650001525878906,46.189998626708984,9600000
2021-05-26,41.749839782714844,46.04899978637695,46.209999084472656,45.553001403808594,46.07699966430664,9873000
2021-05-27,42.40171813964844,46.768001556396484,46.84400177001953,45.96500015258789,46.0,19098000
2021-05-28,42.82329177856445,47.233001708984375,47.46200180053711,46.768001556396484,47.0,19946000
2021-06-01,42.458831787109375,46.83100128173828,47.79999923706055,46.720001220703125,47.54399871826172,16277000
2021-06-02,42.950233459472656,47.37300109863281,47.77000045776367,46.946998596191406,47.18299865722656,13286000
2021-06-03,42.140602111816406,46.47999954223633,46.97600173950195,46.32600021362305,46.880001068115234,20389000
2021-06-04,43.06537628173828,47.5,47.84000015258789,46.95199966430664,47.04999923706055,23865000
2021-06-07,42.04812240600586,46.37799835205078,47.448001861572266,46.24700164794922,47.29999923706055,24142000
2021-06-08,42.025455474853516,46.35300064086914,47.23899841308594,46.35100173950195,46.80500030517578,16615000
2021-06-09,42.06172180175781,46.393001556396484,46.71900177001953,46.172000885009766,46.71900177001953,12126000
2021-06-10,42.49147033691406,46.867000579833984,46.95399856567383,46.020999908447266,46.54999923706055,15413000
2021-06-11,42.67552185058594,47.06999969482422,47.2130012512207,46.71500015258789,46.84400177001953,14508000
2021-06-14,43.140628814697266,47.58300018310547,47.59000015258789,46.60599899291992,47.04899978637695,14675000
2021-06-15,42.67913818359375,47.07400131225586,47.65700149536133,46.85499954223633,47.65599822998047,11131000
2021-06-16,42.22673797607422,46.57500076293945,47.11199951171875,46.14799880981445,47.027000427246094,20437000
2021-06-17,42.71813201904297,47.117000579833984,47.52399826049805,46.39400100708008,46.487998962402344,20881000
2021-06-18,42.022735595703125,46.349998474121094,46.97600173950195,46.05099868774414,46.72700119018555,28537000
2021-06-21,42.45310592651367,46.46099853515625,46.53799819946289,45.84400177001953,46.117000579833984,18591000
2021-06-22,42.43849563598633,46.44499969482422,46.858001708984375,46.13199996948242,46.65800094604492,13722000
2021-06-23,42.64041519165039,46.66600036621094,46.78799819946289,46.30400085449219,46.38600158691406,17674000
2021-06-24,42.95109558105469,47.00600051879883,47.3650016784668,46.86000061035156,46.98899841308594,12502000
2021-06-25,42.232887268066406,46.220001220703125,47.244998931884766,46.0,47.1349983215332,19100000
2021-06-28,43.201454162597656,47.279998779296875,47.62900161743164,46.55099868774414,46.599998474121094,13987000
2021-06-29,43.59892654418945,47.71500015258789,47.73099899291992,47.07400131225586,47.23699951171875,14184000
2021-06-30,43.57060241699219,47.683998107910156,47.85900115966797,47.25299835205078,47.8129997253418,15381000
2021-07-01,42.912715911865234,46.9640007019043,47.784000396728516,46.893001556396484,47.784000396728516,11153000
2021-07-02,42.778385162353516,46.81700134277344,47.858001708984375,45.57099914550781,47.676998138427734,37054000
2021-07-06,43.24531936645508,47.327999114990234,47.67499923706055,46.83000183105469,47.040000915527344,13870000
2021-07-07,42.90357971191406,46.95399856567383,47.5359992980957,46.637001037597656,47.5,12581000
2021-07-08,42.99129867553711,47.04999923706055,47.108001708984375,46.15599822998047,46.44200134277344,16011000
2021-07-09,43.875797271728516,48.018001556396484,48.0880012512207,46.803001403808594,46.957000732421875,16782000
2021-07-12,44.384742736816406,48.57500076293945,49.402000427246094,47.32600021362305,48.13199996948242,33142000
2021-07-13,44.22574996948242,48.4010009765625,48.75299835205078,48.20000076293945,48.53300094604492,11806000
2021-07-14,44.004634857177734,48.159000396728516,49.20000076293945,48.07500076293945,48.91999816894531,14020000
2021-07-15,43.616294860839844,47.73400115966797,48.44499969482422,47.3120002746582,48.327999114990234,12624000
2021-07-16,42.76926040649414,46.80699920654297,48.02799987792969,46.72600173950195,47.90599822998047,13980000
2021-07-19,42.54996109008789,46.56700134277344,46.59700012207031,45.75899887084961,46.347999572753906,14938000
2021-07-20,42.816768646240234,46.85900115966797,47.224998474121094,46.32699966430664,46.78900146484375,20727000
2021-07-21,43.76980209350586,47.902000427246094,47.928001403808594,46.849998474121094,46.9630012512207,13660000
2021-07-22,43.52399444580078,47.632999420166016,47.89899826049805,47.45100021362305,47.65999984741211,12583000
2021-07-23,44.14716720581055,48.314998626708984,48.358001708984375,47.68299865722656,48.00299835205078,13489000
2021-07-26,44.06401824951172,48.2239990234375,48.36199951171875,47.96799850463867,48.215999603271484,11160000
2021-07-27,43.43537139892578,47.5359992980957,48.180999755859375,46.779998779296875,48.07600021362305,14715000
2021-07-28,43.644615173339844,47.76499938964844,47.90800094604492,47.43199920654297,47.66999816894531,8359000
2021-07-29,44.234886169433594,48.4109992980957,48.58300018310547,47.74399948120117,47.84700012207031,9162000
2021-07-30,44.35276412963867,48.540000915527344,48.63399887084961,47.957000732421875,48.19599914550781,11548000
2021-08-02,44.2869758605957,48.46799850463867,49.459999084472656,48.35100173950195,48.904998779296875,15619000
2021-08-03,44.47976303100586,48.67900085449219,48.7760009765625,47.99599838256836,48.54899978637695,11135000
2021-08-04,44.572059631347656,48.779998779296875,48.99800109863281,48.4010009765625,48.85300064086914,12123000
2021-08-05,44.5601806640625,48.766998291015625,49.042999267578125,48.48899841308594,49.042999267578125,8372000
2021-08-06,44.35551452636719,48.542999267578125,48.8120002746582,48.40299987792969,48.50699996948242,9964000
2021-08-09,44.2869758605957,48.46799850463867,48.68299865722656,48.099998474121094,48.64899826049805,5952000
2021-08-10,44.065853118896484,48.22600173950195,48.64500045776367,47.78300094604492,48.59000015258789,9319000
2021-08-11,44.18372344970703,48.35499954223633,48.59700012207031,47.979000091552734,48.48099899291992,9816000
2021-08-12,44.248600006103516,48.42599868774414,48.5,47.67300033569336,48.22800064086914,8702000
2021-08-13,44.42220687866211,48.61600112915039,48.89699935913086,48.21099853515625,48.26100158691406,8582000
2021-08-16,44.60313034057617,48.81399917602539,48.89099884033203,48.439998626708984,48.483001708984375,9188000
2021-08-17,43.739646911621094,47.86899948120117,48.62200164794922,47.45199966430664,48.558998107910156,16499000
2021-08-18,42.85150146484375,46.89699935913086,47.70800018310547,46.834999084472656,47.665000915527344,15616000
2021-08-19,43.268157958984375,47.35300064086914,47.58300018310547,46.26599884033203,46.6349983215332,14044000
2021-08-20,43.41801071166992,47.516998291015625,47.62300109863281,47.04399871826172,47.28200149536133,10007000
2021-08-23,44.08320617675781,48.244998931884766,48.61899948120117,47.56999969482422,47.632999420166016,15707000
2021-08-24,43.99001693725586,48.143001556396484,48.30400085449219,48.01599884033203,48.2400016784668,9429000
2021-08-25,44.170928955078125,48.340999603271484,48.62699890136719,48.15700149536133,48.15700149536133,10017000
2021-08-26,44.38383102416992,48.57400131225586,48.81100082397461,48.060001373291016,48.29999923706055,10836000
2021-08-27,45.31583786010742,49.59400177001953,49.64400100708008,48.66400146484375,48.80099868774414,16459000
2021-08-30,45.585391998291016,49.888999938964844,50.78499984741211,49.82500076293945,50.0,19614000
2021-08-31,45.431888580322266,49.72100067138672,50.12900161743164,49.27000045776367,50.12900161743164,17378000
2021-09-01,45.061824798583984,49.316001892089844,49.92399978637695,49.28900146484375,49.62699890136719,12586000
2021-09-02,44.94668960571289,49.189998626708984,49.597999572753906,49.01599884033203,49.57899856567383,16991000
2021-09-03,45.474830627441406,49.768001556396484,50.599998474121094,49.50400161743164,49.590999603271484,25191000
2021-09-07,45.3752326965332,49.659000396728516,49.7599983215332,49.099998474121094,49.7599983215332,12398000
2021-09-08,45.17329788208008,49.4379997253418,49.98899841308594,48.81100082397461,49.96200180053711,13987000
2021-09-09,45.091976165771484,49.3489990234375,49.869998931884766,49.28499984741211,49.28499984741211,13174000
2021-09-10,45.51778030395508,49.814998626708984,50.5989990234375,49.6510009765625,49.70500183105469,16110000
2021-09-13,45.59178924560547,49.895999908447266,50.24700164794922,49.32600021362305,50.20000076293945,14927000
2021-09-14,45.85768127441406,50.1870002746582,50.54199981689453,49.83599853515625,50.20000076293945,14134000
2021-09-15,46.57679748535156,50.9739990234375,51.06999969482422,49.94200134277344,50.21200180053711,23346000
2021-09-16,46.35841369628906,50.73500061035156,50.915000915527344,50.020999908447266,50.52000045776367,17569000
2021-09-17,46.23505783081055,50.599998474121094,50.762001037597656,50.099998474121094,50.39699935913086,34470000
2021-09-20,45.21350860595703,49.481998443603516,50.29999923706055,48.84400177001953,49.900001525878906,30105000
2021-09-21,45.19234085083008,49.0989990234375,49.375,48.70000076293945,49.3489990234375,16935000
2021-09-22,46.07594680786133,50.058998107910156,50.29999923706055,49.22200012207031,49.42499923706055,20610000
2021-09-23,46.41741943359375,50.43000030517578,50.729000091552734,50.058998107910156,50.250999450683594,18370000
2021-09-24,46.47449493408203,50.492000579833984,50.54999923706055,50.08300018310547,50.22700119018555,10605000
2021-09-27,46.468055725097656,50.48500061035156,50.582000732421875,49.737998962402344,49.97800064086914,9831000
2021-09-28,45.19509506225586,49.10200119018555,50.14500045776367,49.05400085449219,49.70000076293945,20124000
2021-09-29,45.05335998535156,48.948001861572266,49.426998138427734,48.76499938964844,49.362998962402344,15783000
2021-09-30,44.63454818725586,48.49300003051758,49.45199966430664,48.448001861572266,49.45199966430664,15735000
2021-10-01,44.857295989990234,48.73500061035156,48.86600112915039,47.75,48.78499984741211,16052000
2021-10-04,43.80799865722656,47.595001220703125,48.65599822998047,47.27799987792969,48.49300003051758,20093000
2021-10-05,44.679656982421875,48.54199981689453,48.979000091552734,47.53300094604492,47.59400177001953,16557000
2021-10-06,44.988922119140625,48.87799835205078,48.935001373291016,47.970001220703125,48.3129997253418,12042000
2021-10-07,45.4620246887207,49.391998291015625,49.9900016784668,49.26300048828125,49.26300048828125,13261000
2021-10-08,45.36354064941406,49.28499984741211,49.79999923706055,49.12799835205078,49.68199920654297,10279000
2021-10-11,45.31658935546875,49.23400115966797,49.95899963378906,49.084999084472656,49.124000549316406,11186000
2021-10-12,44.6667594909668,48.52799987792969,49.66999816894531,48.20199966430664,49.58399963378906,20991000
2021-10-13,44.64190673828125,48.500999450683594,48.53799819946289,47.95500183105469,48.117000579833984,16424000
2021-10-14,45.800743103027344,49.7599983215332,49.915000915527344,49.082000732421875,49.18600082397461,19233000
2021-10-15,46.32078170776367,50.32500076293945,50.58599853515625,50.108001708984375,50.439998626708984,25103000
2021-10-18,46.33091354370117,50.33599853515625,50.39799880981445,49.86600112915039,50.03900146484375,16042000
2021-10-19,46.97797775268555,51.03900146484375,51.08700180053711,50.176998138427734,50.43199920654297,16383000
2021-10-20,46.88593673706055,50.93899917602539,51.34299850463867,50.84400177001953,51.099998474121094,13458000
2021-10-21,47.32406234741211,51.415000915527344,51.479000091552734,50.86000061035156,50.94200134277344,11787000
2021-10-22,47.44002914428711,51.54100036621094,52.13800048828125,51.301998138427734,51.4739990234375,15367000
2021-10-25,48.05303192138672,52.207000732421875,52.45000076293945,51.518001556396484,51.749000549316406,12416000
2021-10-26,49.1391487121582,53.387001037597656,53.499000549316406,52.400001525878906,52.52299880981445,24043000
2021-10-27,48.14876174926758,52.31100082397461,53.606998443603516,52.18600082397461,53.18199920654297,23500000
2021-10-28,48.74336242675781,52.957000732421875,52.994998931884766,52.34299850463867,52.41400146484375,11872000
2021-10-29,48.9366569519043,53.16699981689453,53.21500015258789,52.349998474121094,52.349998474121094,15564000
2021-11-01,48.603458404541016,52.80500030517578,53.257999420166016,52.49300003051758,53.034000396728516,16896000
2021-11-02,49.433692932128906,53.707000732421875,54.082000732421875,52.667999267578125,52.744998931884766,16262000
2021-11-03,49.921512603759766,54.23699951171875,54.37900161743164,53.37699890136719,53.904998779296875,14038000
2021-11-04,50.49677658081055,54.86199951171875,54.90700149536133,54.09199905395508,54.380001068115234,15956000
2021-11-05,51.44483947753906,55.891998291015625,55.96699905395508,54.98099899291992,55.0,18674000
2021-11-08,51.44759750366211,55.89500045776367,56.388999938964844,55.810001373291016,56.196998596191406,17231000
2021-11-09,51.341739654541016,55.779998779296875,56.189998626708984,55.513999938964844,55.91899871826172,15838000
2021-11-10,50.51059341430664,54.87699890136719,56.09000015258789,54.80500030517578,55.43000030517578,18450000
2021-11-11,51.12084197998047,55.540000915527344,55.71200180053711,54.88100051879883,55.26900100708008,14157000
2021-11-12,51.84062194824219,56.321998596191406,56.58399963378906,55.45899963378906,55.840999603271484,13592000
2021-11-15,52.07533264160156,56.57699966430664,56.76900100708008,55.983001708984375,56.76900100708008,13972000
2021-11-16,52.35146713256836,56.87699890136719,56.952999114990234,56.27399826049805,56.409000396728516,13194000
2021-11-17,52.43153762817383,56.9640007019043,57.13600158691406,56.40999984741211,56.81399917602539,12532000
2021-11-18,52.907405853271484,57.48099899291992,57.67300033569336,56.9640007019043,57.11000061035156,12712000
2021-11-19,52.346866607666016,56.87200164794922,57.72100067138672,56.59299850463867,57.62799835205078,19612000
2021-11-22,50.92571258544922,55.327999114990234,57.20399856567383,55.24800109863281,57.167999267578125,25898000
2021-11-23,51.09507369995117,55.512001037597656,55.58599853515625,54.85300064086914,55.242000579833984,17109000
2021-11-24,51.42734909057617,55.87300109863281,55.90800094604492,54.73899841308594,55.323001861572266,12084000
2021-11-26,50.309940338134766,54.659000396728516,55.72999954223633,54.332000732421875,55.176998138427734,14219000
2021-11-29,51.94370651245117,56.433998107910156,56.755001068115234,55.36800003051758,55.619998931884766,18703000
2021-11-30,50.9625244140625,55.36800003051758,56.499000549316406,55.20000076293945,56.32699966430664,22574000
2021-12-01,51.06193923950195,55.47600173950195,56.847999572753906,55.33300018310547,56.347999572753906,21980000
2021-12-02,50.84931182861328,55.244998931884766,55.9109992980957,54.400001525878906,54.606998443603516,22619000
2021-12-03,51.37119674682617,55.8120002746582,56.900001525878906,55.040000915527344,56.49399948120117,20305000
2021-12-06,52.00260925292969,56.49800109863281,56.83700180053711,55.595001220703125,56.46500015258789,22482000
2021-12-07,54.34235382080078,59.040000915527344,59.30699920654297,57.20000076293945,57.20000076293945,29562000
2021-12-08,54.17300033569336,58.85599899291992,59.09400177001953,58.24300003051758,59.09400177001953,17998000
2021-12-09,53.699893951416016,58.34199905395508,59.02399826049805,58.244998931884766,58.244998931884766,29080000
2021-12-10,58.141902923583984,63.167999267578125,64.4749984741211,61.85900115966797,62.39799880981445,57087000
2021-12-13,57.21963119506836,62.16600036621094,63.44200134277344,62.12300109863281,63.400001525878906,26898000
2021-12-14,56.598331451416016,61.49100112915039,61.86199951171875,60.56399917602539,61.784000396728516,35956000
2021-12-15,58.89482116699219,63.986000061035156,64.08599853515625,61.034000396728516,61.55699920654297,29092000
2021-12-16,57.12942886352539,62.06800079345703,64.06600189208984,61.150001525878906,63.736000061035156,42748000
2021-12-17,58.44380187988281,63.49599838256836,63.999000549316406,61.5099983215332,61.75299835205078,50661000
2021-12-20,59.37068557739258,64.50299835205078,64.60900115966797,62.50899887084961,62.630001068115234,32770000
2021-12-21,59.86255645751953,64.6240005493164,64.9469985961914,63.33000183105469,64.80999755859375,36534000
2021-12-22,60.692535400390625,65.5199966430664,65.71600341796875,63.92599868774414,64.33200073242188,28383000
2021-12-23,61.581825256347656,66.4800033569336,67.072998046875,65.61299896240234,65.61299896240234,23596000
2021-12-27,62.459957122802734,67.4280014038086,67.62999725341797,66.44599914550781,66.4800033569336,19442000
2021-12-28,61.97085189819336,66.9000015258789,67.7760009765625,66.7030029296875,67.75499725341797,17247000
2021-12-29,62.305267333984375,67.26100158691406,67.69999694824219,66.91200256347656,66.9800033569336,14797000
2021-12-30,61.60775375366211,66.50800323486328,67.56999969482422,66.38400268554688,67.30999755859375,11473000
2021-12-31,61.63832092285156,66.54100036621094,67.13099670410156,66.3270034790039,66.6969985961914,12046000
2022-01-03,61.44471740722656,66.33200073242188,67.16999816894531,66.12200164794922,66.63200378417969,22591000
2022-01-04,62.14872360229492,67.09200286865234,67.21900177001953,65.7229995727539,66.28800201416016,21103000
2022-01-05,59.562435150146484,64.30000305175781,67.12100219726562,64.20099639892578,67.12100219726562,34961000
2022-01-06,59.0094108581543,63.702999114990234,64.86499786376953,63.44300079345703,64.01599884033203,28581000
2022-01-07,57.353153228759766,61.915000915527344,63.99100112915039,61.84600067138672,63.584999084472656,27832000
2022-01-10,57.53935241699219,62.11600112915039,62.20399856567383,60.356998443603516,60.88600158691406,29793000
2022-01-11,57.621795654296875,62.20500183105469,62.79999923706055,61.457000732421875,61.55400085449219,19037000
2022-01-12,57.617156982421875,62.20000076293945,63.0989990234375,61.9739990234375,62.750999450683594,18806000
2022-01-13,55.31895065307617,59.71900177001953,62.78799819946289,59.415000915527344,62.74700164794922,30048000
2022-01-14,55.24299621582031,59.637001037597656,60.03799819946289,59.20000076293945,59.577999114990234,25661000
2022-01-18,53.52189636230469,57.77899932861328,59.104000091552734,57.5989990234375,58.832000732421875,35825000
2022-01-19,52.241722106933594,56.39699935913086,58.472999572753906,56.33300018310547,58.15800094604492,22692000
2022-01-20,50.73644256591797,54.77199935913086,57.013999938964844,54.676998138427734,56.79999923706055,25225000
2022-01-21,49.394203186035156,53.323001861572266,55.540000915527344,53.13399887084961,54.66400146484375,38010000
2022-01-24,50.16769027709961,54.15800094604492,54.35100173950195,51.34000015258789,53.0890007019043,54256000
2022-01-25,49.47850036621094,53.41400146484375,54.540000915527344,52.422000885009766,52.79999923706055,38158000
2022-01-26,51.60719680786133,55.71200180053711,57.41699981689453,55.00699996948242,55.20000076293945,49715000
2022-01-27,50.235313415527344,54.23099899291992,57.0260009765625,54.10300064086914,56.97200012207031,34183000
2022-01-28,51.88323211669922,56.0099983215332,56.04999923706055,53.23899841308594,54.33599853515625,30254000
2022-01-31,54.27128601074219,58.5880012512207,58.637001037597656,55.599998474121094,55.939998626708984,40288000
2022-02-01,54.90489196777344,59.27199935913086,59.38999938964844,57.582000732421875,58.58700180053711,25719000
2022-02-02,55.896976470947266,60.34299850463867,60.47999954223633,59.362998962402344,59.900001525878906,24443000
2022-02-03,53.80534744262695,58.084999084472656,59.902000427246094,58.012001037597656,59.56700134277344,30602000
2022-02-04,54.667755126953125,59.01599884033203,59.65299987792969,57.61399841308594,57.63800048828125,20548000
2022-02-07,54.43339538574219,58.76300048828125,60.15800094604492,58.41600036621094,59.01599884033203,18671000
2022-02-08,55.59962844848633,60.02199935913086,60.185001373291016,58.69900131225586,58.8380012512207,14570000
2022-02-09,56.629695892333984,61.13399887084961,61.172000885009766,60.15599822998047,60.73500061035156,22004000
2022-02-10,54.77891159057617,59.13600158691406,61.4640007019043,58.856998443603516,59.529998779296875,24920000
2022-02-11,53.11709976196289,57.34199905395508,59.97600173950195,56.90800094604492,59.13600158691406,27281000
2022-02-14,53.59507369995117,57.858001708984375,58.28099822998047,57.00699996948242,57.5,19291000
2022-02-15,55.835845947265625,60.277000427246094,60.604000091552734,58.82500076293945,58.90299987792969,34284000
2022-02-16,55.32080841064453,59.72100067138672,60.08100128173828,58.72200012207031,59.40599822998047,22931000
2022-02-17,53.63398742675781,57.900001525878906,59.15800094604492,57.888999938964844,58.970001220703125,21424000
2022-02-18,53.72568130493164,57.999000549316406,58.77399826049805,57.327999114990234,58.09400177001953,19708000
2022-02-22,53.49132537841797,57.74599838256836,59.020999908447266,56.98099899291992,57.999000549316406,20204000
2022-02-23,52.354732513427734,56.51900100708008,58.50699996948242,56.4739990234375,58.02299880981445,22416000
2022-02-24,53.72660446166992,58.0,58.569000244140625,54.902000427246094,55.15800094604492,35316000
2022-02-25,54.468597412109375,58.80099868774414,58.9379997253418,57.400001525878906,57.983001708984375,22380000
2022-02-28,54.415794372558594,58.74399948120117,59.22999954223633,57.63800048828125,58.099998474121094,25005000
2022-03-01,52.8114128112793,57.012001037597656,58.762001037597656,56.529998779296875,58.479000091552734,24898000
2022-03-02,54.26202392578125,58.577999114990234,59.053001403808594,57.358001708984375,57.45199966430664,21771000
2022-03-03,53.59691619873047,57.86000061035156,59.369998931884766,57.43299865722656,59.36800003051758,26454000
2022-03-04,55.207801818847656,59.5989990234375,60.590999603271484,58.4010009765625,59.27899932861328,44757000
2022-03-07,52.8651237487793,57.06999969482422,59.87799835205078,57.0,59.70800018310547,26494000
2022-03-08,53.351444244384766,57.595001220703125,59.60499954223633,56.361000061035156,57.21699905395508,26993000
2022-03-09,55.30320358276367,59.70199966430664,60.16400146484375,58.70000076293945,58.87900161743164,22560000
2022-03-10,54.44265365600586,58.77299880981445,59.00199890136719,57.637001037597656,58.555999755859375,19323000
2022-03-11,53.52745056152344,57.78499984741211,59.44300079345703,57.71200180053711,59.20000076293945,19813000
2022-03-14,52.596500396728516,56.779998779296875,57.99800109863281,56.474998474121094,57.69599914550781,25234000
2022-03-15,54.90859603881836,59.2760009765625,59.67599868774414,57.50400161743164,57.72700119018555,28260000
2022-03-16,56.23879623413086,60.71200180053711,60.770999908447266,58.40599822998047,59.665000915527344,29454000
2022-03-17,55.82658386230469,60.266998291015625,60.70000076293945,59.76300048828125,60.47200012207031,18174000
2022-03-18,56.54355239868164,61.04100036621094,61.32099914550781,59.5989990234375,60.39699935913086,41538000
2022-03-21,56.075401306152344,60.12900161743164,60.560001373291016,58.88600158691406,60.560001373291016,25789000
2022-03-22,57.012638092041016,61.13399887084961,61.349998474121094,59.93299865722656,60.172000885009766,19262000
2022-03-23,55.89727783203125,59.9379997253418,61.137001037597656,59.91600036621094,60.79999923706055,13839000
2022-03-24,58.4199104309082,62.643001556396484,62.72200012207031,60.20000076293945,60.66299819946289,26016000
2022-03-25,58.647464752197266,62.887001037597656,63.04100036621094,62.00699996948242,62.70800018310547,14538000
2022-03-28,59.02143096923828,63.28799819946289,63.33000183105469,61.577999114990234,62.5880012512207,14427000
2022-03-29,59.82252502441406,64.14700317382812,64.53099822998047,63.0,64.0,23001000
2022-03-30,58.854488372802734,63.10900115966797,64.42900085449219,62.733001708984375,63.887001037597656,18626000
2022-03-31,58.72300720214844,62.96799850463867,63.900001525878906,62.80500030517578,63.04800033569336,21731000
2022-04-01,58.4712028503418,62.698001861572266,63.457000732421875,61.86899948120117,63.16899871826172,16267000
2022-04-04,59.20515060424805,63.48500061035156,63.672000885009766,62.45199966430664,62.641998291015625,16484000
2022-04-05,57.27190399169922,61.4119987487793,63.22600173950195,61.29999923706055,62.95500183105469,19778000
2022-04-06,56.14160919189453,60.20000076293945,61.159000396728516,59.37699890136719,60.20800018310547,23742000
2022-04-07,56.23952865600586,60.30500030517578,60.763999938964844,59.32400131225586,59.983001708984375,16583000
2022-04-08,54.74272918701172,58.70000076293945,59.85900115966797,58.59700012207031,59.737998962402344,20464000
2022-04-11,54.146812438964844,58.06100082397461,58.928001403808594,57.94300079345703,58.257999420166016,23512000
2022-04-12,54.562747955322266,58.50699996948242,59.85900115966797,58.21699905395508,58.9109992980957,17350000
2022-04-13,55.25939178466797,59.25400161743164,59.67100143432617,58.60499954223633,58.849998474121094,20266000
2022-04-14,53.51637649536133,57.3849983215332,59.70600128173828,57.2859992980957,59.499000549316406,27385000
2022-04-18,54.696109771728516,58.650001525878906,59.12200164794922,57.28499984741211,57.28499984741211,21375000
2022-04-19,55.73313522338867,59.762001037597656,59.869998931884766,57.93600082397461,57.93600082397461,16581000
2022-04-20,55.74245834350586,59.77199935913086,61.34299850463867,59.51300048828125,60.41999816894531,13920000
2022-04-21,55.277099609375,59.27299880981445,61.58700180053711,59.066001892089844,60.55400085449219,20352000
2022-04-22,54.738059997558594,58.69499969482422,59.874000549316406,58.625999450683594,59.01100158691406,21064000
2022-04-25,54.82479476928711,58.78799819946289,58.875999450683594,57.11199951171875,58.14899826049805,26959000
2022-04-26,52.23128128051758,56.00699996948242,58.54600143432617,55.97100067138672,58.380001068115234,35809000
2022-04-27,52.18185043334961,55.95399856567383,57.007999420166016,55.5,55.57899856567383,19313000
2022-04-28,53.99106979370117,57.89400100708008,58.50199890136719,55.797000885009766,56.59400177001953,22334000
2022-04-29,51.70157241821289,55.43899917602539,57.827999114990234,55.34000015258789,57.262001037597656,26108000
2022-05-02,53.74951934814453,57.6349983215332,57.763999938964844,55.63800048828125,55.7140007019043,26725000
2022-05-03,54.199031829833984,58.117000579833984,58.67499923706055,57.176998138427734,57.60100173950195,17064000
2022-05-04,56.29642105102539,60.36600112915039,60.40700149536133,57.39799880981445,58.17900085449219,23896000
2022-05-05,54.08898162841797,57.999000549316406,59.7869987487793,57.42900085449219,59.42300033569336,32806000
2022-05-06,54.0992431640625,58.0099983215332,58.99800109863281,56.94300079345703,57.49399948120117,20745000
2022-05-09,52.49706268310547,56.29199981689453,57.79999923706055,56.027000427246094,57.28799819946289,30074000
2022-05-10,54.21955108642578,58.138999938964844,59.1150016784668,57.18000030517578,58.04899978637695,29271000
2022-05-11,52.887821197509766,56.71099853515625,58.46900177001953,56.58599853515625,57.45800018310547,26660000
2022-05-12,53.30375671386719,57.15700149536133,57.361000061035156,55.82600021362305,56.34000015258789,25518000
2022-05-13,54.858375549316406,58.82400131225586,59.159000396728516,57.349998474121094,57.70500183105469,19449000
2022-05-16,54.33892059326172,58.266998291015625,58.91400146484375,57.76499938964844,58.4379997253418,14189000
2022-05-17,56.715152740478516,60.814998626708984,60.900001525878906,59.361000061035156,59.54499816894531,24676000
2022-05-18,53.21049499511719,57.05699920654297,60.071998596191406,56.61800003051758,60.0,35024000
2022-05-19,50.93871307373047,54.62099838256836,56.07500076293945,53.895999908447266,55.79999923706055,34884000
2022-05-20,50.65707778930664,54.319000244140625,55.499000549316406,51.24399948120117,55.38999938964844,40281000
2022-05-23,49.08754348754883,52.63600158691406,53.55699920654297,51.42599868774414,52.400001525878906,58586000
2022-05-24,48.88610076904297,52.41999816894531,52.887001037597656,51.61899948120117,52.66600036621094,25060000
2022-05-25,49.579010009765625,53.16299819946289,53.744998931884766,52.38999938964844,52.38999938964844,17842000
2022-05-26,51.35371780395508,55.066001892089844,55.457000732421875,52.77199935913086,53.15399932861328,39743000
2022-05-27,54.395809173583984,58.327999114990234,58.54600143432617,56.000999450683594,56.20899963378906,37301000
2022-05-31,54.10204315185547,58.01300048828125,58.702999114990234,57.599998474121094,58.45000076293945,30009000
2022-06-01,53.49493408203125,57.36199951171875,59.09400177001953,56.84299850463867,58.757999420166016,18345000
2022-06-02,53.785892486572266,57.67399978637695,57.777000427246094,56.8129997253418,57.775001525878906,29488000
2022-06-03,52.53437042236328,56.332000732421875,56.959999084472656,56.097999572753906,56.887001037597656,20562000
2022-06-06,52.339454650878906,56.12300109863281,57.27199935913086,55.75400161743164,57.152000427246094,14557000
2022-06-07,53.43617630004883,57.29899978637695,57.45399856567383,55.75299835205078,56.05400085449219,15895000
2022-06-08,52.72461700439453,56.5359992980957,57.62699890136719,56.2140007019043,57.18199920654297,24004000
2022-06-09,51.87223434448242,55.62200164794922,57.36399841308594,55.59299850463867,56.11600112915039,18787000
2022-06-10,50.47801971435547,54.12699890136719,55.104000091552734,53.97200012207031,55.00899887084961,24018000
2022-06-13,48.27245330810547,51.762001037597656,53.29999923706055,51.60200119018555,52.678001403808594,31619000
2022-06-14,48.510257720947266,52.016998291015625,52.49700164794922,51.45899963378906,52.49700164794922,24380000
2022-06-15,49.12017822265625,52.67100143432617,53.382999420166016,51.551998138427734,52.915000915527344,19141000
2022-06-16,46.36625671386719,49.71799850463867,51.44300079345703,49.22800064086914,51.19499969482422,37244000
2022-06-17,46.50334167480469,49.8650016784668,50.0359992980957,48.7869987487793,49.5,43504000
2022-06-21,47.37031555175781,50.37699890136719,51.090999603271484,50.28900146484375,50.40800094604492,21901000
2022-06-22,46.64910125732422,49.61000061035156,50.37699890136719,49.41999816894531,49.63100051879883,24721000
2022-06-23,46.69423294067383,49.65800094604492,50.17499923706055,49.10100173950195,50.17499923706055,16707000
2022-06-24,47.87056350708008,50.909000396728516,51.18000030517578,50.14500045776367,50.5,21201000
2022-06-27,47.55274200439453,50.57099914550781,51.40399932861328,50.28200149536133,51.380001068115234,13207000
2022-06-28,46.87006759643555,49.845001220703125,51.415000915527344,49.81100082397461,51.26100158691406,15667000
2022-06-29,46.114051818847656,49.04100036621094,49.59299850463867,48.66699981689453,49.54800033569336,14444000
2022-06-30,45.6815071105957,48.58100128173828,49.374000549316406,48.07099914550781,48.803001403808594,18890000
2022-07-01,44.93207550048828,47.784000396728516,48.426998138427734,46.94300079345703,47.941001892089844,21315000
2022-07-05,44.787269592285156,47.630001068115234,47.69300079345703,46.39099884033203,47.20000076293945,20711000
2022-07-06,45.380611419677734,48.26100158691406,48.70500183105469,47.54999923706055,48.053001403808594,22975000
2022-07-07,46.87853240966797,49.854000091552734,50.138999938964844,48.81100082397461,48.81100082397461,21319000
2022-07-08,46.89263153076172,49.86899948120117,49.9630012512207,49.0,49.29899978637695,12713000
2022-07-11,45.40411376953125,48.2859992980957,49.1619987487793,48.097999572753906,48.94900131225586,21449000
2022-07-12,45.26401138305664,48.137001037597656,49.2599983215332,48.00699996948242,48.78200149536133,21159000
2022-07-13,45.29785919189453,48.17300033569336,48.56399917602539,47.229000091552734,47.49800109863281,17665000
2022-07-14,45.571495056152344,48.4640007019043,48.667999267578125,47.34299850463867,48.244998931884766,19957000
2022-07-15,46.494873046875,49.44599914550781,49.4739990234375,48.612998962402344,49.08300018310547,18714000
2022-07-18,46.17517852783203,49.10599899291992,50.24100112915039,48.819000244140625,50.01599884033203,18042000
2022-07-19,47.86211013793945,50.900001525878906,51.1349983215332,49.5890007019043,49.68000030517578,27257000
2022-07-20,48.12256622314453,51.176998138427734,51.76100158691406,50.446998596191406,50.95399856567383,27412000
2022-07-21,48.67829132080078,51.768001556396484,51.78099822998047,50.60200119018555,51.255001068115234,13912000
2022-07-22,48.193092346191406,51.25199890136719,51.979000091552734,50.667999267578125,51.88100051879883,17867000
2022-07-25,48.248565673828125,51.31100082397461,51.332000732421875,50.65299987792969,51.04600143432617,15061000
2022-07-26,48.058631896972656,51.10900115966797,51.680999755859375,50.891998291015625,51.4630012512207,17958000
2022-07-27,49.62895584106445,52.77899932861328,53.01900100708008,51.69300079345703,51.81999969482422,25699000
2022-07-28,50.17621994018555,53.361000061035156,53.652000427246094,52.05799865722656,52.85900115966797,14867000
2022-07-29,50.3520622253418,53.54800033569336,53.78300094604492,53.027000427246094,53.198001861572266,18482000
2022-08-01,50.43574523925781,53.637001037597656,53.979000091552734,53.04399871826172,53.143001556396484,11485000
2022-08-02,49.950538635253906,53.12099838256836,53.91999816894531,52.722999572753906,53.321998596191406,13072000
2022-08-03,51.41086196899414,54.67399978637695,54.79999923706055,53.4119987487793,53.52899932861328,19228000
2022-08-04,51.980690002441406,55.279998779296875,55.314998626708984,54.500999450683594,54.840999603271484,16293000
2022-08-05,51.852806091308594,55.14400100708008,55.20000076293945,54.327999114990234,54.4900016784668,14357000
2022-08-08,51.297080993652344,54.553001403808594,55.29899978637695,53.874000549316406,54.935001373291016,13722000
2022-08-09,50.10005569458008,53.279998779296875,53.935001373291016,52.775001525878906,53.909000396728516,20072000
2022-08-10,51.75595474243164,55.04100036621094,55.10200119018555,53.92399978637695,54.60599899291992,19519000
2022-08-11,51.28767395019531,54.542999267578125,55.777000427246094,54.42499923706055,55.39500045776367,14268000
2022-08-12,52.49128341674805,55.823001861572266,55.840999603271484,54.564998626708984,54.78099822998047,18399000
2022-08-15,52.55992126464844,55.895999908447266,55.979000091552734,55.04999923706055,55.42300033569336,14329000
2022-08-16,51.872554779052734,55.165000915527344,55.79399871826172,54.60100173950195,55.75199890136719,14782000
2022-08-17,50.644493103027344,53.85900115966797,54.47100067138672,53.104000091552734,54.4370002746582,19022000
2022-08-18,52.51197052001953,55.845001220703125,56.055999755859375,54.16299819946289,54.340999603271484,23459000
2022-08-19,51.56976318359375,54.84299850463867,55.55799865722656,54.7869987487793,55.08599853515625,16923000
2022-08-22,49.71923065185547,52.875,54.308998107910156,52.70500183105469,54.25699996948242,18555000
2022-08-23,49.81608581542969,52.97800064086914,53.762001037597656,52.89099884033203,53.3849983215332,9003000
2022-08-24,49.91575241088867,53.08399963378906,53.130001068115234,52.34400177001953,52.95600128173828,11883000
2022-08-25,51.7296257019043,55.01300048828125,55.04800033569336,53.22600173950195,53.345001220703125,17345000
2022-08-26,48.97731018066406,52.08599853515625,55.0989990234375,52.0,54.88399887084961,25682000
2022-08-29,48.349185943603516,51.417999267578125,52.27399826049805,51.20000076293945,52.0,16580000
2022-08-30,47.61668395996094,50.638999938964844,51.79100036621094,50.138999938964844,51.683998107910156,18282000
2022-08-31,46.932132720947266,49.9109992980957,51.01599884033203,49.65399932861328,51.01599884033203,32445000
2022-09-01,46.26450729370117,49.20100021362305,49.32899856567383,48.08399963378906,49.14699935913086,31930000
2022-09-02,47.03650665283203,50.02199935913086,51.98099899291992,49.83000183105469,51.79999923706055,40426000
2022-09-06,46.8465576171875,49.81999969482422,50.400001525878906,49.0369987487793,49.85300064086914,24738000
2022-09-07,47.49820327758789,50.51300048828125,50.94300079345703,49.90800094604492,50.29100036621094,20440000
2022-09-08,48.137611389160156,51.19300079345703,51.27399826049805,49.869998931884766,50.2599983215332,22535000
2022-09-09,49.12213134765625,52.2400016784668,52.59700012207031,51.54399871826172,51.54399871826172,23019000
2022-09-12,49.74837112426758,52.90599822998047,53.125999450683594,52.45600128173828,52.67499923706055,18157000
2022-09-13,47.35903549194336,50.3650016784668,51.82699966430664,50.167999267578125,51.38399887084961,35136000
2022-09-14,48.02665710449219,51.07500076293945,51.29999923706055,50.277000427246094,50.7130012512207,20605000
2022-09-15,47.02898025512695,50.013999938964844,51.15599822998047,49.72800064086914,50.893001556396484,36574000
2022-09-16,47.25089645385742,50.25,50.36899948120117,48.986000061035156,49.77199935913086,59012000
2022-09-19,47.1888313293457,50.183998107910156,50.3390007019043,49.44200134277344,49.44200134277344,17948000
2022-09-20,46.36323928833008,49.305999755859375,49.882999420166016,48.97200012207031,49.599998474121094,17132000
2022-09-21,45.71656799316406,48.2140007019043,49.987998962402344,48.176998138427734,49.0989990234375,20669000
2022-09-22,45.28703308105469,47.76100158691406,48.32099914550781,47.29999923706055,48.24300003051758,23540000
2022-09-23,44.44028854370117,46.86800003051758,47.79899978637695,46.20000076293945,47.494998931884766,29649000
2022-09-26,43.831546783447266,46.22600173950195,47.33000183105469,46.13100051879883,46.89799880981445,19361000
2022-09-27,44.0676383972168,46.474998474121094,46.98899841308594,45.6510009765625,46.95500183105469,17850000
2022-09-28,44.18238067626953,46.59600067138672,46.875,45.6349983215332,46.13399887084961,27605000
2022-09-29,42.681373596191406,45.01300048828125,46.137001037597656,44.487998962402344,46.09000015258789,39997000
2022-09-30,42.10107421875,44.4010009765625,45.78200149536133,44.36399841308594,44.90599822998047,27202000
2022-10-03,43.311927795410156,45.678001403808594,46.095001220703125,44.696998596191406,44.92399978637695,21479000
2022-10-04,45.5003776550293,47.986000061035156,48.01599884033203,46.58599853515625,46.849998474121094,27277000
2022-10-05,45.96877670288086,48.47999954223633,48.808998107910156,47.145999908447266,47.255001068115234,18493000
2022-10-06,45.46623992919922,47.95000076293945,48.970001220703125,47.87200164794922,48.37900161743164,17250000
2022-10-07,43.662757873535156,46.04800033569336,47.33399963378906,45.902000427246094,47.237998962402344,28425000
2022-10-10,41.502750396728516,43.77000045776367,46.0099983215332,43.183998107910156,46.0,33454000
2022-10-11,40.844703674316406,43.07600021362305,43.869998931884766,42.55799865722656,43.52000045776367,28046000
2022-10-12,40.82669448852539,43.05699920654297,43.571998596191406,42.80099868774414,43.224998474121094,15046000
2022-10-13,41.52836990356445,43.797000885009766,44.37699890136719,41.50699996948242,41.742000579833984,27980000
2022-10-14,40.4976692199707,42.709999084472656,44.395999908447266,42.64099884033203,44.327999114990234,22816000
2022-10-17,41.28183364868164,43.5369987487793,44.124000549316406,43.3390007019043,43.95500183105469,24120000
2022-10-18,41.23063659667969,43.483001708984375,44.85499954223633,43.01599884033203,44.82099914550781,20341000
2022-10-19,41.27519226074219,43.529998779296875,43.83000183105469,43.0880012512207,43.323001861572266,12702000
2022-10-20,40.801090240478516,43.029998779296875,44.21900177001953,42.81399917602539,43.51300048828125,23402000
2022-10-21,42.64344024658203,44.972999572753906,45.066001892089844,42.91699981689453,43.20899963378906,26980000
2022-10-24,43.28727722167969,45.652000427246094,45.87900161743164,45.111000061035156,45.27299880981445,25287000
2022-10-25,43.62388229370117,46.00699996948242,46.42599868774414,45.68299865722656,45.79899978637695,18246000
2022-10-26,43.729129791259766,46.11800003051758,47.17599868774414,45.534000396728516,45.79899978637695,29291000
2022-10-27,43.18107986450195,45.540000915527344,47.07699966430664,45.49100112915039,46.60499954223633,18512000
2022-10-28,44.840423583984375,47.290000915527344,47.433998107910156,45.564998626708984,45.69599914550781,23094000
2022-10-31,44.57682800292969,47.012001037597656,47.28099822998047,46.500999450683594,46.685001373291016,19259000
2022-11-01,44.36632537841797,46.790000915527344,47.68299865722656,46.31700134277344,47.58000183105469,16324000
2022-11-02,43.24081039428711,45.60300064086914,48.04499816894531,45.571998596191406,47.02799987792969,21070000
2022-11-03,42.11150360107422,44.4119987487793,45.2859992980957,44.13600158691406,45.09400177001953,23887000
2022-11-04,44.11979675292969,46.529998779296875,46.888999938964844,45.327999114990234,45.68600082397461,28891000
2022-11-07,45.06040954589844,47.52199935913086,47.77399826049805,46.15700149536133,46.676998138427734,17687000
2022-11-08,45.713722229003906,48.21099853515625,48.880001068115234,47.349998474121094,48.125,20743000
2022-11-09,44.515193939208984,46.946998596191406,47.900001525878906,46.90299987792969,47.849998474121094,23695000
2022-11-10,48.033016204833984,50.65700149536133,50.71699905395508,48.71900177001953,49.099998474121094,33970000
2022-11-11,49.12535095214844,51.808998107910156,51.900001525878906,50.20000076293945,50.47999954223633,26728000
2022-11-14,48.663570404052734,51.321998596191406,52.50199890136719,51.29999923706055,51.53900146484375,21608000
2022-11-15,49.72555923461914,52.44200134277344,53.25699996948242,51.590999603271484,52.99599838256836,23315000
2022-11-16,48.52229309082031,51.17300033569336,51.854000091552734,51.02799987792969,51.672000885009766,25405000
2022-11-17,48.558326721191406,51.21099853515625,51.27399826049805,50.31399917602539,50.5,20375000
2022-11-18,48.84751892089844,51.51599884033203,51.77299880981445,51.099998474121094,51.6870002746582,14536000
2022-11-21,49.063716888427734,51.74399948120117,52.084999084472656,51.111000061035156,51.29399871826172,18622000
2022-11-22,50.2593994140625,53.005001068115234,53.02799987792969,51.9010009765625,52.297000885009766,18920000
2022-11-23,50.59980392456055,53.36399841308594,54.14799880981445,52.880001068115234,53.03499984741211,13964000
2022-11-25,50.24612045288086,52.99100112915039,53.45800018310547,52.948001861572266,53.069000244140625,7455000
2022-11-28,49.51601028442383,52.22100067138672,52.875999450683594,51.624000549316406,52.52399826049805,23505000
2022-11-29,49.43825149536133,52.138999938964844,52.584999084472656,51.483001708984375,52.29999923706055,12694000
2022-11-30,52.248722076416016,55.10300064086914,55.16600036621094,51.78300094604492,52.4109992980957,47349000
2022-12-01,52.2221794128418,55.07500076293945,55.242000579833984,54.19599914550781,55.10300064086914,23006000
2022-12-02,51.27872085571289,54.08000183105469,54.27000045776367,53.608001708984375,53.70500183105469,19320000
2022-12-05,50.315338134765625,53.06399917602539,53.948001861572266,52.54899978637695,53.777000427246094,18548000
2022-12-06,49.858306884765625,52.582000732421875,53.356998443603516,52.17499923706055,53.064998626708984,19655000
2022-12-07,49.164215087890625,51.849998474121094,52.5,51.60499954223633,51.959999084472656,16524000
2022-12-08,50.35707092285156,53.108001708984375,53.242000579833984,52.03799819946289,52.08100128173828,27514000
2022-12-09,51.6504020690918,54.47200012207031,55.263999938964844,54.099998474121094,55.09400177001953,37028000
2022-12-12,52.77971267700195,55.66299819946289,55.6870002746582,54.2239990234375,54.474998474121094,23416000
2022-12-13,54.14607238769531,57.104000091552734,58.183998107910156,56.50299835205078,57.582000732421875,40414000
2022-12-14,54.46846389770508,57.444000244140625,58.564998626708984,56.77299880981445,56.85499954223633,35218000
2022-12-15,52.90961837768555,55.79999923706055,56.64899826049805,55.77000045776367,56.37799835205078,36876000
2022-12-16,52.71144485473633,55.590999603271484,55.97999954223633,55.08700180053711,55.744998931884766,49549000
2022-12-19,52.550811767578125,54.9630012512207,55.64799880981445,54.571998596191406,55.402000427246094,25092000
2022-12-20,52.01443862915039,54.402000427246094,54.900001525878906,54.09199905395508,54.516998291015625,29831000
2022-12-21,53.659908294677734,56.12300109863281,56.191001892089844,54.69499969482422,54.766998291015625,25619000
2022-12-22,52.881629943847656,55.308998107910156,55.49399948120117,54.720001220703125,55.334999084472656,27553000
2022-12-23,52.81852722167969,55.24300003051758,55.36199951171875,54.744998931884766,55.0,13761000
2022-12-27,52.924659729003906,55.354000091552734,55.81100082397461,54.694000244140625,55.154998779296875,16677000
2022-12-28,52.09762191772461,54.48899841308594,55.777000427246094,54.244998931884766,55.16400146484375,15410000
2022-12-29,53.33291244506836,55.78099822998047,56.2599983215332,55.04999923706055,55.185001373291016,18176000
2022-12-30,53.45912170410156,55.91299819946289,55.96500015258789,54.80099868774414,55.18199920654297,14376000
2023-01-03,52.91891860961914,55.347999572753906,56.75699996948242,55.07899856567383,56.5,20173000
2023-01-04,53.56525802612305,56.02399826049805,56.816001892089844,55.60300064086914,56.29899978637695,17074000
2023-01-05,53.066162109375,55.50199890136719,55.98400115966797,55.11199951171875,55.57099914550781,16277000
2023-01-06,56.260536193847656,58.84299850463867,59.099998474121094,56.22999954223633,56.3120002746582,35261000
2023-01-09,55.15717697143555,57.68899917602539,60.16699981689453,56.055999755859375,59.22999954223633,37739000
2023-01-10,54.969783782958984,57.49300003051758,57.51300048828125,54.999000549316406,57.20000076293945,44635000
2023-01-11,55.276695251464844,57.81399917602539,57.83399963378906,56.6870002746582,57.29999923706055,22502000
2023-01-12,55.640018463134766,58.194000244140625,58.51100158691406,57.375999450683594,57.558998107910156,19514000
2023-01-13,55.358924865722656,57.900001525878906,58.19300079345703,57.66699981689453,57.71500015258789,19647000
2023-01-17,55.38187026977539,57.92399978637695,58.5359992980957,57.45399856567383,57.4900016784668,15835000
2023-01-18,54.90858840942383,57.42900085449219,58.75600051879883,57.37200164794922,58.32099914550781,15703000
2023-01-19,53.85017776489258,56.321998596191406,57.00600051879883,56.03099822998047,56.9119987487793,22692000
2023-01-20,54.572998046875,57.077999114990234,57.13600158691406,55.9109992980957,56.303001403808594,22950000
2023-01-23,55.61037826538086,58.16299819946289,58.479000091552734,56.97800064086914,57.20000076293945,23429000
2023-01-24,55.93545913696289,58.50299835205078,58.66899871826172,57.5629997253418,57.84400177001953,13825000
2023-01-25,55.99760437011719,58.56800079345703,58.696998596191406,57.604000091552734,57.766998291015625,13766000
2023-01-26,57.23099136352539,59.858001708984375,60.055999755859375,58.625999450683594,59.04100036621094,24525000
2023-01-27,56.50530242919922,59.0989990234375,59.92499923706055,59.01900100708008,59.332000732421875,19344000
2023-01-30,55.59316635131836,58.14500045776367,58.96099853515625,57.97600173950195,58.29999923706055,16984000
2023-01-31,55.93354415893555,58.500999450683594,58.722999572753906,58.07400131225586,58.207000732421875,23719000
2023-02-01,57.629695892333984,60.275001525878906,60.83000183105469,58.27000045776367,58.356998443603516,26553000
2023-02-02,57.918426513671875,60.57699966430664,61.31399917602539,59.974998474121094,60.76300048828125,24188000
2023-02-03,57.139198303222656,59.762001037597656,60.80400085449219,59.625,59.79999923706055,19093000
2023-02-06,57.49105453491211,60.130001068115234,60.321998596191406,59.22600173950195,59.33399963378906,18709000
2023-02-07,58.74834442138672,61.44499969482422,61.70100021362305,59.97200012207031,60.066001892089844,24025000
2023-02-08,57.53025436401367,60.17100143432617,61.018001556396484,60.0620002746582,60.667999267578125,15290000
2023-02-09,57.31034851074219,59.941001892089844,61.49300003051758,59.54800033569336,61.2599983215332,18837000
2023-02-10,56.721378326416016,59.32500076293945,59.84600067138672,58.9630012512207,59.63100051879883,21035000
2023-02-13,57.473838806152344,60.11199951171875,60.14799880981445,59.34700012207031,59.5,19847000
2023-02-14,57.58761215209961,60.23099899291992,60.55799865722656,59.332000732421875,59.41699981689453,17571000
2023-02-15,58.10200881958008,60.76900100708008,60.827999114990234,59.66999816894531,59.88600158691406,12683000
2023-02-16,57.41838836669922,60.05400085449219,60.89400100708008,59.95500183105469,60.07500076293945,17449000
2023-02-17,56.94511413574219,59.558998107910156,60.084999084472656,59.244998931884766,60.0,14215000
2023-02-21,55.601776123046875,58.15399932861328,59.308998107910156,57.98400115966797,59.0,22737000
2023-02-22,55.08833694458008,57.617000579833984,58.308998107910156,57.209999084472656,58.224998474121094,23475000
2023-02-23,55.81785202026367,58.380001068115234,58.59400177001953,57.36800003051758,58.57500076293945,18939000
2023-02-24,55.239410400390625,57.775001525878906,58.02399826049805,57.361000061035156,57.75299835205078,15353000
2023-02-27,55.97561264038086,58.54499816894531,58.97999954223633,58.42599868774414,58.58700180053711,18321000
2023-02-28,56.820823669433594,59.42900085449219,59.858001708984375,58.21799850463867,58.555999755859375,27822000
2023-03-01,56.75196838378906,59.356998443603516,59.82099914550781,59.029998779296875,59.400001525878906,15484000
2023-03-02,57.2376823425293,59.8650016784668,60.09400177001953,58.612998962402344,58.93899917602539,27525000
2023-03-03,60.49897766113281,63.2760009765625,63.573001861572266,61.57500076293945,61.77000045776367,46088000
2023-03-06,60.5142822265625,63.29199981689453,64.40499877929688,63.17300033569336,63.5,24983000
2023-03-07,59.77138137817383,62.51499938964844,63.577999114990234,62.35100173950195,63.48699951171875,19334000
2023-03-08,60.451175689697266,63.22600173950195,63.27299880981445,62.367000579833984,62.77799987792969,20912000
2023-03-09,59.51992416381836,62.25199890136719,64.24400329589844,62.1879997253418,63.007999420166016,21775000
2023-03-10,58.784671783447266,61.483001708984375,63.01599884033203,61.28200149536133,62.819000244140625,26098000
2023-03-13,58.941471099853516,61.64699935913086,62.43899917602539,60.6879997253418,60.70899963378906,22364000
2023-03-14,60.47029113769531,63.24599838256836,63.33700180053711,61.849998474121094,62.3390007019043,25893000
2023-03-15,59.85647964477539,62.604000091552734,63.00699996948242,61.619998931884766,62.766998291015625,22963000
2023-03-16,60.856571197509766,63.650001525878906,63.707000732421875,61.78099822998047,62.185001373291016,31716000
2023-03-17,60.32783889770508,63.09700012207031,63.957000732421875,62.70800018310547,63.650001525878906,79303000
2023-03-20,61.545921325683594,64.37100219726562,64.4739990234375,63.15999984741211,63.27399826049805,25857000
2023-03-21,61.31866455078125,63.67499923706055,64.65899658203125,63.43299865722656,64.30899810791016,25000000
2023-03-22,60.75722885131836,63.09199905395508,64.8499984741211,63.06700134277344,63.689998626708984,25799000
2023-03-23,61.55747985839844,63.92300033569336,64.81800079345703,63.15299987792969,63.88999938964844,27162000
2023-03-24,61.26280212402344,63.617000579833984,63.93000030517578,62.85499954223633,63.803001403808594,17228000
2023-03-27,60.36433029174805,62.683998107910156,63.90999984741211,62.5989990234375,63.900001525878906,14707000
2023-03-28,60.15824890136719,62.470001220703125,62.65399932861328,61.88600158691406,62.52299880981445,12439000
2023-03-29,60.23529052734375,62.54999923706055,63.4010009765625,62.4640007019043,63.27799987792969,26395000
2023-03-30,61.029762268066406,63.375,63.60499954223633,62.93000030517578,63.27299880981445,21523000
2023-03-31,61.779930114746094,64.15399932861328,64.22200012207031,62.590999603271484,63.05400085449219,22097000
2023-04-03,61.8694953918457,64.24700164794922,64.38999938964844,63.64400100708008,63.900001525878906,15682000
2023-04-04,61.09332275390625,63.441001892089844,64.42400360107422,63.20000076293945,64.31500244140625,13429000
2023-04-05,60.573307037353516,62.9010009765625,63.16999816894531,62.56999969482422,63.11399841308594,16908000
2023-04-06,59.959877014160156,62.263999938964844,62.84000015258789,61.89699935913086,62.41600036621094,14493000
2023-04-10,60.41728973388672,62.73899841308594,62.7869987487793,61.64500045776367,61.80500030517578,15400000
2023-04-11,59.85683822631836,62.15700149536133,63.0880012512207,62.082000732421875,63.077999114990234,16518000
2023-04-12,59.387847900390625,61.66999816894531,62.75199890136719,61.625999450683594,62.73400115966797,14112000
2023-04-13,60.113948822021484,62.42399978637695,62.650001525878906,61.71099853515625,61.90700149536133,17265000
2023-04-14,59.66135025024414,61.95399856567383,62.803001403808594,61.520999908447266,62.04800033569336,17465000
2023-04-17,60.41440963745117,62.736000061035156,62.83399963378906,61.78099822998047,61.861000061035156,13201000
2023-04-18,60.892059326171875,63.231998443603516,63.54999923706055,62.7130012512207,63.1619987487793,16806000
2023-04-19,61.101985931396484,63.45000076293945,63.67900085449219,62.55500030517578,62.67900085449219,19060000
2023-04-20,60.95945739746094,63.301998138427734,64.27300262451172,62.7140007019043,62.7859992980957,20239000
2023-04-21,60.947906494140625,63.290000915527344,63.380001068115234,62.19900131225586,63.060001373291016,14807000
2023-04-24,61.105831146240234,63.45399856567383,63.8849983215332,63.17900085449219,63.36399841308594,12338000
2023-04-25,59.90016174316406,62.20199966430664,63.5989990234375,62.17399978637695,63.39899826049805,23670000
2023-04-26,59.338741302490234,61.61899948120117,62.3129997253418,61.35100173950195,61.99700164794922,17179000
2023-04-27,59.55253219604492,61.840999603271484,62.00899887084961,60.323001861572266,61.61899948120117,18250000
2023-04-28,60.33159255981445,62.650001525878906,62.678001403808594,61.45600128173828,61.90700149536133,16183000
2023-05-01,61.43421936035156,63.79499816894531,63.89899826049805,62.619998931884766,62.650001525878906,17030000
2023-05-02,58.967994689941406,61.23400115966797,62.650001525878906,60.50199890136719,62.57600021362305,28357000
2023-05-03,59.05080795288086,61.31999969482422,62.19499969482422,61.2400016784668,61.689998626708984,19816000
2023-05-04,58.758056640625,61.01599884033203,61.395999908447266,60.12900161743164,61.0,17684000
2023-05-05,60.6801872253418,63.012001037597656,63.14699935913086,61.33700180053711,61.595001220703125,24876000
2023-05-08,60.578121185302734,62.90599822998047,63.073001861572266,62.05799865722656,62.97800064086914,13934000
2023-05-09,59.56216049194336,61.85100173950195,62.40700149536133,61.58599853515625,62.27299880981445,16990000
2023-05-10,60.30943298339844,62.62699890136719,62.79999923706055,61.82699966430664,62.20600128173828,19174000
2023-05-11,60.44425582885742,62.766998291015625,62.847999572753906,61.79899978637695,62.65800094604492,14430000
2023-05-12,60.77938461303711,63.1150016784668,63.27000045776367,62.42100143432617,62.8380012512207,11942000
2023-05-15,61.612369537353516,63.97999954223633,64.00199890136719,62.84700012207031,63.1870002746582,14614000
2023-05-16,61.77029800415039,64.14399719238281,64.69100189208984,63.87300109863281,64.0459976196289,14967000
2023-05-17,63.31398391723633,65.74700164794922,66.08999633789062,64.45800018310547,64.73500061035156,24133000
2023-05-18,65.28137969970703,67.79000091552734,67.93599700927734,65.5999984741211,65.5999984741211,26389000
2023-05-19,65.70028686523438,68.2249984741211,68.49500274658203,67.84100341796875,68.0,22968000
2023-05-22,65.32662963867188,67.83699798583984,68.46800231933594,67.41200256347656,68.13999938964844,17796000
2023-05-23,66.10955047607422,68.6500015258789,69.89900207519531,68.2020034790039,69.06400299072266,36088000
2023-05-24,65.43833923339844,67.9530029296875,68.43099975585938,67.60600280761719,68.14399719238281,23021000
2023-05-25,70.18302154541016,72.87999725341797,73.23899841308594,69.0770034790039,69.94100189208984,49263000
2023-05-26,78.26543426513672,81.27300262451172,81.49800109863281,74.7020034790039,74.74299621582031,82500000
2023-05-30,77.3611831665039,80.33399963378906,92.1780014038086,79.88099670410156,83.51200103759766,116912000
2023-05-31,77.80607604980469,80.7959976196289,82.16699981689453,79.01300048828125,79.48999786376953,89998000
2023-06-01,76.07173156738281,78.99500274658203,80.5790023803711,78.51599884033203,80.06199645996094,80792000
2023-06-02,78.19513702392578,81.19999694824219,82.37699890136719,78.72000122070312,79.06400299072266,62815000
2023-06-05,77.26103210449219,80.2300033569336,80.91999816894531,79.447998046875,80.91999816894531,26222000
2023-06-06,76.07654571533203,79.0,80.19999694824219,77.63800048828125,80.19999694824219,37823000
2023-06-07,76.32980346679688,79.26300048828125,80.54499816894531,78.7509994506836,78.98200225830078,28957000
2023-06-08,77.4439926147461,80.41999816894531,80.5009994506836,78.87799835205078,79.49099731445312,21909000
2023-06-09,77.48444366455078,80.46199798583984,81.7750015258789,80.38800048828125,80.58000183105469,19241000
2023-06-12,82.37067413330078,85.53600311279297,85.80000305175781,81.11199951171875,81.11199951171875,51065000
2023-06-13,81.96236419677734,85.11199951171875,86.32599639892578,84.0999984741211,86.11299896240234,38990000
2023-06-14,85.338623046875,88.61799621582031,88.85399627685547,84.72200012207031,85.58999633789062,43524000
2023-06-15,85.07379913330078,88.34300231933594,88.7969970703125,87.10199737548828,88.44100189208984,33814000
2023-06-16,83.59848022460938,86.81099700927734,88.99500274658203,86.54499816894531,88.9280014038086,68299000
2023-06-20,83.59078979492188,86.8030014038086,87.70700073242188,86.10099792480469,86.26599884033203,27535000
2023-06-21,82.0640640258789,84.76599884033203,86.5999984741211,84.45999908447266,86.0,23229000
2023-06-22,81.55770874023438,84.24299621582031,84.89099884033203,83.53099822998047,84.50900268554688,23464000
2023-06-23,79.5943603515625,82.21499633789062,83.60199737548828,81.88500213623047,83.4010009765625,37413000
2023-06-26,79.54402160644531,82.16300201416016,83.69999694824219,82.02200317382812,82.5,21372000
2023-06-27,82.13568878173828,84.83999633789062,85.0,82.0999984741211,82.86799621582031,24923000
2023-06-28,82.09117889404297,84.79399871826172,85.85299682617188,83.70600128173828,83.87300109863281,19445000
2023-06-29,83.50753021240234,86.25700378417969,86.28399658203125,84.64099884033203,85.44499969482422,23386000
2023-06-30,83.97802734375,86.74299621582031,87.45700073242188,86.43299865722656,86.85199737548828,23145000
2023-07-03,84.85031127929688,87.64399719238281,87.6729965209961,86.49199676513672,86.86199951171875,9038000
2023-07-05,83.43879699707031,86.18599700927734,87.69000244140625,86.17500305175781,86.73999786376953,14440000
2023-07-06,82.09696197509766,84.80000305175781,85.38999938964844,84.43299865722656,84.5,23939000
2023-07-07,81.97595977783203,84.67500305175781,85.79900360107422,84.46600341796875,85.04299926757812,19409000
2023-07-10,84.9751968383789,87.77300262451172,87.91699981689453,84.8280029296875,84.8280029296875,30622000
2023-07-11,85.39344787597656,88.20500183105469,88.30000305175781,86.46299743652344,88.11100006103516,25498000
2023-07-12,86.15825653076172,88.99500274658203,89.75900268554688,88.19999694824219,88.9000015258789,28197000
2023-07-13,86.19795227050781,89.03600311279297,89.89399719238281,87.8270034790039,89.89399719238281,25912000
2023-07-14,86.02562713623047,88.85800170898438,90.33499908447266,88.61599731445312,88.61599731445312,18510000
2023-07-17,88.13324737548828,91.03500366210938,91.32099914550781,88.97799682617188,89.10099792480469,26819000
2023-07-18,87.46328735351562,90.34300231933594,90.98999786376953,89.82599639892578,90.5979995727539,24513000
2023-07-19,87.26383972167969,90.13700103759766,90.59700012207031,88.56300354003906,89.72699737548828,24118000
2023-07-20,86.00238037109375,88.83399963378906,90.69999694824219,88.5999984741211,89.25399780273438,28268000
2023-07-21,86.81658172607422,89.67500305175781,91.11499786376953,89.38300323486328,90.4489974975586,74287000
2023-07-24,87.28514099121094,90.15899658203125,90.54399871826172,89.4229965209961,90.08000183105469,19992000
2023-07-25,88.87288665771484,91.79900360107422,92.31800079345703,90.06199645996094,90.06199645996094,20042000
2023-07-26,86.46224212646484,89.30899810791016,91.06199645996094,88.76499938964844,90.9000015258789,19877000
2023-07-27,86.50484466552734,89.35299682617188,90.98500061035156,88.5999984741211,90.8499984741211,21922000
2023-07-28,87.11087036132812,89.97899627685547,90.35600280761719,89.3949966430664,89.93199920654297,18791000
2023-07-31,87.00051879882812,89.86499786376953,90.0999984741211,89.0999984741211,89.75,14952000
2023-08-01,89.06745910644531,92.0,92.06199645996094,89.7699966430664,89.89800262451172,19683000
2023-08-02,86.3857650756836,89.2300033569336,91.30000305175781,89.02899932861328,91.2300033569336,26877000
2023-08-03,85.67709350585938,88.49800109863281,89.53299713134766,88.10800170898438,88.66200256347656,18281000
2023-08-04,85.35472106933594,88.16500091552734,89.36199951171875,87.33699798583984,88.49800109863281,21156000
2023-08-07,86.84658813476562,89.70600128173828,89.73699951171875,88.5270004272461,88.76799774169922,11146000
2023-08-08,85.50089263916016,88.31600189208984,89.05999755859375,87.33999633789062,89.00900268554688,14081000
2023-08-09,82.36126708984375,85.072998046875,88.35299682617188,84.87200164794922,88.27200317382812,24672000
2023-08-10,81.60322570800781,84.29000091552734,86.1500015258789,83.70700073242188,85.31199645996094,20186000
2023-08-11,80.33110809326172,82.97599792480469,83.63999938964844,82.3479995727539,83.4010009765625,20331000
2023-08-14,82.68753051757812,85.41000366210938,85.41799926757812,82.73799896240234,83.11299896240234,17688000
2023-08-15,81.56643676757812,84.25199890136719,85.46199798583984,83.64600372314453,84.9209976196289,14035000
2023-08-16,80.6438217163086,83.29900360107422,85.44999694824219,83.19599914550781,84.77899932861328,16003000
2023-08-17,80.0735855102539,82.70999908447266,83.94200134277344,82.70099639892578,83.6510009765625,19228000
2023-08-18,79.95160675048828,82.58399963378906,82.81700134277344,81.19999694824219,82.0,17759000
2023-08-21,83.75634002685547,86.51399993896484,86.73400115966797,83.177001953125,83.40599822998047,30012000
2023-08-22,82.85115051269531,85.5790023803711,87.4749984741211,85.08799743652344,87.34100341796875,17079000
2023-08-23,84.86387634277344,87.65799713134766,87.81900024414062,85.0,85.0770034790039,19692000
2023-08-24,82.7223892211914,85.44599914550781,90.98600006103516,85.24600219726562,90.23500061035156,30934000
2023-08-25,82.46678161621094,85.18199920654297,86.94400024414062,83.76699829101562,85.7020034790039,24181000
2023-08-28,83.36328125,86.10800170898438,86.41300201416016,84.71099853515625,85.63899993896484,14306000
2023-08-29,86.15631866455078,88.99299621582031,89.28399658203125,85.64199829101562,85.83999633789062,27822000
2023-08-30,86.38383483886719,89.22799682617188,89.87100219726562,87.91100311279297,89.23899841308594,23234000
2023-08-31,89.34725952148438,92.28900146484375,92.36699676513672,89.37699890136719,89.8010025024414,55203000
2023-09-01,84.47081756591797,87.25199890136719,90.18699645996094,86.46600341796875,90.18699645996094,65017000
2023-09-05,84.43692016601562,87.21700286865234,88.30000305175781,86.69999694824219,86.95099639892578,24808000
2023-09-06,84.44660949707031,87.22699737548828,87.73699951171875,86.67400360107422,87.25,20142000
2023-09-07,82.97119140625,85.7030029296875,86.16899871826172,84.052001953125,85.94999694824219,27789000
2023-09-08,83.02153015136719,85.75499725341797,86.08300018310547,85.01200103759766,85.5,16810000
2023-09-11,83.17546081542969,85.91400146484375,86.9000015258789,84.56500244140625,86.87699890136719,15710000
2023-09-12,81.76007080078125,84.4520034790039,85.8270034790039,84.16600036621094,85.02400207519531,16680000
2023-09-13,82.57425689697266,85.29299926757812,85.91100311279297,84.42400360107422,84.71900177001953,17413000
2023-09-14,84.3856201171875,87.16400146484375,87.66699981689453,85.5,85.90299987792969,19648000
2023-09-15,82.45323181152344,85.16799926757812,86.81600189208984,84.29000091552734,86.81600189208984,50190000
2023-09-18,82.29058837890625,85.0,85.63300323486328,84.0,84.25800323486328,16541000
2023-09-19,82.21315002441406,84.91999816894531,85.10299682617188,83.8499984741211,84.5989990234375,13126000
2023-09-20,80.84746551513672,83.05699920654297,84.9990005493164,83.03500366210938,84.9990005493164,13681000
2023-09-21,78.685546875,80.83599853515625,82.25,79.50900268554688,79.51100158691406,53654000
2023-09-22,80.70243072509766,82.90799713134766,83.05799865722656,81.03800201416016,81.1240005493164,27764000
2023-09-25,81.170654296875,83.38899993896484,83.85600280761719,82.3010025024414,82.80000305175781,15648000
2023-09-26,79.4477310180664,81.61900329589844,83.0270004272461,81.12100219726562,82.91699981689453,17641000
2023-09-27,79.50807189941406,81.68099975585938,82.36799621582031,80.43800354003906,81.9260025024414,15352000
2023-09-28,80.9866714477539,83.19999694824219,83.88600158691406,81.46800231933594,82.01699829101562,16180000
2023-09-29,80.84844207763672,83.05799865722656,84.40399932861328,82.29100036621094,83.6449966430664,16481000
2023-10-02,81.27381896972656,83.49500274658203,83.85600280761719,82.3499984741211,82.90599822998047,14676000
2023-10-03,79.3153305053711,81.48300170898438,83.57499694824219,80.89099884033203,82.69999694824219,18761000
2023-10-04,80.18946075439453,82.38099670410156,83.05799865722656,81.62999725341797,82.03299713134766,16417000
2023-10-05,80.19432830810547,82.38600158691406,82.86299896240234,81.5479965209961,82.01100158691406,11474000
2023-10-06,82.27739715576172,84.5260009765625,84.83899688720703,81.1719970703125,81.94000244140625,21103000
2023-10-09,83.31114959716797,85.58799743652344,85.66100311279297,83.78299713134766,84.0459976196289,15760000
2023-10-10,83.55740356445312,85.84100341796875,87.25499725341797,85.5719985961914,85.71499633789062,14718000
2023-10-11,85.12944793701172,87.45600128173828,87.53399658203125,85.65499877929688,85.97100067138672,14334000
2023-10-12,88.15087890625,90.55999755859375,91.79299926757812,87.64299774169922,87.64299774169922,43871000
2023-10-13,85.96851348876953,88.31800079345703,92.59100341796875,88.20899963378906,90.9000015258789,28312000
2023-10-16,87.85592651367188,90.25700378417969,91.5790023803711,89.09700012207031,89.09700012207031,21150000
2023-10-17,86.0872802734375,88.44000244140625,89.2979965209961,86.5999984741211,88.51499938964844,33008000
2023-10-18,86.34327697753906,88.7030029296875,89.56300354003906,87.5199966430664,87.99500274658203,20404000
2023-10-19,84.47433471679688,86.78299713134766,88.9489974975586,86.56700134277344,88.7020034790039,26620000
2023-10-20,83.09212493896484,85.36299896240234,87.48999786376953,85.18399810791016,87.48999786376953,26953000
2023-10-23,83.92826843261719,86.22200012207031,87.36000061035156,84.28199768066406,85.7959976196289,16456000
2023-10-24,85.76701354980469,88.11100006103516,88.30000305175781,86.31199645996094,86.4000015258789,14972000
2023-10-25,82.70277404785156,84.96299743652344,87.87300109863281,84.60800170898438,87.70700073242188,21432000
2023-10-26,80.47563934326172,82.67500305175781,85.44200134277344,81.83399963378906,84.79100036621094,27917000
2023-10-27,81.60575866699219,83.83599853515625,84.02100372314453,82.85399627685547,83.0,18236000
2023-10-30,81.88704681396484,84.125,84.94300079345703,82.71499633789062,84.11000061035156,20889000
2023-10-31,81.89874267578125,84.13700103759766,84.55000305175781,83.26000213623047,84.38899993896484,14747000
2023-11-01,83.02496337890625,85.29399871826172,85.38300323486328,83.55699920654297,84.19999694824219,18684000
2023-11-02,84.81210327148438,87.12999725341797,88.05000305175781,86.0,86.19999694824219,18759000
2023-11-03,85.91985321044922,88.26799774169922,88.75,87.10600280761719,87.75,18041000
2023-11-06,85.73976135253906,88.08300018310547,88.58899688720703,87.12100219726562,88.15599822998047,12870000
2023-11-07,87.39356231689453,89.78199768066406,90.177001953125,87.61599731445312,88.23200225830078,19365000
2023-11-08,88.68916320800781,91.11299896240234,91.29100036621094,89.9000015258789,90.0,15280000
2023-11-09,88.71348571777344,91.13800048828125,92.9800033569336,90.85600280761719,91.25,24486000
2023-11-10,93.20475006103516,95.75199890136719,95.8949966430664,91.82099914550781,92.17400360107422,36272000
2023-11-13,92.17391967773438,94.69300079345703,95.23999786376953,94.0479965209961,95.00499725341797,16893000
2023-11-14,94.70765686035156,97.2959976196289,97.677001953125,95.5250015258789,96.23400115966797,23886000
2023-11-15,94.94518280029297,97.54000091552734,98.17500305175781,96.69100189208984,97.95099639892578,16099000
2023-11-16,93.40235900878906,95.95500183105469,96.87000274658203,95.052001953125,96.4000015258789,26198000
2023-11-17,95.17198944091797,97.77300262451172,98.38899993896484,95.0999984741211,95.82099914550781,19789000
2023-11-20,96.92216491699219,99.57099914550781,99.98699951171875,97.30000305175781,97.30000305175781,18674000
2023-11-21,95.50975036621094,98.12000274658203,99.0999984741211,97.16300201416016,97.5,43344000
2023-11-22,94.6142349243164,97.19999694824219,98.79900360107422,97.0999984741211,98.36900329589844,33743000
2023-11-24,95.282958984375,97.88700103759766,97.98600006103516,96.67500305175781,97.49600219726562,23158000
2023-11-27,92.4961166381836,95.02400207519531,98.10099792480469,94.93299865722656,97.61499786376953,96962000
2023-11-28,92.11747741699219,94.63500213623047,95.08599853515625,93.41600036621094,93.99400329589844,39025000
2023-11-29,91.58014678955078,94.08300018310547,95.94300079345703,93.93699645996094,94.83399963378906,34843000
2023-11-30,90.11033630371094,92.572998046875,94.24199676513672,91.83699798583984,94.0999984741211,49571000
2023-12-01,90.52595520019531,93.0,93.38999938964844,90.80000305175781,92.24600219726562,29612000
2023-12-04,89.93900299072266,92.39700317382812,93.09700012207031,91.64399719238281,92.06400299072266,25009000
2023-12-05,88.88285827636719,91.31199645996094,91.72699737548828,90.58499908447266,91.16000366210938,37066000
2023-12-06,87.9600830078125,90.36399841308594,92.09700012207031,90.30999755859375,92.03600311279297,24813000
2023-12-07,89.77255249023438,92.22599792480469,92.41200256347656,90.36399841308594,90.55400085449219,43517000
2023-12-08,91.91792297363281,94.43000030517578,95.072998046875,91.0530014038086,92.78399658203125,69668000
2023-12-11,100.18595886230469,102.92400360107422,103.95099639892578,95.60900115966797,95.70099639892578,101184000
2023-12-12,104.37545013427734,107.22799682617188,107.93900299072266,102.45800018310547,102.79900360107422,90242000
2023-12-13,106.07014465332031,108.96900177001953,109.97799682617188,106.25399780273438,106.80000305175781,71654000
2023-12-14,107.70545959472656,110.64900207519531,112.14600372314453,109.02799987792969,109.21800231933594,66964000
2023-12-15,109.96858978271484,112.9739990234375,114.98799896240234,109.46199798583984,109.52200317382812,118544000
2023-12-18,111.64867401123047,114.69999694824219,115.18199920654297,111.86399841308594,112.08000183105469,54741000
2023-12-19,111.43648529052734,113.95800018310547,115.0459976196289,113.2509994506836,114.19999694824219,36020000
2023-12-20,108.58110046386719,111.03800201416016,114.13600158691406,110.9260025024414,113.2699966430664,34523000
2023-12-21,110.23468017578125,112.72899627685547,113.54199981689453,111.5,113.26499938964844,24106000
2023-12-22,109.71542358398438,112.197998046875,113.19999694824219,111.35299682617188,112.7979965209961,19089000
2023-12-26,110.68450164794922,113.18900299072266,113.55000305175781,112.302001953125,112.42400360107422,16793000
2023-12-27,110.12516021728516,112.61699676513672,113.95700073242188,112.2959976196289,113.5999984741211,20055000
2023-12-28,109.75748443603516,112.24099731445312,113.2239990234375,111.90499877929688,113.16899871826172,21247000
2023-12-29,109.15511322021484,111.625,112.43800354003906,111.46700286865234,112.14600372314453,20558000
2024-01-02,106.13641357421875,108.53800201416016,110.19999694824219,107.70899963378906,109.21199798583984,28831000
2024-01-03,103.51571655273438,105.85800170898438,107.5,105.53099822998047,107.0199966430664,34735000
2024-01-04,102.57988739013672,104.9010009765625,106.94999694824219,104.73699951171875,105.7959976196289,25658000
2024-01-05,102.60628509521484,104.9280014038086,105.5459976196289,104.1510009765625,105.16000366210938,22475000
2024-01-08,105.10670471191406,107.48500061035156,107.80000305175781,105.19999694824219,105.6500015258789,33110000
2024-01-09,105.85380554199219,108.2490005493164,108.8550033569336,106.47100067138672,106.56199645996094,23225000
2024-01-10,105.66605377197266,108.05699920654297,108.2959976196289,106.26000213623047,108.03500366210938,17643000
2024-01-11,107.5641098022461,109.99800109863281,110.12999725341797,107.45099639892578,108.43199920654297,25757000
2024-01-12,108.31707000732422,110.76799774169922,111.56900024414062,110.0009994506836,111.20999908447266,26882000
2024-01-16,109.02896881103516,111.49600219726562,112.6240005493164,109.86299896240234,111.23400115966797,26145000
2024-01-17,107.92494201660156,110.36699676513672,111.31099700927734,109.02100372314453,110.62899780273438,18314000
2024-01-18,111.85989379882812,114.39099884033203,114.65499877929688,112.18800354003906,112.48999786376953,32228000
2024-01-19,118.44002532958984,121.12000274658203,121.69999694824219,115.5999984741211,115.73100280761719,53077000
2024-01-22,119.34944915771484,122.05000305175781,123.13300323486328,120.8219985961914,121.625,31222000
2024-01-23,119.9175796508789,122.63099670410156,122.697998046875,120.35199737548828,122.0999984741211,16952000
2024-01-24,122.61260223388672,125.38700103759766,128.4550018310547,123.10099792480469,124.2300033569336,34805000
2024-01-25,120.27841186523438,123.0,128.10000610351562,122.87999725341797,128.10000610351562,36356000
2024-01-26,117.8219985961914,120.48799896240234,122.12100219726562,120.02300262451172,121.97000122070312,25818000
2024-01-29,119.08248138427734,121.7770004272461,122.36699676513672,120.4990005493164,121.49099731445312,21526000
2024-01-30,118.14273071289062,120.81600189208984,122.80000305175781,120.42900085449219,121.677001953125,20683000
2024-01-31,115.38905334472656,118.0,119.72200012207031,117.43099975585938,118.94499969482422,27400000
2024-02-01,117.34577941894531,120.0009994506836,120.30899810791016,117.91100311279297,118.73500061035156,19411000
2024-02-02,119.72492980957031,122.43399810791016,123.46900177001953,120.51499938964844,120.875,26689000
2024-02-05,121.55941772460938,124.30999755859375,124.7750015258789,122.21499633789062,122.69599914550781,22045000
2024-02-06,119.55967712402344,122.26499938964844,127.21099853515625,121.19400024414062,126.35700225830078,25354000
2024-02-07,122.9245376586914,125.70600128173828,125.95099639892578,122.66999816894531,123.4000015258789,25768000
2024-02-08,124.6553726196289,127.47599792480469,129.5970001220703,126.5009994506836,126.69999694824219,29326000
2024-02-09,125.5041732788086,128.343994140625,128.5749969482422,124.89900207519531,125.2030029296875,26293000
2024-02-12,123.70096588134766,126.5,129.0070037841797,125.9000015258789,129.00100708007812,24778000
2024-02-13,122.3955078125,125.16500091552734,125.58699798583984,122.70899963378906,123.51200103759766,31907000
2024-02-14,123.42911529541016,126.22200012207031,127.30000305175781,124.13200378417969,126.92400360107422,27306000
2024-02-15,123.70782470703125,126.50700378417969,128.0,124.48500061035156,127.99500274658203,21873000
2024-02-16,121.79216766357422,124.5479965209961,127.56800079345703,124.23899841308594,125.90399932861328,21268000
2024-02-20,119.94104766845703,122.65499877929688,123.77200317382812,121.25599670410156,123.58599853515625,26329000
2024-02-21,120.02906036376953,122.74500274658203,122.80500030517578,120.26399993896484,121.80000305175781,20579000
2024-02-22,127.60267639160156,130.49000549316406,131.09800720214844,127.64700317382812,128.17100524902344,40819000
2024-02-23,126.76853942871094,129.63699340820312,131.96200561523438,128.8820037841797,130.83700561523438,23115000
2024-02-26,128.01632690429688,130.91299438476562,131.87899780273438,130.14599609375,131.0,16282000
2024-02-27,126.75486755371094,129.6230010986328,131.19400024414062,129.2220001220703,130.91299438476562,12126000
2024-02-28,126.08893585205078,128.94200134277344,129.8520050048828,128.2969970703125,129.3000030517578,10967000
2024-02-29,127.17144775390625,130.0489959716797,130.83999633789062,128.72799682617188,130.33099365234375,27536000
2024-03-01,136.82110595703125,139.91700744628906,140.7760009765625,132.0,132.59300231933594,44488000
2024-03-04,137.1232452392578,140.2259979248047,143.81700134277344,138.5189971923828,140.31500244140625,34854000
2024-03-05,131.30392456054688,134.27499389648438,139.5,133.23699951171875,139.5,36040000
2024-03-06,132.01292419433594,135.0,139.48300170898438,134.70599365234375,139.1580047607422,43196000
2024-03-07,137.5877685546875,140.7010040283203,141.43099975585938,137.28900146484375,138.19900512695312,62832000
2024-03-08,127.97622680664062,130.8719940185547,141.3000030517578,130.1580047607422,139.4250030517578,74025000
2024-03-11,126.45073699951172,129.31199645996094,129.90199279785156,125.25599670410156,127.79299926757812,31105000
2024-03-12,126.32951354980469,129.18800354003906,130.7790069580078,125.9280014038086,130.6999969482422,42789000
2024-03-13,123.00375366210938,125.78700256347656,128.28799438476562,125.23600006103516,128.28799438476562,37838000
2024-03-14,123.43401336669922,126.22699737548828,127.31300354003906,124.77100372314453,126.25399780273438,38029000
2024-03-15,120.8162612915039,123.55000305175781,126.73699951171875,123.00700378417969,125.34600067138672,88823000
2024-03-18,120.98640441894531,123.7239990234375,126.28800201416016,123.16999816894531,125.39800262451172,25737000
2024-03-19,121.06170654296875,123.8010025024414,124.0270004272461,120.4020004272461,121.69499969482422,24491000
2024-03-20,125.30801391601562,127.5999984741211,128.7989959716797,122.65899658203125,123.9020004272461,40946000
2024-03-21,132.37869262695312,134.8000030517578,140.36099243164062,131.60000610351562,132.83200073242188,72468000
2024-03-22,132.91587829589844,135.3470001220703,137.6219940185547,134.61500549316406,135.0,38624000
2024-03-25,132.7302703857422,135.1580047607422,135.843994140625,133.7469940185547,134.5030059814453,21237000
2024-03-26,130.75735473632812,133.1490020751953,137.99400329589844,133.05099487304688,136.468994140625,23522000
2024-03-27,129.5042724609375,131.8730010986328,135.0,129.6020050048828,135.0,25583000
2024-03-28,130.16029357910156,132.54100036621094,133.00900268554688,131.1529998779297,131.7899932861328,19856000
2024-04-01,132.60064697265625,135.0260009765625,136.29800415039062,132.54100036621094,132.5679931640625,17252000
2024-04-02,131.47128295898438,133.87600708007812,134.23699951171875,130.34100341796875,131.57899475097656,24694000
2024-04-03,133.87237548828125,136.3209991455078,137.6820068359375,132.52699279785156,132.8000030517578,28650000
2024-04-04,129.38348388671875,131.75,140.3979949951172,131.5,138.53199768066406,27014000
2024-04-05,131.53707885742188,133.9429931640625,136.1230010986328,131.4199981689453,132.60000610351562,19438000
2024-04-08,131.2100830078125,133.61000061035156,134.25,131.5749969482422,133.36500549316406,17139000
2024-04-09,131.01170349121094,133.4080047607422,135.947998046875,130.86399841308594,135.73699951171875,17986000
2024-04-10,129.86172485351562,132.23699951171875,133.5749969482422,131.54800415039062,132.3000030517578,17467000
2024-04-11,135.7628173828125,138.24600219726562,139.18699645996094,132.36500549316406,133.26800537109375,31713000
2024-04-12,131.99276733398438,134.40699768066406,136.6510009765625,133.66200256347656,135.2010040283203,27823000
2024-04-15,128.7147216796875,131.06900024414062,137.0,130.60000610351562,137.0,24370000
2024-04-16,130.5187225341797,132.906005859375,133.6320037841797,131.10000610351562,131.53799438476562,18923000
2024-04-17,125.95912170410156,128.26300048828125,134.6999969482422,128.14199829101562,134.31100463867188,24718000
2024-04-18,123.63758850097656,125.89900207519531,129.26499938964844,125.5459976196289,128.8000030517578,24888000
2024-04-19,118.30708312988281,120.47100067138672,126.0,119.75599670410156,125.89900207519531,44797000
2024-04-22,120.2466049194336,122.44599914550781,123.31999969482422,120.05400085449219,122.44999694824219,25162000
2024-04-23,122.67518615722656,124.91899871826172,125.79000091552734,122.802001953125,122.81700134277344,22025000
2024-04-24,123.42446899414062,125.68199920654297,128.56199645996094,124.49600219726562,126.38999938964844,20108000
2024-04-25,127.1169204711914,129.44200134277344,130.80299377441406,125.69999694824219,127.24500274658203,30410000
2024-04-26,131.99276733398438,134.40699768066406,135.58299255371094,130.31300354003906,131.0,24100000
2024-04-29,131.45751953125,133.86199951171875,135.29800415039062,132.57000732421875,134.4080047607422,13372000
2024-04-30,127.69144439697266,130.02699279785156,134.8350067138672,129.90499877929688,132.88800048828125,22113000
2024-05-01,122.05355072021484,124.28600311279297,129.23699951171875,124.13500213623047,127.83300018310547,30958000
2024-05-02,121.63226318359375,123.85700225830078,126.44499969482422,122.33100128173828,125.62799835205078,29480000
2024-05-03,125.5152359008789,127.81099700927734,128.38800048828125,124.71399688720703,125.9000015258789,24898000
2024-05-06,128.67738342285156,131.031005859375,131.07699584960938,127.50700378417969,128.6219940185547,16287000
2024-05-07,127.9703140258789,130.31100463867188,131.8990020751953,129.67599487304688,131.6439971923828,12413000
2024-05-08,130.1563262939453,132.53700256347656,133.79100036621094,128.8489990234375,129.35000610351562,13918000
2024-05-09,128.2217254638672,130.56700134277344,132.16099548339844,130.1999969482422,131.7830047607422,12170000
2024-05-10,130.885986328125,133.27999877929688,134.39999389648438,131.531005859375,131.531005859375,16300000
2024-05-13,131.34854125976562,133.75100708007812,135.83900451660156,133.01100158691406,134.8000030517578,18507000
2024-05-14,135.52418518066406,138.0030059814453,138.19900512695312,132.5800018310547,133.23399353027344,19420000
2024-05-15,141.03732299804688,143.61700439453125,143.89500427246094,136.9980010986328,138.0,32757000
2024-05-16,138.67652893066406,141.21299743652344,144.5399932861328,140.50599670410156,142.60000610351562,28395000
2024-05-17,137.0227508544922,139.5290069580078,141.9530029296875,138.17799377441406,141.24200439453125,18174000
2024-05-20,138.8631134033203,141.4029998779297,141.69400024414062,139.3159942626953,139.60000610351562,27170000
2024-05-21,137.40673828125,139.9199981689453,140.93899536132812,139.3459930419922,139.8679962158203,15333000
2024-05-22,136.72323608398438,139.2239990234375,140.5,138.4219970703125,139.6009979248047,21002000
2024-05-23,136.8263397216797,139.32899475097656,142.89999389648438,137.8000030517578,142.84300231933594,31039000
2024-05-24,138.25521850585938,140.78399658203125,141.35800170898438,139.20199584960938,139.97900390625,16730000
2024-05-28,138.70791625976562,141.2449951171875,141.71800231933594,139.25399780273438,141.0,22919000
2024-05-29,136.56906127929688,139.06700134277344,139.91000366210938,138.3000030517578,139.91000366210938,26861000
2024-05-30,133.9578094482422,136.4080047607422,138.2779998779297,135.56399536132812,137.89999389648438,21717000
2024-05-31,130.46861267089844,132.85499572753906,136.2550048828125,130.7259979248047,136.13600158691406,73091000
2024-06-03,129.81558227539062,132.19000244140625,135.3000030517578,130.2530059814453,135.27000427246094,26278000
2024-06-04,130.69155883789062,133.08200073242188,133.19900512695312,130.7010040283203,132.0399932861328,23048000
2024-06-05,138.7707977294922,141.3090057373047,141.43499755859375,134.0540008544922,134.60000610351562,32947000
2024-06-06,137.61000061035156,140.1269989013672,142.2689971923828,138.82400512695312,142.18699645996094,20172000
2024-06-07,138.13735961914062,140.66400146484375,142.5,139.70199584960938,140.7779998779297,17859000
2024-06-10,141.4595947265625,144.0469970703125,144.90499877929688,140.91299438476562,140.97999572753906,31042000
2024-06-11,143.47866821289062,146.10299682617188,146.50100708007812,141.6230010986328,143.82000732421875,34844000
2024-06-12,146.86474609375,149.55099487304688,150.5800018310547,147.63999938964844,150.0,56697000
2024-06-13,164.8831787109375,167.8990020751953,173.5850067138672,165.2519989013672,171.0,89061000
2024-06-14,170.38748168945312,173.50399780273438,174.7239990234375,168.2100067138672,168.68600463867188,69705000
2024-06-17,179.60194396972656,182.88699340820312,184.3000030517578,177.85800170898438,180.0,87528000
2024-06-18,177.01429748535156,180.2519989013672,185.16200256347656,178.50100708007812,183.95899963378906,86797000
2024-06-20,170.34036254882812,173.45599365234375,180.47500610351562,172.2220001220703,180.3459930419922,68157000
2024-06-21,162.8837432861328,165.86300659179688,171.39999389648438,165.14199829101562,169.5659942626953,99289000
2024-06-24,156.85752868652344,159.2209930419922,166.10000610351562,159.0659942626953,164.2050018310547,58575000
2024-06-25,155.7324676513672,158.07899475097656,160.60400390625,156.39999389648438,160.01300048828125,53329000
2024-06-26,156.8368377685547,159.1999969482422,161.8179931640625,157.35899353027344,159.76199340820312,46479000
2024-06-27,156.310791015625,158.66600036621094,160.56199645996094,157.10000610351562,159.1999969482422,31649000
2024-06-28,158.1697540283203,160.55299377441406,163.92300415039062,158.60000610351562,159.58799743652344,69377000
2024-07-01,161.6444091796875,164.0800018310547,164.875,159.35000610351562,160.82000732421875,47623000
2024-07-02,163.2876434326172,165.7480010986328,165.9199981689453,162.1999969482422,164.0800018310547,32539000
2024-07-03,170.3551788330078,172.9219970703125,172.9219970703125,166.4459991455078,167.0,39954000
2024-07-05,167.8026123046875,170.33099365234375,176.5469970703125,169.60000610351562,175.55599975585938,45240000
2024-07-08,171.9944610595703,174.58599853515625,175.69000244140625,170.5,170.5,36398000
2024-07-09,170.75807189941406,173.33099365234375,177.09800720214844,170.55599975585938,175.656005859375,37802000
2024-07-10,171.87918090820312,174.468994140625,176.6490020751953,172.63600158691406,174.60000610351562,41074000
2024-07-11,168.06271362304688,170.59500122070312,176.48699951171875,166.85000610351562,176.46600341796875,51026000
2024-07-12,167.54254150390625,170.06700134277344,172.59100341796875,169.13099670410156,171.10299682617188,30453000
2024-07-15,168.87545776367188,171.4199981689453,173.50999450683594,169.25999450683594,170.0,22999200
2024-07-16,166.86572265625,169.3800048828125,172.80999755859375,166.39999389648438,172.39999389648438,22244900
2024-07-17,153.66464233398438,155.97999572753906,162.83999633789062,155.61000061035156,162.30999755859375,43343400
2024-07-18,158.13726806640625,160.52000427246094,161.50999450683594,153.89999389648438,158.88999938964844,37973500
2024-07-19,155.01431274414062,157.35000610351562,163.9499969482422,157.1199951171875,161.83999633789062,26309500
2024-07-22,158.66925048828125,161.05999755859375,162.99000549316406,157.89999389648438,160.22999572753906,28813300
2024-07-23,161.33901977539062,163.77000427246094,165.3300018310547,159.89999389648438,160.39999389648438,21570200
2024-07-24,149.09352111816406,151.33999633789062,161.41000366210938,151.10000610351562,160.35000610351562,37162600
2024-07-25,147.0443878173828,149.25999450683594,153.5500030517578,145.52000427246094,151.25999450683594,30872100
2024-07-26,149.37921142578125,151.6300048828125,153.5800018310547,149.9199981689453,153.5,20839900
2024-07-29,147.99014282226562,150.22000122070312,155.0,149.14999389648438,152.02000427246094,16625800
2024-07-30,141.38961791992188,143.52000427246094,153.47000122070312,143.35000610351562,153.27999877929688,31102300
2024-07-31,158.29489135742188,160.67999267578125,161.3300018310547,151.0,151.47000122070312,45827500
2024-08-01,144.83766174316406,147.02000427246094,158.91000366210938,146.1699981689453,157.5,40320000
2024-08-02,141.68516540527344,143.82000732421875,145.35000610351562,139.60000610351562,141.92999267578125,33745800
2024-08-05,139.97096252441406,142.0800018310547,145.4199981689453,128.5,129.61000061035156,41309300
2024-08-06,141.78366088867188,143.9199981689453,148.91000366210938,140.25,141.72999572753906,24751300
2024-08-07,134.2472381591797,136.27000427246094,150.10000610351562,135.8300018310547,148.25,29749800
2024-08-08,143.57664489746094,145.74000549316406,146.27000427246094,138.39999389648438,141.1999969482422,27583200
2024-08-09,146.0592498779297,148.25999450683594,149.5500030517578,144.11000061035156,144.1999969482422,18438700
2024-08-12,146.4138946533203,148.6199951171875,151.1300048828125,146.3699951171875,148.0800018310547,17778500
2024-08-13,153.8419647216797,156.16000366210938,156.3800048828125,149.80999755859375,151.5500030517578,22053600
2024-08-14,155.34927368164062,157.69000244140625,160.25,154.72000122070312,158.02000427246094,20184200
2024-08-15,163.66397094726562,166.1300048828125,166.6699981689453,160.33999633789062,161.1999969482422,27945000
2024-08-16,163.26007080078125,165.72000122070312,166.08999633789062,162.67999267578125,164.47000122070312,19296900
2024-08-19,165.2205352783203,167.7100067138672,167.8300018310547,160.4199981689453,164.86000061035156,20441700
2024-08-20,163.48666381835938,165.9499969482422,168.3699951171875,164.14999389648438,167.0500030517578,19417500
2024-08-21,163.31918334960938,165.77999877929688,166.47000122070312,162.8800048828125,165.1199951171875,16097700
2024-08-22,159.9302215576172,162.33999633789062,172.4199981689453,161.49000549316406,170.83999633789062,30044500
2024-08-23,163.89056396484375,166.36000061035156,168.27999877929688,163.4600067138672,165.02999877929688,18848000
2024-08-26,157.2506103515625,159.6199951171875,165.6999969482422,158.66000366210938,164.9600067138672,18521200
2024-08-27,158.9943389892578,161.38999938964844,162.02999877929688,155.8300018310547,157.60000610351562,16683100
2024-08-28,155.8319854736328,158.17999267578125,162.27999877929688,156.25,160.0800018310547,18063600
2024-08-29,154.60055541992188,156.92999267578125,163.1999969482422,155.41000366210938,158.49000549316406,23519300
2024-08-30,160.4031219482422,162.82000732421875,163.24000549316406,158.7100067138672,161.1199951171875,25158500
2024-09-03,150.52200317382812,152.7899932861328,160.74000549316406,151.3800048828125,160.3800048828125,37179100
2024-09-04,151.83224487304688,154.1199951171875,157.7899932861328,149.14999389648438,150.3000030517578,20324100
2024-09-05,150.5515594482422,152.82000732421875,156.36000061035156,150.11000061035156,150.57000732421875,31548500
2024-09-06,134.96636962890625,137.0,143.5,136.60000610351562,143.25,76634600
2024-09-09,138.7296905517578,140.82000732421875,141.58999633789062,134.89999389648438,139.11000061035156,39516700
2024-09-10,146.00997924804688,148.2100067138672,149.86000061035156,141.0399932861328,141.22000122070312,36067500
2024-09-11,155.920654296875,158.27000427246094,158.8699951171875,145.0399932861328,148.38999938964844,39700800
2024-09-12,162.11729431152344,164.55999755859375,166.32000732421875,156.8300018310547,158.10000610351562,43530700
2024-09-13,165.20082092285156,167.69000244140625,168.0800018310547,164.0399932861328,166.74000549316406,29850000
2024-09-16,161.58529663085938,164.02000427246094,165.5,160.41000366210938,165.19000244140625,26126900
2024-09-17,160.05831909179688,162.47000122070312,166.02000427246094,160.6999969482422,165.49000549316406,19844300
2024-09-18,159.27017211914062,161.6699981689453,167.47000122070312,161.36000061035156,163.77000427246094,26557600
2024-09-19,165.47731018066406,167.4199981689453,170.0,165.66000366210938,167.67999267578125,32453100
2024-09-20,169.1146240234375,171.10000610351562,172.02000427246094,166.47000122070312,167.17999267578125,91758500
2024-09-23,170.93325805664062,172.94000244140625,173.32000732421875,168.35000610351562,172.0,29431100
2024-09-24,172.8112030029297,174.83999633789062,175.99000549316406,171.67999267578125,172.80999755859375,34223400
2024-09-25,173.4833221435547,175.52000427246094,177.13999938964844,173.75999450683594,174.64999389648438,16613800
2024-09-26,176.0234832763672,178.08999633789062,180.25,175.0,178.5,24340000
2024-09-27,170.6861572265625,172.69000244140625,178.47000122070312,171.75999450683594,178.1699981689453,20580900
2024-09-30,170.49835205078125,172.5,172.9199981689453,169.6300048828125,171.8699951171875,16902000
2024-10-01,165.5267333984375,167.47000122070312,172.25,165.8000030517578,172.16000366210938,23770400
2024-10-02,168.67971801757812,170.66000366210938,172.83999633789062,167.02000427246094,167.5500030517578,14317800
2024-10-03,169.8954315185547,171.88999938964844,174.94000244140625,169.19000244140625,169.6199951171875,13072300
2024-10-04,174.59031677246094,176.63999938964844,176.89999389648438,172.60000610351562,176.3000030517578,17921400
2024-10-07,173.0484161376953,175.0800018310547,178.30999755859375,173.86000061035156,174.82000732421875,15588300
2024-10-08,178.63287353515625,180.72999572753906,181.60000610351562,174.88999938964844,175.4199981689453,20774200
2024-10-09,183.79229736328125,185.9499969482422,186.4199981689453,176.4199981689453,179.24000549316406,25504100
2024-10-10,183.5353240966797,185.69000244140625,186.30999755859375,182.52999877929688,183.55999755859375,16318000
2024-10-11,179.37416076660156,181.47999572753906,182.58999633789062,177.39999389648438,181.13999938964844,23070000
2024-10-14,180.19454956054688,182.30999755859375,184.9499969482422,180.1300048828125,183.3000030517578,17195800
2024-10-15,173.93797302246094,175.97999572753906,181.6999969482422,173.3699951171875,180.7899932861328,27657500
2024-10-16,174.7682342529297,176.82000732421875,179.25,175.3300018310547,178.50999450683594,15285100
2024-10-17,179.423583984375,181.52999877929688,185.50999450683594,180.69000244140625,181.3699951171875,25232400
2024-10-18,177.8026123046875,179.88999938964844,182.7100067138672,178.67999267578125,182.32000732421875,17835200
2024-10-21,177.9014434814453,179.99000549316406,181.72000122070312,178.25,179.3800048828125,13695100
2024-10-22,177.29852294921875,179.3800048828125,180.69000244140625,177.41000366210938,178.66000366210938,12062600
2024-10-23,171.4966278076172,173.50999450683594,178.97999572753906,172.57000732421875,177.58999633789062,19513700
2024-10-24,169.36170959472656,171.35000610351562,174.3000030517578,169.5,174.25999450683594,20485200
2024-10-25,170.99256896972656,173.0,176.8000030517578,172.72000122070312,174.19000244140625,19977700
2024-10-28,170.02394104003906,172.02000427246094,173.97000122070312,171.35000610351562,173.0,13195800
2024-10-29,177.16015625,179.24000549316406,180.22999572753906,171.2100067138672,172.44000244140625,23702300
2024-10-30,174.59031677246094,176.63999938964844,179.19000244140625,175.6199951171875,177.47000122070312,17911500
2024-10-31,167.800048828125,169.77000427246094,174.4499969482422,167.3800048828125,174.4499969482422,26086600
2024-11-01,166.9599151611328,168.9199981689453,171.3300018310547,167.5,168.25999450683594,17847000
2024-11-04,166.5941925048828,168.5500030517578,172.4499969482422,168.4199981689453,169.27999877929688,13621300
2024-11-05,171.88211059570312,173.89999389648438,174.39999389648438,170.0500030517578,170.0500030517578,13441800
2024-11-06,177.46653747558594,179.5500030517578,180.2100067138672,175.9600067138672,179.6300048828125,24300800
2024-11-07,181.6771240234375,183.80999755859375,184.8699951171875,181.7899932861328,181.99000549316406,18970600
2024-11-08,181.50909423828125,183.63999938964844,185.0500030517578,181.8300018310547,182.99000549316406,13503200
2024-11-11,176.83396911621094,178.91000366210938,183.6300048828125,176.82000732421875,183.39999389648438,17036700
2024-11-12,174.17520141601562,176.22000122070312,179.55999755859375,173.1999969482422,178.89999389648438,15862000
2024-11-13,171.5658416748047,173.5800018310547,175.58999633789062,172.60000610351562,174.7100067138672,17472500
2024-11-14,168.40296936035156,170.3800048828125,175.57000732421875,169.8699951171875,174.77000427246094,20638900
2024-11-15,162.92724609375,164.83999633789062,169.13999938964844,163.42999267578125,168.47000122070312,20836200
2024-11-18,163.74761962890625,165.6699981689453,166.35000610351562,162.22000122070312,165.66000366210938,17856900
2024-11-19,163.4313507080078,165.35000610351562,166.8000030517578,164.30999755859375,166.66000366210938,18003400
2024-11-20,161.35569763183594,163.25,165.5399932861328,160.86000061035156,165.5399932861328,17196700
2024-11-21,162.03768920898438,163.94000244140625,166.33999633789062,160.60000610351562,166.25,24835300
2024-11-22,162.32431030273438,164.22999572753906,164.91000366210938,162.39999389648438,164.3000030517578,17332500
2024-11-25,162.90750122070312,164.82000732421875,167.22999572753906,162.88999938964844,165.39999389648438,26850600
2024-11-26,162.8284149169922,164.74000549316406,166.3699951171875,162.69000244140625,164.60000610351562,16308800
2024-11-27,157.81724548339844,159.6699981689453,163.1999969482422,157.5399932861328,163.1999969482422,19722700
2024-11-29,160.1992950439453,162.0800018310547,162.69000244140625,159.0800018310547,159.57000732421875,11024000
2024-12-02,164.57786560058594,166.50999450683594,168.3800048828125,162.75,162.9499969482422,21472400
2024-12-03,166.19883728027344,168.14999389648438,168.27000427246094,164.02999877929688,164.47999572753906,17024400
2024-12-04,168.5808868408203,170.55999755859375,175.38999938964844,168.55999755859375,173.44000244140625,32748200
2024-12-05,168.49191284179688,170.47000122070312,172.39999389648438,169.1999969482422,170.75,18490000
2024-12-06,177.44677734375,179.52999877929688,180.67999267578125,169.3300018310547,170.10000610351562,27830800
2024-12-09,176.86363220214844,178.94000244140625,180.7899932861328,176.02000427246094,178.9499969482422,20886300
2024-12-10,169.8163604736328,171.80999755859375,178.5,169.72999572753906,177.80999755859375,27762600
2024-12-11,181.07420349121094,183.1999969482422,184.8699951171875,176.42999267578125,180.00999450683594,41295200
2024-12-12,178.56369018554688,180.66000366210938,182.0,175.99000549316406,180.92999267578125,46967200
2024-12-13,222.19149780273438,224.8000030517578,228.6999969482422,211.11000061035156,213.89999389648438,121336600
2024-12-16,247.0990753173828,250.0,251.8800048828125,230.80999755859375,231.7899932861328,111623200
2024-12-17,237.44244384765625,240.22999572753906,242.47000122070312,233.8000030517578,240.64999389648438,70382100
2024-12-18,221.02517700195312,223.6199951171875,239.85000610351562,219.22000122070312,239.41000366210938,53960100
2024-12-19,215.78668212890625,218.32000732421875,228.0500030517578,217.5800018310547,227.91000366210938,40845200
2024-12-20,218.22801208496094,220.7899932861328,230.2899932861328,218.91000366210938,220.36000061035156,131910400
2024-12-23,230.2692108154297,232.35000610351562,233.39999389648438,225.1300048828125,226.69000244140625,40643800
2024-12-24,237.53355407714844,239.67999267578125,240.22999572753906,234.8000030517578,240.1199951171875,22827200
2024-12-26,243.16270446777344,245.36000061035156,247.27999877929688,237.60000610351562,240.0,28459000
2024-12-27,239.58502197265625,241.75,245.77999877929688,236.35000610351562,245.63999938964844,29282200
2024-12-30,233.4702911376953,235.5800018310547,238.77000427246094,231.6199951171875,234.6999969482422,27316800
2024-12-31,229.76377868652344,231.83999633789062,237.4600067138672,231.30999755859375,235.8800048828125,17927700
2025-01-02,229.9025115966797,231.97999572753906,239.5,230.24000549316406,236.16000366210938,31525800
2025-01-03,230.46742248535156,232.5500030517578,236.49000549316406,229.0,233.58999633789062,24973200
2025-01-06,234.2928466796875,236.41000366210938,241.75,233.3000030517578,236.5,34028400
2025-01-07,226.59243774414062,228.63999938964844,239.5,227.60000610351562,239.5,25928600
2025-01-08,227.2564239501953,229.30999755859375,232.47000122070312,226.05999755859375,229.6999969482422,18756500
2025-01-10,222.30120849609375,224.30999755859375,227.8300018310547,221.25,227.3000030517578,23864000
2025-01-13,223.27243041992188,225.2899932861328,229.25999450683594,219.50999450683594,219.99000549316406,23772100
2025-01-14,222.6876983642578,224.6999969482422,230.25999450683594,223.10000610351562,226.57000732421875,18143100
2025-01-15,225.95816040039062,228.0,230.33999633789062,225.5800018310547,228.5500030517578,21745600
2025-01-16,227.35552978515625,229.41000366210938,238.60000610351562,229.2100067138672,235.22000122070312,23471900
2025-01-17,235.31362915039062,237.44000244140625,238.10000610351562,232.66000366210938,237.0800018310547,31196600
2025-01-21,238.1579132080078,240.30999755859375,242.75,237.39999389648438,241.5,30903200
2025-01-22,238.75254821777344,240.91000366210938,246.99000549316406,240.69000244140625,246.75,29610500
2025-01-23,238.12818908691406,240.27999877929688,240.39999389648438,236.1199951171875,238.41000366210938,17653900
2025-01-24,242.50860595703125,244.6999969482422,249.58999633789062,241.91000366210938,244.6999969482422,25387800
2025-01-27,200.31983947753906,202.1300048828125,218.42999267578125,196.22999572753906,213.39999389648438,90569400
2025-01-28,205.5030059814453,207.36000061035156,209.9499969482422,198.88999938964844,208.00999450683594,50316000
2025-01-29,204.50204467773438,206.35000610351562,211.4499969482422,202.77000427246094,208.83999633789062,32533700
2025-01-30,213.72866821289062,215.66000366210938,221.9600067138672,213.6999969482422,218.57000732421875,42449500
2025-01-31,219.2884521484375,221.27000427246094,226.8000030517578,216.3000030517578,219.66000366210938,41104700
2025-02-03,215.78012084960938,217.72999572753906,220.94000244140625,213.50999450683594,215.4600067138672,24507300
2025-02-04,220.43801879882812,222.42999267578125,223.02999877929688,215.3000030517578,219.35000610351562,23768500
2025-02-05,229.92234802246094,232.0,237.92999267578125,227.5,233.94000244140625,29196000
2025-02-06,229.28807067871094,231.36000061035156,234.8000030517578,228.55999755859375,234.5,21169500
2025-02-07,222.85618591308594,224.8699951171875,235.64999389648438,224.11000061035156,235.0,22117500
2025-02-10,232.93511962890625,235.0399932861328,235.82000732421875,227.1199951171875,227.42999267578125,23901600
2025-02-11,232.93511962890625,235.0399932861328,237.88999938964844,229.97000122070312,232.47999572753906,18476200
2025-02-12,234.23338317871094,236.35000610351562,236.47999572753906,230.0,230.36000061035156,16397300
2025-02-13,233.6883087158203,235.8000030517578,236.9499969482422,230.72999572753906,236.05999755859375,20962000
2025-02-14,230.95301818847656,233.0399932861328,235.74000549316406,228.89999389648438,234.52999877929688,16988800
2025-02-18,226.48341369628906,228.52999877929688,232.1999969482422,224.3000030517578,230.10000610351562,26080500
2025-02-19,226.68162536621094,228.72999572753906,229.07000732421875,224.39999389648438,227.85000610351562,16375500
2025-02-20,224.70944213867188,226.74000549316406,228.97999572753906,222.75,228.64999389648438,16104000
2025-02-21,216.70179748535156,218.66000366210938,227.75,215.6300048828125,225.64999389648438,24883600
2025-02-24,206.06790161132812,207.92999267578125,219.47999572753906,207.5399932861328,218.60000610351562,33050400
2025-02-25,200.72616577148438,202.5399932861328,208.63999938964844,200.9199981689453,207.0,33100800
2025-02-26,211.0330352783203,212.94000244140625,213.5399932861328,206.0,206.91000366210938,21368300
2025-02-27,196.02862548828125,197.8000030517578,219.25,197.39999389648438,217.27999877929688,27572900
2025-02-28,197.6439971923828,199.42999267578125,201.19000244140625,193.14999389648438,195.75999450683594,39747200
2025-03-03,185.69200134277344,187.3699951171875,204.05999755859375,184.52999877929688,204.0,37435600
2025-03-04,185.80104064941406,187.47999572753906,193.9499969482422,180.47999572753906,189.22000122070312,37910500
2025-03-05,189.8643341064453,191.5800018310547,194.0800018310547,187.10000610351562,191.86000061035156,25644500
2025-03-06,177.84295654296875,179.4499969482422,186.8300018310547,177.61000061035156,181.0399932861328,56864100
2025-03-07,193.2140655517578,194.9600067138672,195.47999572753906,181.55999755859375,187.72999572753906,74528900
2025-03-10,182.79815673828125,184.4499969482422,191.97999572753906,180.42999267578125,189.60000610351562,44217100
2025-03-11,188.38766479492188,190.08999633789062,195.6199951171875,185.35000610351562,188.0500030517578,42153200
2025-03-12,192.49058532714844,194.22999572753906,199.97999572753906,192.4499969482422,196.22000122070312,30409700
2025-03-13,189.6462860107422,191.36000061035156,196.32000732421875,189.47000122070312,193.14999389648438,27236100
2025-03-14,193.78884887695312,195.5399932861328,197.5,193.1999969482422,196.1999969482422,25900900
2025-03-17,192.75816345214844,194.5,196.72000122070312,187.5,188.0500030517578,26830600
2025-03-18,186.9803924560547,188.6699981689453,192.88999938964844,186.89999389648438,190.44000244140625,24951000
2025-03-19,193.81858825683594,195.57000732421875,198.27000427246094,186.89999389648438,189.33999633789062,37962700
2025-03-20,189.40504455566406,190.5399932861328,193.83999633789062,188.94000244140625,191.52000427246094,31430000
2025-03-21,190.51837158203125,191.66000366210938,192.07000732421875,187.3699951171875,188.2100067138672,43086500
2025-03-24,190.11080932617188,191.25,196.69000244140625,190.6699981689453,194.3000030517578,33180300
2025-03-25,187.13861083984375,188.25999450683594,191.60000610351562,187.67999267578125,190.88999938964844,23417300
2025-03-26,178.20216369628906,179.27000427246094,188.05999755859375,177.5800018310547,186.66000366210938,30578500
2025-03-27,170.9655303955078,171.99000549316406,178.3800048828125,170.4600067138672,177.66000366210938,32151700
2025-03-28,168.1126251220703,169.1199951171875,173.3000030517578,166.47000122070312,171.92999267578125,30391500
2025-03-31,166.43267822265625,167.42999267578125,167.94000244140625,160.6199951171875,164.49000549316406,35656400
2025-04-01,167.51620483398438,168.52000427246094,168.7100067138672,163.4199981689453,166.3699951171875,20472400
2025-04-02,171.06494140625,172.08999633789062,173.42999267578125,165.5,166.0800018310547,19523700
2025-04-03,153.09263610839844,154.00999450683594,163.42999267578125,153.6999969482422,160.5399932861328,44354900
2025-04-04,145.41860961914062,146.2899932861328,152.8000030517578,139.1699981689453,148.1699981689453,72302200
2025-04-07,153.2218475341797,154.13999938964844,160.42999267578125,138.10000610351562,144.49000549316406,68503500
2025-04-08,155.1005859375,156.02999877929688,169.77999877929688,153.08999633789062,167.6199951171875,58888200
2025-04-09,184.04713439941406,185.14999389648438,187.3300018310547,157.50999450683594,160.5,72708300
2025-04-10,171.273681640625,172.3000030517578,176.9499969482422,166.39999389648438,175.3000030517578,51212200
2025-04-11,180.85626220703125,181.94000244140625,182.66000366210938,173.30999755859375,173.6199951171875,33964100
2025-04-14,177.29757690429688,178.36000061035156,186.0,175.82000732421875,185.0800018310547,25748300
2025-04-15,177.88406372070312,178.9499969482422,182.25999450683594,178.0800018310547,179.72999572753906,17242400
2025-04-16,173.56991577148438,174.61000061035156,176.0800018310547,166.9199981689453,170.42999267578125,34638600
2025-04-17,169.97149658203125,170.99000549316406,176.25,169.9199981689453,176.25,22501800
2025-04-21,165.219970703125,166.2100067138672,168.0,161.61000061035156,166.99000549316406,23469800
2025-04-22,168.56988525390625,169.5800018310547,170.52000427246094,165.22000122070312,167.42999267578125,18504900
2025-04-23,175.85623168945312,176.91000366210938,180.4499969482422,175.82000732421875,177.77999877929688,24380500
2025-04-24,187.02926635742188,188.14999389648438,188.57000732421875,178.3000030517578,179.69000244140625,27576900
2025-04-25,191.16448974609375,192.30999755859375,193.3699951171875,186.88999938964844,186.9199981689453,21242300
2025-04-28,191.3235321044922,192.47000122070312,193.10000610351562,187.67999267578125,190.52999877929688,16385800
2025-04-29,190.03128051757812,191.1699981689453,193.25,190.10000610351562,191.72000122070312,14630000
2025-04-30,191.3235321044922,192.47000122070312,193.1999969482422,184.02000427246094,185.89999389648438,22768900
2025-05-01,196.15460205078125,197.3300018310547,201.39999389648438,196.24000549316406,198.13999938964844,24939700
2025-05-02,202.427001953125,203.63999938964844,205.67999267578125,201.0800018310547,203.89999389648438,17766800
2025-05-05,199.52439880371094,200.72000122070312,203.22999572753906,200.0,200.25,14025400
2025-05-06,198.8981475830078,200.08999633789062,201.91000366210938,195.94000244140625,196.44000244140625,16348800
2025-05-07,203.5900421142578,204.80999755859375,206.22999572753906,198.42999267578125,199.2899932861328,20253700
2025-05-08,206.5323944091797,207.77000427246094,211.16000366210938,203.69000244140625,208.0,18460900
2025-05-09,206.95982360839844,208.1999969482422,209.9600067138672,206.52000427246094,209.3300018310547,13289200
2025-05-12,220.26014709472656,221.5800018310547,221.8000030517578,215.8800048828125,219.49000549316406,25437700
2025-05-13,231.0355682373047,232.4199981689453,235.27999877929688,222.0,222.0,28790500
2025-05-14,230.7373504638672,232.1199951171875,233.5,228.35000610351562,230.22999572753906,19751400
2025-05-15,231.25425720214844,232.63999938964844,234.4600067138672,228.07000732421875,230.16000366210938,18803700
2025-05-16,227.24826049804688,228.61000061035156,232.63999938964844,226.38999938964844,232.32000732421875,23094600
2025-05-19,229.25624084472656,230.6300048828125,231.25,221.60000610351562,221.85000610351562,15355500
2025-05-20,230.29998779296875,231.67999267578125,231.77000427246094,226.33999633789062,226.49000549316406,11787200
2025-05-21,228.36158752441406,229.72999572753906,236.5,227.8300018310547,228.38999938964844,17642900
2025-05-22,229.15682983398438,230.52999877929688,233.69000244140625,227.42999267578125,228.33999633789062,14340200
2025-05-23,227.35760498046875,228.72000122070312,230.64999389648438,226.17999267578125,226.94000244140625,15385600
2025-05-27,234.24632263183594,235.64999389648438,236.47999572753906,231.1300048828125,232.8699951171875,17941700
2025-05-28,238.00381469726562,239.42999267578125,240.99000549316406,234.42999267578125,237.14999389648438,20443000
2025-05-29,240.5286865234375,241.97000122070312,246.07000732421875,237.39999389648438,245.91000366210938,20743700
2025-05-30,240.6280975341797,242.07000732421875,243.1699981689453,234.89999389648438,241.22000122070312,27088600
2025-06-02,247.22854614257812,248.7100067138672,250.0,243.19000244140625,243.25,19197000
2025-06-03,255.320068359375,256.8500061035156,257.8800048828125,249.39999389648438,250.0800018310547,30380200
2025-06-04,259.52484130859375,261.0799865722656,265.42999267578125,257.5899963378906,258.05999755859375,31536000
2025-06-05,258.3817138671875,259.92999267578125,264.8900146484375,259.05999755859375,262.95001220703125,41970900
2025-06-06,245.45912170410156,246.92999267578125,255.32000732421875,246.1300048828125,251.13999938964844,41146700
2025-06-09,242.82492065429688,244.27999877929688,248.1699981689453,241.11000061035156,245.0500030517578,25334100
2025-06-10,243.1728515625,244.6300048828125,246.27999877929688,241.39999389648438,244.22000122070312,25491300
2025-06-11,251.40353393554688,252.91000366210938,254.77000427246094,243.8000030517578,246.36000061035156,24599000
2025-06-12,254.54469299316406,256.07000732421875,257.8900146484375,249.5,250.19000244140625,20410900
2025-06-13,247.21859741210938,248.6999969482422,254.0,248.35000610351562,250.66000366210938,19028400
2025-06-16,250.5983428955078,252.10000610351562,255.19000244140625,249.57000732421875,250.35000610351562,20363000
2025-06-17,247.88461303710938,249.3699951171875,253.9600067138672,247.9199981689453,250.9499969482422,22014300
2025-06-18,249.76333618164062,251.25999450683594,255.63999938964844,249.41000366210938,250.88999938964844,30435500
2025-06-20,249.0858154296875,249.99000549316406,253.52000427246094,244.1699981689453,253.2100067138672,42134900
2025-06-23,252.85214233398438,253.77000427246094,254.2100067138672,246.4600067138672,249.11000061035156,19747000
2025-06-24,262.81597900390625,263.7699890136719,265.8699951171875,258.7699890136719,258.7699890136719,32764900
2025-06-25,263.69281005859375,264.6499938964844,269.8699951171875,263.42999267578125,266.0,18894200
2025-06-26,269.1928405761719,270.1700134277344,271.6700134277344,264.1300048828125,265.0799865722656,23569600
2025-06-27,268.3758239746094,269.3500061035156,271.8500061035156,266.8800048828125,270.29998779296875,27477600
2025-06-30,274.6529846191406,275.6499938964844,277.7099914550781,272.1300048828125,274.7300109863281,24708400
2025-07-01,263.7824401855469,264.739990234375,274.5,262.6600036621094,274.3999938964844,28847600
2025-07-02,268.9237976074219,269.8999938964844,272.0,262.7300109863281,263.989990234375,17582100
2025-07-03,274.1846923828125,275.17999267578125,275.79998779296875,270.1199951171875,270.7300109863281,10592700
2025-07-07,273.18829345703125,274.17999267578125,277.55999755859375,272.6600036621094,275.1300048828125,16760600
2025-07-08,270.8169250488281,271.79998779296875,276.3500061035156,271.1499938964844,276.3500061035156,14869400
2025-07-09,276.8948669433594,277.8999938964844,279.45001220703125,272.7200012207031,272.9599914550781,20133000
2025-07-10,274.4039001464844,275.3999938964844,281.17999267578125,272.70001220703125,279.7900085449219,17891600
2025-07-11,273.3876037597656,274.3800048828125,276.4700012207031,271.8900146484375,274.1400146484375,14274700
2025-07-14,274.6031799316406,275.6000061035156,278.3599853515625,269.5799865722656,274.1300048828125,11934200
2025-07-15,279.9238586425781,280.94000244140625,283.3599853515625,277.8500061035156,279.80999755859375,17918400
2025-07-16,279.7943420410156,280.80999755859375,281.510009765625,275.6700134277344,280.1099853515625,15031000
2025-07-17,285.4139404296875,286.45001220703125,288.2799987792969,279.9100036621094,281.1400146484375,17231100
2025-07-18,282.315185546875,283.3399963378906,287.5299987792969,281.0,287.1099853515625,15012400
2025-07-21,287.1675720214844,288.2099914550781,290.5400085449219,283.6300048828125,283.9599914550781,17726800
2025-07-22,277.5823669433594,278.5899963378906,288.0,276.42999267578125,287.6499938964844,16564800
2025-07-23,282.6639099121094,283.69000244140625,284.0,273.0,276.7799987792969,20556200
2025-07-24,287.665771484375,288.7099914550781,291.20001220703125,283.5,289.7900085449219,16413800
2025-07-25,289.13043212890625,290.17999267578125,292.5899963378906,287.2699890136719,288.07000732421875,12476200
2025-07-28,293.23553466796875,294.29998779296875,295.45001220703125,290.5899963378906,292.4599914550781,13683400
2025-07-29,296.3442687988281,297.4200134277344,302.19000244140625,294.8699951171875,297.5,19210800
2025-07-30,301.52545166015625,302.6199951171875,303.260009765625,295.79998779296875,297.1499938964844,16738900
2025-07-31,292.6377258300781,293.70001220703125,306.95001220703125,290.2300109863281,302.79998779296875,25488500
2025-08-01,287.5960388183594,288.6400146484375,292.6400146484375,281.6099853515625,286.5400085449219,21428100
2025-08-04,296.6431884765625,297.7200012207031,298.4800109863281,291.3999938964844,292.20001220703125,17164600
2025-08-05,291.8705139160156,292.92999267578125,301.20001220703125,291.45001220703125,297.80999755859375,18477500
2025-08-06,300.57891845703125,301.6700134277344,302.80999755859375,291.8999938964844,292.8999938964844,17392100
2025-08-07,302.6613464355469,303.760009765625,310.3399963378906,299.8800048828125,306.1700134277344,16319400
2025-08-08,303.8669738769531,304.9700012207031,307.8699951171875,302.54998779296875,304.04998779296875,12458700
2025-08-11,302.80084228515625,303.8999938964844,308.30999755859375,301.2900085449219,305.04998779296875,12396400
2025-08-12,311.6985168457031,312.8299865722656,313.44000244140625,304.6700134277344,306.6300048828125,17609600
2025-08-13,307.9720764160156,309.0899963378906,317.3500061035156,304.75,316.75,17371200
2025-08-14,310.1043395996094,311.2300109863281,314.1700134277344,307.0,307.010009765625,15717600
2025-08-15,305.23199462890625,306.3399963378906,311.5,299.760009765625,311.0299987792969,22806900
2025-08-18,304.65411376953125,305.760009765625,306.1700134277344,299.0,302.70001220703125,14724700
2025-08-19,293.8433532714844,294.9100036621094,302.8999938964844,292.3900146484375,302.4200134277344,20149600
2025-08-20,290.11688232421875,291.1700134277344,295.489990234375,281.8699951171875,295.4599914550781,23600500
2025-08-21,288.55255126953125,289.6000061035156,292.3900146484375,286.1700134277344,290.05999755859375,14946300
2025-08-22,292.9366455078125,294.0,300.0899963378906,289.010009765625,291.75,16301300
2025-08-25,293.16583251953125,294.2300109863281,298.3999938964844,291.7099914550781,292.80999755859375,15124700
2025-08-26,296.93212890625,298.010009765625,300.25,293.989990234375,294.3500061035156,25689100
2025-08-27,299.1640319824219,300.25,301.17999267578125,293.7799987792969,297.5299987792969,13830300
2025-08-28,307.53363037109375,308.6499938964844,311.0,302.3299865722656,302.92999267578125,18907100
2025-08-29,296.31439208984375,297.3900146484375,307.010009765625,293.6600036621094,307.010009765625,21610700
2025-09-02,297.16131591796875,298.239990234375,298.7099914550781,287.1700134277344,289.3399963378906,19693000
2025-09-03,301.2962951660156,302.3900146484375,304.45001220703125,296.3999938964844,302.2900085449219,18529400
2025-09-04,304.9928894042969,306.1000061035156,308.7799987792969,302.25,305.05999755859375,31220800
2025-09-05,333.6787414550781,334.8900146484375,356.3399963378906,331.4200134277344,355.7799987792969,78401600
2025-09-08,344.3998107910156,345.6499938964844,354.1700134277344,341.25,342.75,43535600
2025-09-09,335.45233154296875,336.6700134277344,350.9800109863281,335.8299865722656,349.54998779296875,26972300
2025-09-10,368.2333068847656,369.57000732421875,372.9700012207031,350.54998779296875,351.5199890136719,51086800
2025-09-11,358.3292541503906,359.6300048828125,374.2300109863281,358.760009765625,371.17999267578125,29430900
2025-09-12,358.5683898925781,359.8699951171875,364.3900146484375,357.1600036621094,362.9100036621094,31949800
2025-09-15,362.77313232421875,364.0899963378906,365.5,356.3399963378906,359.8699951171875,21792200
2025-09-16,358.69793701171875,360.0,365.69000244140625,356.989990234375,365.42999267578125,21306500
2025-09-17,344.9179382324219,346.1700134277344,359.92999267578125,341.5,358.8500061035156,45197100
2025-09-18,344.1009216308594,345.3500061035156,350.70001220703125,343.7900085449219,350.0,24663900
2025-09-19,343.6923828125,344.94000244140625,346.2699890136719,336.42999267578125,344.6499938964844,41240100
2025-09-22,338.14300537109375,338.7900085449219,346.6700134277344,337.94000244140625,342.42999267578125,28660000
2025-09-23,338.292724609375,338.94000244140625,345.2200012207031,337.0199890136719,340.239990234375,21944100
2025-09-24,338.6620178222656,339.30999755859375,340.0799865722656,333.80999755859375,339.760009765625,19677300
2025-09-25,335.4581298828125,336.1000061035156,338.05999755859375,327.29998779296875,332.989990234375,21678200
2025-09-26,333.8911437988281,334.5299987792969,339.0799865722656,330.5799865722656,337.42999267578125,15464700
2025-09-29,327.2738037109375,327.8999938964844,341.04998779296875,327.54998779296875,336.0,21336000
2025-09-30,329.27996826171875,329.9100036621094,331.04998779296875,324.6099853515625,330.1199951171875,20109500
