Date,close,Close,high,low,open,volume
2015-01-02,0.4830114245414734,0.503250002861023,0.5070000290870667,0.49524998664855957,0.503250002861023,113680000
2015-01-05,0.4748533368110657,0.4947499930858612,0.5047500133514404,0.4925000071525574,0.503250002861023,197952000
2015-01-06,0.4604564309120178,0.47975000739097595,0.4959999918937683,0.4792500138282776,0.49549999833106995,197764000
2015-01-07,0.45925670862197876,0.47850000858306885,0.48750001192092896,0.47699999809265137,0.4832499921321869,321808000
2015-01-08,0.47653287649154663,0.4964999854564667,0.49950000643730164,0.48374998569488525,0.48399999737739563,283780000
2015-01-09,0.4784524142742157,0.4984999895095825,0.5022500157356262,0.49149999022483826,0.49825000762939453,209540000
2015-01-12,0.4724538028240204,0.492249995470047,0.5,0.48774999380111694,0.4997499883174896,190732000
2015-01-13,0.4717339277267456,0.49149999022483826,0.5059999823570251,0.4880000054836273,0.4959999918937683,236720000
2015-01-14,0.47365352511405945,0.4934999942779541,0.4950000047683716,0.48500001430511475,0.48625001311302185,155260000
2015-01-15,0.470294326543808,0.49000000953674316,0.5,0.4897499978542328,0.4970000088214874,188932000
2015-01-16,0.47893235087394714,0.49900001287460327,0.49950000643730164,0.48774999380111694,0.4892500042915344,181512000
2015-01-20,0.4803721010684967,0.5005000233650208,0.5052499771118164,0.49424999952316284,0.5024999976158142,140308000
2015-01-21,0.4870905578136444,0.5074999928474426,0.5087500214576721,0.49424999952316284,0.49775001406669617,144780000
2015-01-22,0.4954887628555298,0.5162500143051147,0.5177500247955322,0.503250002861023,0.5084999799728394,159712000
2015-01-23,0.49692824482917786,0.5177500247955322,0.518750011920929,0.512499988079071,0.5167499780654907,120416000
2015-01-26,0.4947688579559326,0.515500009059906,0.5180000066757202,0.5122500061988831,0.515500009059906,133240000
2015-01-27,0.4710140824317932,0.4907500147819519,0.5080000162124634,0.4897499978542328,0.5074999928474426,357948000
2015-01-28,0.4633357524871826,0.4827499985694885,0.4987500011920929,0.48249998688697815,0.49674999713897705,272728000
2015-01-29,0.4746132791042328,0.4945000112056732,0.4972499907016754,0.4807499945163727,0.4830000102519989,235340000
2015-01-30,0.4606964886188507,0.47999998927116394,0.49674999713897705,0.4792500138282776,0.4909999966621399,298200000
2015-02-02,0.4707741141319275,0.49050000309944153,0.4925000071525574,0.47350001335144043,0.4830000102519989,259604000
2015-02-03,0.48253142833709717,0.5027499794960022,0.503250002861023,0.49149999022483826,0.49399998784065247,183468000
2015-02-04,0.483731210231781,0.5040000081062317,0.5097500085830688,0.4997499883174896,0.5012500286102295,181516000
2015-02-05,0.4916495978832245,0.5122500061988831,0.512499988079071,0.5040000081062317,0.5044999718666077,140448000
2015-02-06,0.48948994278907776,0.5099999904632568,0.5177500247955322,0.5077499747276306,0.5117499828338623,210524000
2015-02-09,0.4890100061893463,0.5095000267028809,0.5109999775886536,0.5037500262260437,0.5070000290870667,273944000
2015-02-10,0.5026868581771851,0.5237500071525574,0.5239999890327454,0.5077499747276306,0.5099999904632568,226204000
2015-02-11,0.4993276298046112,0.5202500224113464,0.5249999761581421,0.5167499780654907,0.5249999761581421,320832000
2015-02-12,0.5350798964500427,0.5575000047683716,0.5625,0.546750009059906,0.550000011920929,676904000
2015-02-13,0.5353197455406189,0.5577499866485596,0.5584999918937683,0.5477499961853027,0.5562499761581421,310084000
2015-02-17,0.5369992256164551,0.559499979019165,0.562250018119812,0.5532500147819519,0.5567499995231628,203340000
2015-02-18,0.5307607054710388,0.5529999732971191,0.5597500205039978,0.5519999861717224,0.5587499737739563,170948000
2015-02-19,0.532200276851654,0.5544999837875366,0.5609999895095825,0.5519999861717224,0.5600000023841858,169432000
2015-02-20,0.5360395908355713,0.5584999918937683,0.5587499737739563,0.550000011920929,0.5540000200271606,157752000
2015-02-23,0.5317205190658569,0.5540000200271606,0.5582500100135803,0.5512499809265137,0.5582500100135803,125008000
2015-02-24,0.5373809933662415,0.5577499866485596,0.5577499866485596,0.5490000247955322,0.5540000200271606,149356000
2015-02-25,0.5332860350608826,0.5534999966621399,0.5580000281333923,0.5509999990463257,0.5554999709129333,123820000
2015-02-26,0.5347315073013306,0.5550000071525574,0.5582500100135803,0.5504999756813049,0.5540000200271606,152864000
2015-02-27,0.5313591957092285,0.5515000224113464,0.5547500252723694,0.5494999885559082,0.5534999966621399,157492000
2015-03-02,0.5443660616874695,0.5649999976158142,0.5680000185966492,0.5492500066757202,0.550000011920929,301512000
2015-03-03,0.5342494249343872,0.5544999837875366,0.5634999871253967,0.5527499914169312,0.5607500076293945,160344000
2015-03-04,0.5402712821960449,0.5607500076293945,0.5619999766349792,0.5502499938011169,0.5525000095367432,226840000
2015-03-05,0.5506288409233093,0.5715000033378601,0.5724999904632568,0.559249997138977,0.5607500076293945,323056000
2015-03-06,0.5431618690490723,0.5637500286102295,0.5709999799728394,0.5632500052452087,0.5682500004768372,257392000
2015-03-09,0.5446068644523621,0.5652499794960022,0.5695000290870667,0.562749981880188,0.5640000104904175,222388000
2015-03-10,0.5540009140968323,0.574999988079071,0.5787500143051147,0.5667499899864197,0.5677499771118164,527212000
2015-03-11,0.5511106252670288,0.5720000267028809,0.5824999809265137,0.5705000162124634,0.574999988079071,262120000
2015-03-12,0.5460521578788757,0.5667499899864197,0.5707499980926514,0.5559999942779541,0.5665000081062317,406972000
2015-03-13,0.5467750430107117,0.5674999952316284,0.5690000057220459,0.5562499761581421,0.5640000104904175,359288000
2015-03-16,0.5532781481742859,0.5742499828338623,0.577750027179718,0.5682500004768372,0.5720000267028809,236956000
2015-03-17,0.5600225925445557,0.581250011920929,0.5814999938011169,0.5690000057220459,0.5730000138282776,299900000
2015-03-18,0.5508697628974915,0.5717499852180481,0.5842499732971191,0.5665000081062317,0.581250011920929,413844000
2015-03-19,0.5593000650405884,0.5805000066757202,0.5824999809265137,0.5695000290870667,0.5737500190734863,310756000
2015-03-20,0.5653219223022461,0.5867499709129333,0.5902500152587891,0.5797500014305115,0.5852500200271606,462084000
2015-03-23,0.5470156669616699,0.5677499771118164,0.5767499804496765,0.5674999952316284,0.5692499876022339,426012000
2015-03-24,0.5395485758781433,0.5600000023841858,0.5699999928474426,0.5575000047683716,0.5659999847412109,330480000
2015-03-25,0.5067904591560364,0.5260000228881836,0.5597500205039978,0.5242499709129333,0.5597500205039978,542552000
2015-03-26,0.5051042437553406,0.5242499709129333,0.5264999866485596,0.5115000009536743,0.515250027179718,311920000
2015-03-27,0.514980137348175,0.534500002861023,0.5364999771118164,0.518750011920929,0.5272499918937683,318288000
2015-03-30,0.5171481370925903,0.5367500185966492,0.5394999980926514,0.5299999713897705,0.5370000004768372,253252000
2015-03-31,0.5041406750679016,0.5232499837875366,0.5357499718666077,0.5227500200271606,0.5352500081062317,357276000
2015-04-01,0.5060678720474243,0.5252500176429749,0.5270000100135803,0.5162500143051147,0.5252500176429749,330768000
2015-04-02,0.5072722434997559,0.5264999866485596,0.5297499895095825,0.5220000147819519,0.528249979019165,192204000
2015-04-06,0.5219653248786926,0.5417500138282776,0.5435000061988831,0.518750011920929,0.5242499709129333,515864000
2015-04-07,0.5265419483184814,0.546500027179718,0.5525000095367432,0.5387499928474426,0.5417500138282776,413964000
2015-04-08,0.5303956270217896,0.5504999756813049,0.5525000095367432,0.5417500138282776,0.546999990940094,366432000
2015-04-09,0.5426800847053528,0.5632500052452087,0.5649999976158142,0.5460000038146973,0.5462499856948853,379432000
2015-04-10,0.5482200384140015,0.5690000057220459,0.5692499876022339,0.5617499947547913,0.5637500286102295,258728000
2015-04-13,0.5431618690490723,0.5637500286102295,0.5709999799728394,0.5612499713897705,0.5677499771118164,236724000
2015-04-14,0.5385852456092834,0.5590000152587891,0.5637500286102295,0.5534999966621399,0.5615000128746033,220276000
2015-04-15,0.5450885891914368,0.565750002861023,0.5699999928474426,0.5577499866485596,0.5605000257492065,243560000
2015-04-16,0.5417165756225586,0.562250018119812,0.5672500133514404,0.5582500100135803,0.5625,155284000
2015-04-17,0.5347315073013306,0.5550000071525574,0.5605000257492065,0.5502499938011169,0.5504999756813049,293636000
2015-04-20,0.532081663608551,0.5522500276565552,0.5609999895095825,0.5512499809265137,0.5575000047683716,231624000
2015-04-21,0.5313591957092285,0.5515000224113464,0.5590000152587891,0.5487499833106995,0.5590000152587891,230456000
2015-04-22,0.5373809933662415,0.5577499866485596,0.5584999918937683,0.5462499856948853,0.5547500252723694,207420000
2015-04-23,0.5352129936218262,0.5554999709129333,0.5607500076293945,0.5412499904632568,0.5475000143051147,259380000
2015-04-24,0.5306366682052612,0.5507500171661377,0.5554999709129333,0.5444999933242798,0.5552499890327454,240960000
2015-04-27,0.5347315073013306,0.5550000071525574,0.5647500157356262,0.5477499961853027,0.5525000095367432,248456000
2015-04-28,0.5373809933662415,0.5577499866485596,0.5597500205039978,0.5487499833106995,0.5540000200271606,234484000
2015-04-29,0.5332860350608826,0.5534999966621399,0.559249997138977,0.5512499809265137,0.5537499785423279,195156000
2015-04-30,0.5347315073013306,0.5550000071525574,0.5577499866485596,0.5494999885559082,0.5507500171661377,218844000
2015-05-01,0.5479792356491089,0.5687500238418579,0.5705000162124634,0.5569999814033508,0.559499979019165,256968000
2015-05-04,0.5446068644523621,0.5652499794960022,0.5720000267028809,0.5634999871253967,0.5682500004768372,200720000
2015-05-05,0.5306366682052612,0.5507500171661377,0.5640000104904175,0.5482500195503235,0.5632500052452087,292928000
2015-05-06,0.5323225855827332,0.5525000095367432,0.5590000152587891,0.5452499985694885,0.5537499785423279,316484000
2015-05-07,0.5417165756225586,0.562250018119812,0.5640000104904175,0.5485000014305115,0.5502499938011169,534564000
2015-05-08,0.5017321705818176,0.5207499861717224,0.5460000038146973,0.5122500061988831,0.5252500176429749,1146552000
2015-05-11,0.49691468477249146,0.515749990940094,0.5210000276565552,0.5095000267028809,0.5134999752044678,544144000
2015-05-12,0.5017321705818176,0.5207499861717224,0.5249999761581421,0.5117499828338623,0.5120000243186951,388800000
2015-05-13,0.5046225190162659,0.5237500071525574,0.5285000205039978,0.518750011920929,0.5245000123977661,308524000
2015-05-14,0.5128123164176941,0.5322499871253967,0.5350000262260437,0.5239999890327454,0.5252500176429749,293052000
2015-05-15,0.5130528807640076,0.5325000286102295,0.5370000004768372,0.5292500257492065,0.534500002861023,215824000
2015-05-18,0.5123303532600403,0.5317500233650208,0.5350000262260437,0.5287500023841858,0.53125,324972000
2015-05-19,0.5091362595558167,0.5260000228881836,0.5317500233650208,0.5249999761581421,0.5299999713897705,253808000
2015-05-20,0.5091362595558167,0.5260000228881836,0.5325000286102295,0.5254999995231628,0.5262500047683716,196824000
2015-05-21,0.5055063962936401,0.5222499966621399,0.5285000205039978,0.5217499732971191,0.5262500047683716,239692000
2015-05-22,0.5047805309295654,0.5214999914169312,0.5254999995231628,0.5202500224113464,0.5235000252723694,212592000
2015-05-26,0.5016345977783203,0.5182499885559082,0.5224999785423279,0.5142499804496765,0.5189999938011169,259732000
2015-05-27,0.528495192527771,0.5460000038146973,0.5485000014305115,0.5199999809265137,0.5217499732971191,432332000
2015-05-28,0.5357547402381897,0.5534999966621399,0.5552499890327454,0.5450000166893005,0.5460000038146973,327656000
2015-05-29,0.5355123281478882,0.5532500147819519,0.5569999814033508,0.5525000095367432,0.5534999966621399,335168000
2015-06-01,0.5415621399879456,0.559499979019165,0.5649999976158142,0.5532500147819519,0.5567499995231628,372660000
2015-06-02,0.5309149026870728,0.5485000014305115,0.5590000152587891,0.5479999780654907,0.5559999942779541,224304000
2015-06-03,0.5251072645187378,0.5425000190734863,0.5542500019073486,0.5414999723434448,0.550000011920929,250788000
2015-06-04,0.5345446467399597,0.5522500276565552,0.5540000200271606,0.5392500162124634,0.5392500162124634,323712000
2015-06-05,0.5386584401130676,0.5565000176429749,0.5590000152587891,0.5447499752044678,0.5504999756813049,313320000
2015-06-08,0.5263171792030334,0.543749988079071,0.5584999918937683,0.5375000238418579,0.5547500252723694,342812000
2015-06-09,0.5289790630340576,0.546500027179718,0.5504999756813049,0.5432500243186951,0.5442500114440918,256888000
2015-06-10,0.5195416808128357,0.5367500185966492,0.5435000061988831,0.5337499976158142,0.5400000214576721,529460000
2015-06-11,0.5251072645187378,0.5425000190734863,0.5462499856948853,0.5367500185966492,0.5367500185966492,283052000
2015-06-12,0.5108302235603333,0.5277500152587891,0.5422499775886536,0.5264999866485596,0.5389999747276306,323728000
2015-06-15,0.5098623037338257,0.5267500281333923,0.5292500257492065,0.5210000276565552,0.5249999761581421,306548000
2015-06-16,0.5161537528038025,0.5332499742507935,0.5339999794960022,0.5205000042915344,0.5257499814033508,256892000
2015-06-17,0.5222036838531494,0.5394999980926514,0.5425000190734863,0.5317500233650208,0.5329999923706055,233544000
2015-06-18,0.5309149026870728,0.5485000014305115,0.5519999861717224,0.5425000190734863,0.5440000295639038,299404000
2015-06-19,0.5292208194732666,0.546750009059906,0.5529999732971191,0.5417500138282776,0.5485000014305115,355656000
2015-06-22,0.5270429849624634,0.5444999933242798,0.5507500171661377,0.5362499952316284,0.5477499961853027,514236000
2015-06-23,0.5134918689727783,0.5304999947547913,0.5497499704360962,0.5262500047683716,0.5454999804496765,414064000
2015-06-24,0.5084102153778076,0.5252500176429749,0.5325000286102295,0.5227500200271606,0.5297499895095825,253368000
2015-06-25,0.5122821927070618,0.5292500257492065,0.5325000286102295,0.5252500176429749,0.5252500176429749,350460000
2015-06-26,0.5018767714500427,0.5184999704360962,0.5254999995231628,0.5162500143051147,0.5249999761581421,421296000
2015-06-29,0.48687365651130676,0.503000020980835,0.5177500247955322,0.5022500157356262,0.512499988079071,391724000
2015-06-30,0.48663151264190674,0.5027499794960022,0.5082499980926514,0.49924999475479126,0.5059999823570251,315916000
2015-07-01,0.4936491847038269,0.5099999904632568,0.5224999785423279,0.5055000185966492,0.515250027179718,302892000
2015-07-02,0.4941331148147583,0.5105000138282776,0.5137500166893005,0.5072500109672546,0.5097500085830688,145764000
2015-07-06,0.4880835711956024,0.5042499899864197,0.5132499933242798,0.5005000233650208,0.5062500238418579,214776000
2015-07-07,0.4788881242275238,0.4947499930858612,0.503250002861023,0.4790000021457672,0.5012500286102295,594252000
2015-07-08,0.4755003750324249,0.49125000834465027,0.4950000047683716,0.4872500002384186,0.492000013589859,332492000
2015-07-09,0.4696926772594452,0.48524999618530273,0.5012500286102295,0.48225000500679016,0.49900001287460327,357588000
2015-07-10,0.4779202342033386,0.4937500059604645,0.49825000762939453,0.49024999141693115,0.49149999022483826,216708000
2015-07-13,0.4810660481452942,0.4970000088214874,0.4997499883174896,0.4937500059604645,0.4987500011920929,212472000
2015-07-14,0.4813080132007599,0.4972499907016754,0.49825000762939453,0.4907500147819519,0.49775001406669617,249216000
2015-07-15,0.4779202342033386,0.4937500059604645,0.49924999475479126,0.4892500042915344,0.4959999918937683,265732000
2015-07-16,0.4885675311088562,0.5047500133514404,0.5047500133514404,0.4950000047683716,0.49674999713897705,282848000
2015-07-17,0.48566362261772156,0.5017499923706055,0.5034999847412109,0.49524998664855957,0.503000020980835,220372000
2015-07-20,0.4767102897167206,0.4925000071525574,0.5037500262260437,0.49125000834465027,0.5017499923706055,188412000
2015-07-21,0.4788881242275238,0.4947499930858612,0.5017499923706055,0.49149999022483826,0.49149999022483826,149720000
2015-07-22,0.4696926772594452,0.48524999618530273,0.49125000834465027,0.4792500138282776,0.49125000834465027,356472000
2015-07-23,0.4755003750324249,0.49125000834465027,0.4984999895095825,0.48524999618530273,0.48625001311302185,169916000
2015-07-24,0.46993470191955566,0.4855000078678131,0.49524998664855957,0.48350000381469727,0.4947499930858612,188844000
2015-07-27,0.4672728180885315,0.4827499985694885,0.4882499873638153,0.47725000977516174,0.48124998807907104,192420000
2015-07-28,0.47743621468544006,0.4932500123977661,0.4964999854564667,0.4790000021457672,0.48399999737739563,198308000
2015-07-29,0.48324382305145264,0.49924999475479126,0.503250002861023,0.49024999141693115,0.492249995470047,232680000
2015-07-30,0.4844537377357483,0.5005000233650208,0.5055000185966492,0.49799999594688416,0.49799999594688416,190180000
2015-07-31,0.48275992274284363,0.4987500011920929,0.5027499794960022,0.4957500100135803,0.5024999976158142,218340000
2015-08-03,0.4909873902797699,0.5072500109672546,0.5077499747276306,0.4962500035762787,0.5027499794960022,397132000
2015-08-04,0.49292320013046265,0.5092499852180481,0.5107499957084656,0.5034999847412109,0.5055000185966492,260100000
2015-08-05,0.4980050325393677,0.5145000219345093,0.5222499966621399,0.5134999752044678,0.5217499732971191,234628000
2015-08-06,0.49485909938812256,0.5112500190734863,0.5170000195503235,0.5027499794960022,0.5132499933242798,655676000
2015-08-07,0.5560813546180725,0.5745000243186951,0.5842499732971191,0.546999990940094,0.5615000128746033,1405248000
2015-08-10,0.5754402279853821,0.5945000052452087,0.5987499952316284,0.5669999718666077,0.5705000162124634,662304000
2015-08-11,0.5725363492965698,0.5914999842643738,0.5972499847412109,0.5857499837875366,0.5857499837875366,435008000
2015-08-12,0.5739880800247192,0.5929999947547913,0.5972499847412109,0.5820000171661377,0.5820000171661377,384048000
2015-08-13,0.5691487193107605,0.5879999995231628,0.5950000286102295,0.5864999890327454,0.59375,276884000
2015-08-14,0.5696325302124023,0.5885000228881836,0.5920000076293945,0.5839999914169312,0.5874999761581421,214652000
2015-08-17,0.5660026669502258,0.5847499966621399,0.5874999761581421,0.5774999856948853,0.5874999761581421,273880000
2015-08-18,0.5608510375022888,0.5770000219345093,0.5845000147819519,0.5724999904632568,0.5805000066757202,287084000
2015-08-19,0.5586640238761902,0.5747500061988831,0.5827500224113464,0.5684999823570251,0.5762500166893005,249248000
2015-08-20,0.5384947061538696,0.5540000200271606,0.5709999799728394,0.5512499809265137,0.5682500004768372,426932000
2015-08-21,0.5217276215553284,0.5367500185966492,0.559249997138977,0.5362499952316284,0.550000011920929,382664000
2015-08-24,0.5032593607902527,0.5177500247955322,0.5457500219345093,0.5,0.5067499876022339,682284000
2015-08-25,0.49281007051467896,0.5070000290870667,0.5425000190734863,0.5070000290870667,0.5404999852180481,622684000
2015-08-26,0.5299896597862244,0.5452499985694885,0.5457500219345093,0.5195000171661377,0.5235000252723694,614976000
2015-08-27,0.5499157905578613,0.565750002861023,0.5659999847412109,0.5477499961853027,0.5509999990463257,463764000
2015-08-28,0.5523456931114197,0.5682500004768372,0.5717499852180481,0.5617499947547913,0.565750002861023,320944000
2015-08-31,0.5462708473205566,0.5619999766349792,0.5695000290870667,0.5597500205039978,0.565500020980835,219352000
2015-09-01,0.5239146947860718,0.5389999747276306,0.5550000071525574,0.5350000262260437,0.5457500219345093,353408000
2015-09-02,0.5397098660469055,0.5552499890327454,0.5554999709129333,0.5444999933242798,0.5537499785423279,344044000
2015-09-03,0.5411677360534668,0.5567499995231628,0.5662500262260437,0.5557500123977661,0.5634999871253967,262556000
2015-09-04,0.5285316705703735,0.543749988079071,0.5559999942779541,0.5435000061988831,0.547249972820282,287972000
2015-09-08,0.5511308908462524,0.5669999718666077,0.5692499876022339,0.5547500252723694,0.5569999814033508,238448000
2015-09-09,0.5401957631111145,0.5557500123977661,0.5734999775886536,0.5544999837875366,0.5687500238418579,289392000
2015-09-10,0.5487006902694702,0.5644999742507935,0.5715000033378601,0.550000011920929,0.5525000095367432,357076000
2015-09-11,0.5504018068313599,0.5662500262260437,0.5699999928474426,0.5559999942779541,0.5582500100135803,301584000
2015-09-14,0.5513737201690674,0.5672500133514404,0.5707499980926514,0.5642499923706055,0.5690000057220459,192460000
2015-09-15,0.5574489831924438,0.5734999775886536,0.5764999985694885,0.565750002861023,0.5674999952316284,327976000
2015-09-16,0.5613369345664978,0.5774999856948853,0.5807499885559082,0.5682500004768372,0.5724999904632568,173508000
2015-09-17,0.5664400458335876,0.5827500224113464,0.5927500128746033,0.5814999938011169,0.5874999761581421,268712000
2015-09-18,0.5659542083740234,0.5822499990463257,0.5872499942779541,0.5712500214576721,0.5747500061988831,326412000
2015-09-21,0.571786105632782,0.5882499814033508,0.5895000100135803,0.5799999833106995,0.5830000042915344,281840000
2015-09-22,0.5562341809272766,0.5722500085830688,0.5795000195503235,0.5692499876022339,0.5755000114440918,228356000
2015-09-23,0.5589070320129395,0.574999988079071,0.578499972820282,0.5705000162124634,0.5727499723434448,161632000
2015-09-24,0.5695989727973938,0.5860000252723694,0.5920000076293945,0.5625,0.5715000033378601,382440000
2015-09-25,0.5737302303314209,0.5902500152587891,0.6017500162124634,0.5845000147819519,0.5932499766349792,369692000
2015-09-28,0.5661969184875488,0.5824999809265137,0.593999981880188,0.5787500143051147,0.5902500152587891,395584000
2015-09-29,0.576160192489624,0.5927500128746033,0.59375,0.5805000066757202,0.5887500047683716,380736000
2015-09-30,0.5990025401115417,0.6162499785423279,0.6169999837875366,0.5947499871253967,0.5982499718666077,556380000
2015-10-01,0.5873382091522217,0.6042500138282776,0.6179999709129333,0.5867499709129333,0.6162499785423279,489296000
2015-10-02,0.6026477813720703,0.6200000047683716,0.6200000047683716,0.5947499871253967,0.6010000109672546,386144000
2015-10-05,0.6177136301994324,0.6355000138282776,0.6432499885559082,0.6207500100135803,0.6240000128746033,482024000
2015-10-06,0.625732958316803,0.643750011920929,0.6464999914169312,0.6262500286102295,0.6287500262260437,453216000
2015-10-07,0.632293701171875,0.6504999995231628,0.6570000052452087,0.6347500085830688,0.6452500224113464,310152000
2015-10-08,0.6359388828277588,0.6542500257492065,0.656000018119812,0.6367499828338623,0.6477500200271606,460068000
2015-10-09,0.6335088610649109,0.6517500281333923,0.6570000052452087,0.6395000219345093,0.6507499814033508,423248000
2015-10-12,0.6403131484985352,0.6587499976158142,0.6625000238418579,0.6477500200271606,0.6524999737739563,227588000
2015-10-13,0.6415279507637024,0.6600000262260437,0.6639999747276306,0.6512500047683716,0.6535000205039978,298444000
2015-10-14,0.6648565530776978,0.6840000152587891,0.6947500109672546,0.6600000262260437,0.6607499718666077,612148000
2015-10-15,0.6665573716163635,0.6857500076293945,0.6997500061988831,0.6782500147819519,0.6852499842643738,526048000
2015-10-16,0.6770065426826477,0.6965000033378601,0.703000009059906,0.6862499713897705,0.6880000233650208,448396000
2015-10-19,0.6757916212081909,0.6952499747276306,0.7020000219345093,0.687250018119812,0.6987500190734863,294712000
2015-10-20,0.6748195290565491,0.6942499876022339,0.6974999904632568,0.6869999766349792,0.6922500133514404,264824000
2015-10-21,0.666071355342865,0.6852499842643738,0.702750027179718,0.6840000152587891,0.6984999775886536,386280000
2015-10-22,0.6901286244392395,0.7099999785423279,0.7122499942779541,0.6922500133514404,0.6932500004768372,306884000
2015-10-23,0.6947457194328308,0.7147499918937683,0.7195000052452087,0.7055000066757202,0.7162500023841858,381776000
2015-10-26,0.6915864944458008,0.7114999890327454,0.7170000076293945,0.7049999833106995,0.7152500152587891,247436000
2015-10-27,0.6911007761955261,0.7110000252723694,0.715499997138977,0.7074999809265137,0.7080000042915344,208268000
2015-10-28,0.6966897249221802,0.7167500257492065,0.7167500257492065,0.7049999833106995,0.715499997138977,217036000
2015-10-29,0.6726325154304504,0.6919999718666077,0.7124999761581421,0.690750002861023,0.7052500247955322,327168000
2015-10-30,0.6893996000289917,0.7092499732971191,0.7142500281333923,0.6942499876022339,0.6995000243186951,301160000
2015-11-02,0.6974188685417175,0.7174999713897705,0.7182499766349792,0.7072499990463257,0.7114999890327454,190088000
2015-11-03,0.6925585865974426,0.7124999761581421,0.7172499895095825,0.7045000195503235,0.7132499814033508,376768000
2015-11-04,0.6811375617980957,0.7007499933242798,0.715749979019165,0.6974999904632568,0.7105000019073486,442264000
2015-11-05,0.6733614206314087,0.6927499771118164,0.706250011920929,0.690750002861023,0.7042499780654907,478800000
2015-11-06,0.7666746377944946,0.7887499928474426,0.7985000014305115,0.7455000281333923,0.7612500190734863,1172272000
2015-11-09,0.7632727026939392,0.7852500081062317,0.7875000238418579,0.7742499709129333,0.781000018119812,492568000
2015-11-10,0.7486924529075623,0.7702500224113464,0.7792500257492065,0.7537500262260437,0.7749999761581421,552260000
2015-11-11,0.741402268409729,0.7627500295639038,0.7762500047683716,0.7599999904632568,0.7707499861717224,619896000
2015-11-12,0.7387292981147766,0.7599999904632568,0.7680000066757202,0.7567499876022339,0.7609999775886536,291080000
2015-11-13,0.7241491079330444,0.7450000047683716,0.7639999985694885,0.7412499785423279,0.7607499957084656,292940000
2015-11-16,0.7387292981147766,0.7599999904632568,0.7605000138282776,0.7487499713897705,0.7547500133514404,344280000
2015-11-17,0.7387292981147766,0.7599999904632568,0.7664999961853027,0.7567499876022339,0.7620000243186951,257048000
2015-11-18,0.7569015622138977,0.7757499814033508,0.7767500281333923,0.7519999742507935,0.7602499723434448,350216000
2015-11-19,0.7590970396995544,0.777999997138977,0.7857499718666077,0.7722499966621399,0.7785000205039978,254072000
2015-11-20,0.7656828761100769,0.7847499847412109,0.7892500162124634,0.7789999842643738,0.7837499976158142,239744000
2015-11-23,0.7542183995246887,0.7730000019073486,0.7912499904632568,0.7702500224113464,0.7912499904632568,242552000
2015-11-24,0.7603166103363037,0.7792500257492065,0.7860000133514404,0.7695000171661377,0.7730000019073486,195428000
2015-11-25,0.759340763092041,0.778249979019165,0.7870000004768372,0.7754999995231628,0.7777500152587891,138300000
2015-11-27,0.7656828761100769,0.7847499847412109,0.7872499823570251,0.7757499814033508,0.7797499895095825,86996000
2015-11-30,0.773732602596283,0.7929999828338623,0.796500027179718,0.7847499847412109,0.7854999899864197,327244000
2015-12-01,0.7988569140434265,0.8187500238418579,0.8195000290870667,0.7992500066757202,0.800000011920929,409496000
2015-12-02,0.7927587628364563,0.8125,0.828499972820282,0.8107500076293945,0.8199999928474426,294240000
2015-12-03,0.7910512685775757,0.8107500076293945,0.8274999856948853,0.8067499995231628,0.8190000057220459,246656000
2015-12-04,0.823249340057373,0.84375,0.8452500104904175,0.8107500076293945,0.8107500076293945,458756000
2015-12-07,0.80763840675354,0.827750027179718,0.843500018119812,0.8252500295639038,0.843500018119812,333588000
2015-12-08,0.8186150193214417,0.8389999866485596,0.8424999713897705,0.812250018119812,0.8174999952316284,314488000
2015-12-09,0.7978813052177429,0.8177499771118164,0.84375,0.809249997138977,0.8387500047683716,372676000
2015-12-10,0.8044673204421997,0.8245000243186951,0.8289999961853027,0.8174999952316284,0.8202499747276306,236596000
2015-12-11,0.7925150990486145,0.812250018119812,0.8220000267028809,0.8105000257492065,0.8162500262260437,227320000
2015-12-14,0.7944663166999817,0.8142499923706055,0.8187500238418579,0.8044999837875366,0.8130000233650208,275892000
2015-12-15,0.8042235374450684,0.8242499828338623,0.8299999833106995,0.8190000057220459,0.8234999775886536,307296000
2015-12-16,0.8091018199920654,0.8292499780654907,0.8320000171661377,0.8187500238418579,0.8259999752044678,236356000
2015-12-17,0.796905517578125,0.8167499899864197,0.8389999866485596,0.8162500262260437,0.8305000066757202,254160000
2015-12-18,0.7839774489402771,0.8034999966621399,0.8192499876022339,0.8025000095367432,0.8109999895095825,395896000
2015-12-21,0.8025158643722534,0.8224999904632568,0.8232499957084656,0.8050000071525574,0.812250018119812,284216000
2015-12-22,0.8032476902008057,0.8232499957084656,0.8314999938011169,0.8182500004768372,0.824999988079071,130012000
2015-12-23,0.8064185976982117,0.8264999985694885,0.8297500014305115,0.8230000138282776,0.8245000243186951,122524000
2015-12-24,0.8091018199920654,0.8292499780654907,0.831250011920929,0.8227499723434448,0.8240000009536743,52448000
2015-12-28,0.8083699941635132,0.828499972820282,0.828499972820282,0.8090000152587891,0.8205000162124634,142024000
2015-12-29,0.8215420842170715,0.8420000076293945,0.8445000052452087,0.8267499804496765,0.8289999961853027,203660000
2015-12-30,0.8144682049751282,0.8347499966621399,0.8485000133514404,0.8345000147819519,0.8412500023841858,180344000
2015-12-31,0.8039795160293579,0.8240000009536743,0.8372499942779541,0.8240000009536743,0.8335000276565552,148528000
2016-01-04,0.7895878553390503,0.809249997138977,0.8144999742507935,0.8009999990463257,0.8072500228881836,358076000
2016-01-05,0.8022719025611877,0.8222500085830688,0.8360000252723694,0.8125,0.8245000243186951,490272000
2016-01-06,0.7690980434417725,0.7882500290870667,0.8125,0.7789999842643738,0.8087499737739563,449344000
2016-01-07,0.7386074662208557,0.7570000290870667,0.7737500071525574,0.746999979019165,0.7684999704360962,645304000
2016-01-08,0.7227520942687988,0.7407500147819519,0.7674999833106995,0.7392500042915344,0.7667499780654907,398472000
2016-01-11,0.7239717245101929,0.7419999837875366,0.7472500205039978,0.7287499904632568,0.7415000200271606,409372000
2016-01-12,0.736167848110199,0.7544999718666077,0.765500009059906,0.7492499947547913,0.7552499771118164,469356000
2016-01-13,0.7137269973754883,0.7315000295639038,0.765250027179718,0.7307500243186951,0.7602499723434448,481672000
2016-01-14,0.6993352174758911,0.7167500257492065,0.7250000238418579,0.6955000162124634,0.7164999842643738,600236000
2016-01-15,0.6612828373908997,0.6777499914169312,0.6962500214576721,0.6660000085830688,0.6880000233650208,841452000
2016-01-19,0.6666489839553833,0.6832500100135803,0.7112500071525574,0.6804999709129333,0.6917499899864197,457140000
2016-01-20,0.6703079342842102,0.6869999766349792,0.6957499980926514,0.6612499952316284,0.6702499985694885,481180000
2016-01-21,0.6781136989593506,0.6949999928474426,0.7057499885559082,0.6802499890327454,0.6945000290870667,481456000
2016-01-22,0.693968653678894,0.7112500071525574,0.7160000205039978,0.7067499756813049,0.7082499861717224,257996000
2016-01-25,0.6932370662689209,0.7105000019073486,0.7192500233650208,0.7089999914169312,0.7110000252723694,270728000
2016-01-26,0.7000669836997986,0.7174999713897705,0.7204999923706055,0.7047500014305115,0.7120000123977661,227944000
2016-01-27,0.691773533821106,0.7089999914169312,0.71875,0.6955000162124634,0.7164999842643738,231700000
2016-01-28,0.6842119693756104,0.7012500166893005,0.7172499895095825,0.6875,0.7147499918937683,276776000
2016-01-29,0.7144586443901062,0.7322499752044678,0.7337499856948853,0.7045000195503235,0.7072499990463257,310504000
2016-02-01,0.7147025465965271,0.7325000166893005,0.7362499833106995,0.7252500057220459,0.7315000295639038,289884000
2016-02-02,0.6844557523727417,0.7014999985694885,0.7287499904632568,0.6965000033378601,0.7250000238418579,341908000
2016-02-03,0.6878705620765686,0.7049999833106995,0.7112500071525574,0.6887500286102295,0.7070000171661377,326772000
2016-02-04,0.6881146430969238,0.7052500247955322,0.7212499976158142,0.6982499957084656,0.7059999704360962,348140000
2016-02-05,0.6446956396102905,0.6607499718666077,0.7082499861717224,0.6587499976158142,0.7005000114440918,600428000
2016-02-08,0.6151807904243469,0.6305000185966492,0.6539999842643738,0.6212499737739563,0.6507499814033508,608852000
2016-02-09,0.6217666268348694,0.6372500061988831,0.6637499928474426,0.6200000047683716,0.6230000257492065,425372000
2016-02-10,0.6203033328056335,0.6357499957084656,0.6597499847412109,0.6322500109672546,0.6412500143051147,335800000
2016-02-11,0.6171322464942932,0.6324999928474426,0.6389999985694885,0.6194999814033508,0.6194999814033508,340144000
2016-02-12,0.627621054649353,0.6432499885559082,0.6445000171661377,0.6187499761581421,0.6424999833106995,340816000
2016-02-16,0.6583555936813354,0.6747499704360962,0.6757500171661377,0.6504999995231628,0.6524999737739563,485352000
2016-02-17,0.6746986508369446,0.6915000081062317,0.6980000138282776,0.6804999709129333,0.6832500100135803,771468000
2016-02-18,0.7327529191970825,0.7509999871253967,0.7745000123977661,0.7475000023841858,0.7482500076293945,1068660000
2016-02-19,0.7425100803375244,0.7609999775886536,0.7677500247955322,0.7412499785423279,0.746999979019165,525628000
2016-02-22,0.7688539624214172,0.7879999876022339,0.796750009059906,0.7705000042915344,0.7720000147819519,449668000
2016-02-23,0.7708055377006531,0.7900000214576721,0.7975000143051147,0.777999997138977,0.7817500233650208,369380000
2016-02-24,0.7761720418930054,0.7954999804496765,0.796750009059906,0.7649999856948853,0.7867500185966492,336852000
2016-02-25,0.7778792977333069,0.797249972820282,0.8012499809265137,0.7829999923706055,0.7985000014305115,349616000
2016-02-26,0.7727569937705994,0.7919999957084656,0.8029999732971191,0.7839999794960022,0.8009999990463257,361964000
2016-02-29,0.7677380442619324,0.7839999794960022,0.8004999756813049,0.7835000157356262,0.7902500033378601,323344000
2016-03-01,0.8017675876617432,0.8187500238418579,0.8187500238418579,0.7847499847412109,0.7860000133514404,348700000
2016-03-02,0.8064189553260803,0.8234999775886536,0.8264999985694885,0.812749981880188,0.8142499923706055,233812000
2016-03-03,0.7993194460868835,0.8162500262260437,0.8259999752044678,0.8052499890327454,0.8224999904632568,302004000
2016-03-04,0.7968711256980896,0.8137500286102295,0.8232499957084656,0.8075000047683716,0.8224999904632568,175304000
2016-03-07,0.7917299866676331,0.8084999918937683,0.8147500157356262,0.7979999780654907,0.809249997138977,239968000
2016-03-08,0.7772859930992126,0.793749988079071,0.8050000071525574,0.7912499904632568,0.8002499938011169,274940000
2016-03-09,0.7767963409423828,0.7932500243186951,0.8019999861717224,0.7829999923706055,0.8007500171661377,222788000
2016-03-10,0.7755722403526306,0.7919999957084656,0.8025000095367432,0.7760000228881836,0.7979999780654907,286084000
2016-03-11,0.7887921333312988,0.8054999709129333,0.8057500123977661,0.7942500114440918,0.8037499785423279,277400000
2016-03-14,0.7907506823539734,0.8075000047683716,0.8107500076293945,0.7979999780654907,0.8017500042915344,190312000
2016-03-15,0.786833643913269,0.8034999966621399,0.8084999918937683,0.7892500162124634,0.8032500147819519,226216000
2016-03-16,0.8103356957435608,0.8274999856948853,0.8302500247955322,0.793749988079071,0.7975000143051147,363644000
2016-03-17,0.8034811019897461,0.8205000162124634,0.828499972820282,0.809249997138977,0.8245000243186951,353680000
2016-03-18,0.8277178406715393,0.8452500104904175,0.856249988079071,0.824999988079071,0.8302500247955322,545512000
2016-03-21,0.8301658630371094,0.8477500081062317,0.8479999899864197,0.8287500143051147,0.8377500176429749,337780000
2016-03-22,0.8286969661712646,0.8462499976158142,0.8522499799728394,0.8357499837875366,0.8450000286102295,242012000
2016-03-23,0.8428962230682373,0.8607500195503235,0.8669999837875366,0.8462499976158142,0.8500000238418579,429008000
2016-03-24,0.8441205024719238,0.8619999885559082,0.8634999990463257,0.8502500057220459,0.8529999852180481,244956000
2016-03-28,0.8526888489723206,0.8707500100135803,0.8744999766349792,0.859499990940094,0.8604999780654907,265388000
2016-03-29,0.8663985133171082,0.8847500085830688,0.8867499828338623,0.8650000095367432,0.8669999837875366,261812000
2016-03-30,0.8754565715789795,0.8939999938011169,0.90625,0.887499988079071,0.8880000114440918,376700000
2016-03-31,0.8722739219665527,0.890749990940094,0.8999999761581421,0.8837500214576721,0.8980000019073486,379884000
2016-04-01,0.8850043416023254,0.9037500023841858,0.9042500257492065,0.8784999847412109,0.8852499723434448,348292000
2016-04-04,0.8764358162879944,0.8949999809265137,0.9160000085830688,0.8914999961853027,0.9112499952316284,393940000
2016-04-05,0.8752118349075317,0.893750011920929,0.9020000100135803,0.8834999799728394,0.8870000243186951,339568000
2016-04-06,0.8764358162879944,0.8949999809265137,0.8955000042915344,0.8657500147819519,0.8824999928474426,453376000
2016-04-07,0.8673776984214783,0.8857499957084656,0.8972499966621399,0.8820000290870667,0.8892499804496765,378104000
2016-04-08,0.8730085492134094,0.8914999961853027,0.8987500071525574,0.8827499747276306,0.8930000066757202,255936000
2016-04-11,0.8783944249153137,0.8970000147819519,0.9117500185966492,0.8939999938011169,0.8967499732971191,387524000
2016-04-12,0.877415120601654,0.8960000276565552,0.9012500047683716,0.8784999847412109,0.8999999761581421,292764000
2016-04-13,0.8994482755661011,0.9185000061988831,0.918749988079071,0.8999999761581421,0.8999999761581421,350716000
2016-04-14,0.9018966555595398,0.9210000038146973,0.925000011920929,0.9122499823570251,0.9160000085830688,416564000
2016-04-15,0.9089961051940918,0.9282500147819519,0.9365000128746033,0.9177500009536743,0.9207500219345093,436972000
2016-04-18,0.9050790667533875,0.9242500066757202,0.9265000224113464,0.9152500033378601,0.9265000224113464,307320000
2016-04-19,0.8889214992523193,0.9077500104904175,0.9294999837875366,0.9020000100135803,0.9277499914169312,309152000
2016-04-20,0.8923487067222595,0.9112499952316284,0.9167500138282776,0.9052500128746033,0.90625,200172000
2016-04-21,0.891369640827179,0.9102500081062317,0.9157500267028809,0.90625,0.9114999771118164,178280000
2016-04-22,0.8879419565200806,0.9067500233650208,0.9194999933242798,0.9037500023841858,0.9132500290870667,223540000
2016-04-25,0.8923487067222595,0.9112499952316284,0.9162499904632568,0.9045000076293945,0.9070000052452087,191972000
2016-04-26,0.8930832147598267,0.9120000004768372,0.9272500276565552,0.9079999923706055,0.9167500138282776,214536000
2016-04-27,0.9134028553962708,0.9327499866485596,0.9332500100135803,0.9079999923706055,0.9097499847412109,352396000
2016-04-28,0.8862283825874329,0.9049999713897705,0.9325000047683716,0.9027500152587891,0.9269999861717224,381224000
2016-04-29,0.8698258399963379,0.8882499933242798,0.903249979019165,0.8784999847412109,0.9012500047683716,321904000
2016-05-02,0.8813319802284241,0.8999999761581421,0.9054999947547913,0.8924999833106995,0.8967499732971191,256076000
2016-05-03,0.8708050847053528,0.8892499804496765,0.8934999704360962,0.8815000057220459,0.8897500038146973,224024000
2016-05-04,0.8509751558303833,0.8690000176429749,0.8792499899864197,0.8600000143051147,0.8784999847412109,525764000
2016-05-05,0.8561162352561951,0.8742499947547913,0.8845000267028809,0.8677499890327454,0.8762500286102295,246884000
2016-05-06,0.8649296164512634,0.8832499980926514,0.8855000138282776,0.8709999918937683,0.8727499842643738,183240000
2016-05-09,0.8637053966522217,0.8820000290870667,0.8892499804496765,0.874750018119812,0.8855000138282776,333336000
2016-05-10,0.8803529143333435,0.8989999890327454,0.9004999995231628,0.8790000081062317,0.887499988079071,269676000
2016-05-11,0.8828011751174927,0.9014999866485596,0.9114999771118164,0.8967499732971191,0.9017500281333923,328176000
2016-05-12,0.8708050847053528,0.8892499804496765,0.9120000004768372,0.8732500076293945,0.9079999923706055,670540000
2016-05-13,1.003250002861023,1.0245000123977661,1.024999976158142,0.9750000238418579,0.9797499775886536,2110256000
2016-05-16,1.032872200012207,1.0547499656677246,1.0700000524520874,1.0134999752044678,1.0167499780654907,973032000
2016-05-17,1.0350757837295532,1.0570000410079956,1.0644999742507935,1.0364999771118164,1.0499999523162842,628392000
2016-05-18,1.0615153312683105,1.0839999914169312,1.096250057220459,1.0499999523162842,1.0499999523162842,541072000
2016-05-19,1.066166877746582,1.0887500047683716,1.096500039100647,1.0782500505447388,1.0797499418258667,398880000
2016-05-20,1.0852630138397217,1.1082500219345093,1.1127500534057617,1.09375,1.0954999923706055,391084000
2016-05-23,1.086976408958435,1.1100000143051147,1.1172499656677246,1.1032500267028809,1.1130000352859497,413636000
2016-05-24,1.113362193107605,1.1339999437332153,1.1375000476837158,1.1074999570846558,1.1104999780654907,415788000
2016-05-25,1.1086982488632202,1.1292500495910645,1.1422499418258667,1.1202499866485596,1.1375000476837158,458076000
2016-05-26,1.1204802989959717,1.1412500143051147,1.1495000123977661,1.128000020980835,1.131250023841858,309964000
2016-05-27,1.1266165971755981,1.1475000381469727,1.1492500305175781,1.1387499570846558,1.1425000429153442,277416000
2016-05-31,1.1467431783676147,1.1679999828338623,1.1705000400543213,1.1517499685287476,1.152500033378601,412524000
2016-06-01,1.1489524841308594,1.1702500581741333,1.18149995803833,1.159000039100647,1.162500023841858,387132000
2016-06-02,1.1570526361465454,1.1785000562667847,1.1885000467300415,1.1649999618530273,1.1764999628067017,329208000
2016-06-03,1.1408522129058838,1.1619999408721924,1.1684999465942383,1.1414999961853027,1.1670000553131104,461076000
2016-06-06,1.134961485862732,1.156000018119812,1.1740000247955322,1.149999976158142,1.1649999618530273,322512000
2016-06-07,1.1371705532073975,1.1582499742507935,1.1694999933242798,1.1577500104904175,1.1629999876022339,193400000
2016-06-08,1.1334893703460693,1.1545000076293945,1.162750005722046,1.1449999809265137,1.1584999561309814,234616000
2016-06-09,1.1629431247711182,1.184499979019165,1.1862499713897705,1.1480000019073486,1.1505000591278076,472168000
2016-06-10,1.13398015499115,1.1549999713897705,1.180999994277954,1.153499960899353,1.1705000400543213,400024000
2016-06-13,1.1484614610671997,1.1697499752044678,1.1924999952316284,1.15625,1.15625,475588000
2016-06-14,1.1506710052490234,1.1720000505447388,1.1775000095367432,1.1540000438690186,1.1670000553131104,298344000
2016-06-15,1.1624521017074585,1.184000015258789,1.1942499876022339,1.1687500476837158,1.1817500591278076,301036000
2016-06-16,1.1671160459518433,1.1887500286102295,1.190750002861023,1.1637500524520874,1.1752500534057617,246456000
2016-06-17,1.1467431783676147,1.1679999828338623,1.190500020980835,1.1632499694824219,1.190250039100647,471000000
2016-06-20,1.1673610210418701,1.1890000104904175,1.2042499780654907,1.1859999895095825,1.186750054359436,293768000
2016-06-21,1.1602435111999512,1.1817500591278076,1.1972500085830688,1.1799999475479126,1.194000005722046,212508000
2016-06-22,1.1592615842819214,1.1807500123977661,1.1920000314712524,1.1787500381469727,1.184249997138977,202620000
2016-06-23,1.1901881694793701,1.212249994277954,1.2135000228881836,1.191249966621399,1.1920000314712524,297880000
2016-06-24,1.122443675994873,1.1432499885559082,1.184000015258789,1.1325000524520874,1.162500023841858,1017684000
2016-06-27,1.110417127609253,1.13100004196167,1.1425000429153442,1.1142499446868896,1.1337499618530273,449088000
2016-06-28,1.1266165971755981,1.1475000381469727,1.153749942779541,1.1317499876022339,1.152500033378601,381920000
2016-06-29,1.1450250148773193,1.1662499904632568,1.1752500534057617,1.1545000076293945,1.1575000286102295,318932000
2016-06-30,1.1538610458374023,1.1752500534057617,1.1825000047683716,1.158750057220459,1.1682499647140503,430940000
2016-07-01,1.145270824432373,1.1664999723434448,1.184000015258789,1.162500023841858,1.1687500476837158,218488000
2016-07-05,1.1622064113616943,1.183750033378601,1.1857500076293945,1.1507500410079956,1.159999966621399,371084000
2016-07-06,1.1695705652236938,1.191249966621399,1.1982500553131104,1.1694999933242798,1.1755000352859497,273104000
2016-07-07,1.2000057697296143,1.222249984741211,1.2265000343322754,1.193750023841858,1.1992499828338623,395400000
2016-07-08,1.2481143474578857,1.2712500095367432,1.277250051498413,1.2304999828338623,1.2352499961853027,481932000
2016-07-11,1.2768315076828003,1.3005000352859497,1.309999942779541,1.2879999876022339,1.2894999980926514,448776000
2016-07-12,1.2959773540496826,1.3200000524520874,1.3320000171661377,1.2984999418258667,1.315000057220459,436760000
2016-07-13,1.295486330986023,1.3194999694824219,1.3300000429153442,1.3174999952316284,1.3224999904632568,324604000
2016-07-14,1.3087406158447266,1.3329999446868896,1.3450000286102295,1.315500020980835,1.3265000581741333,316892000
2016-07-15,1.2935227155685425,1.3174999952316284,1.3235000371932983,1.2960000038146973,1.315999984741211,428616000
2016-07-18,1.3001497983932495,1.3242499828338623,1.3357499837875366,1.3192499876022339,1.3337500095367432,252992000
2016-07-19,1.3136494159698486,1.3380000591278076,1.343250036239624,1.3209999799728394,1.3235000371932983,382652000
2016-07-20,1.3308311700820923,1.3554999828338623,1.3627500534057617,1.3370000123977661,1.3424999713897705,296460000
2016-07-21,1.3062858581542969,1.3305000066757202,1.3567500114440918,1.3259999752044678,1.3524999618530273,361308000
2016-07-22,1.3418762683868408,1.3667500019073486,1.3667500019073486,1.3255000114440918,1.3352500200271606,315768000
2016-07-25,1.3666667938232422,1.3919999599456787,1.3952499628067017,1.36899995803833,1.375,312528000
2016-07-26,1.3899842500686646,1.4157500267028809,1.4229999780654907,1.402250051498413,1.4042500257492065,514508000
2016-07-27,1.375994086265564,1.4014999866485596,1.4305000305175781,1.3930000066757202,1.4279999732971191,446676000
2016-07-28,1.3789392709732056,1.4045000076293945,1.4149999618530273,1.40024995803833,1.4047499895095825,221916000
2016-07-29,1.4015206098556519,1.4275000095367432,1.431249976158142,1.3845000267028809,1.409749984741211,409588000
2016-08-01,1.3924392461776733,1.4182499647140503,1.4387500286102295,1.409000039100647,1.433500051498413,301120000
2016-08-02,1.3755030632019043,1.4010000228881836,1.4257500171661377,1.3875000476837158,1.4249999523162842,282748000
2016-08-03,1.379184603691101,1.4047499895095825,1.4075000286102295,1.3914999961853027,1.3992500305175781,299828000
2016-08-04,1.404711365699768,1.4307500123977661,1.437250018119812,1.408750057220459,1.4114999771118164,272712000
2016-08-05,1.4285199642181396,1.4550000429153442,1.4557499885559082,1.440250039100647,1.4472500085830688,371588000
2016-08-08,1.4417747259140015,1.468500018119812,1.4785000085830688,1.4529999494552612,1.475000023841858,305064000
2016-08-09,1.4454562664031982,1.472249984741211,1.4865000247955322,1.468500018119812,1.4757499694824219,372344000
2016-08-10,1.4361292123794556,1.46274995803833,1.4874999523162842,1.4579999446868896,1.4852499961853027,375740000
2016-08-11,1.4653379917144775,1.4924999475479126,1.4987499713897705,1.4674999713897705,1.4704999923706055,681064000
2016-08-12,1.5473175048828125,1.5759999752044678,1.5844999551773071,1.5157500505447388,1.5475000143051147,1425744000
2016-08-15,1.5458452701568604,1.5744999647140503,1.587499976158142,1.5532499551773071,1.5777499675750732,573304000
2016-08-16,1.5365183353424072,1.565000057220459,1.5747499465942383,1.5602500438690186,1.5722500085830688,287652000
2016-08-17,1.5009278059005737,1.528749942779541,1.56850004196167,1.5164999961853027,1.565000057220459,595212000
2016-08-18,1.5242457389831543,1.5525000095367432,1.5549999475479126,1.5204999446868896,1.5264999866485596,331684000
2016-08-19,1.5281730890274048,1.55649995803833,1.5682499408721924,1.5449999570846558,1.5517499446868896,291560000
2016-08-22,1.5345548391342163,1.562999963760376,1.565250039100647,1.5427500009536743,1.5612499713897705,244748000
2016-08-23,1.546972632408142,1.5727499723434448,1.5829999446868896,1.5682499408721924,1.5759999752044678,339764000
2016-08-24,1.5231202840805054,1.5484999418258667,1.5789999961853027,1.5412499904632568,1.5782500505447388,298448000
2016-08-25,1.5130380392074585,1.5382499694824219,1.5497499704360962,1.5190000534057617,1.5490000247955322,406032000
2016-08-26,1.525333285331726,1.5507500171661377,1.559499979019165,1.5299999713897705,1.5422500371932983,300024000
2016-08-29,1.5243494510650635,1.5497499704360962,1.563249945640564,1.5472500324249268,1.5570000410079956,274652000
2016-08-30,1.5154972076416016,1.5407500267028809,1.555999994277954,1.5364999771118164,1.5477499961853027,285544000
2016-08-31,1.5083662271499634,1.5334999561309814,1.5479999780654907,1.5290000438690186,1.5437500476837158,388544000
2016-09-01,1.5528743267059326,1.5787500143051147,1.5844999551773071,1.5334999561309814,1.534749984741211,428492000
2016-09-02,1.537628173828125,1.563249945640564,1.5837500095367432,1.5455000400543213,1.5820000171661377,323148000
2016-09-06,1.552135944366455,1.5779999494552612,1.5779999494552612,1.5607500076293945,1.568750023841858,306812000
2016-09-07,1.52926766872406,1.5547499656677246,1.5807499885559082,1.5457500219345093,1.5729999542236328,397988000
2016-09-08,1.5403335094451904,1.565999984741211,1.56850004196167,1.5355000495910645,1.5532499551773071,315808000
2016-09-09,1.4636118412017822,1.4880000352859497,1.5575000047683716,1.475000023841858,1.5487500429153442,697760000
2016-09-12,1.493857741355896,1.5187499523162842,1.5217499732971191,1.4329999685287476,1.468250036239624,598260000
2016-09-13,1.4722185134887695,1.496749997138977,1.5325000286102295,1.4882500171661377,1.5149999856948853,471768000
2016-09-14,1.4852511882781982,1.5099999904632568,1.5149999856948853,1.4877500534057617,1.500249981880188,319048000
2016-09-15,1.5415626764297485,1.5672500133514404,1.569000005722046,1.5089999437332153,1.5125000476837158,515212000
2016-09-16,1.5452513694763184,1.5709999799728394,1.5812499523162842,1.5529999732971191,1.5727499723434448,902444000
2016-09-19,1.5656616687774658,1.5917500257492065,1.631500005722046,1.5802500247955322,1.587499976158142,417128000
2016-09-20,1.5513989925384521,1.5772500038146973,1.6100000143051147,1.56850004196167,1.6100000143051147,331112000
2016-09-21,1.5949238538742065,1.621500015258789,1.624500036239624,1.5817500352859497,1.5820000171661377,336212000
2016-09-22,1.598858118057251,1.625499963760376,1.6360000371932983,1.6162500381469727,1.63100004196167,308732000
2016-09-23,1.5971369743347168,1.6237499713897705,1.6322499513626099,1.6165000200271606,1.627500057220459,276132000
2016-09-26,1.582136869430542,1.6085000038146973,1.6150000095367432,1.5882500410079956,1.6052500009536743,230040000
2016-09-27,1.6362353563308716,1.6634999513626099,1.6660000085830688,1.6015000343322754,1.6022499799728394,402752000
2016-09-28,1.642137050628662,1.6694999933242798,1.6707500219345093,1.6482499837875366,1.6660000085830688,319788000
2016-09-29,1.657382845878601,1.684999942779541,1.690250039100647,1.6512500047683716,1.6667499542236328,336684000
2016-09-30,1.6849244832992554,1.7130000591278076,1.7297500371932983,1.684249997138977,1.6942499876022339,429932000
2016-10-03,1.6832029819488525,1.7112499475479126,1.7377500534057617,1.7082500457763672,1.7130000591278076,242596000
2016-10-04,1.679513931274414,1.7074999809265137,1.7424999475479126,1.6947499513626099,1.7137500047683716,281624000
2016-10-05,1.6777929067611694,1.7057499885559082,1.7395000457763672,1.7005000114440918,1.722000002861023,305440000
2016-10-06,1.6559077501296997,1.683500051498413,1.6957499980926514,1.656499981880188,1.6852500438690186,360212000
2016-10-07,1.643858551979065,1.6712499856948853,1.6992499828338623,1.6664999723434448,1.6947499513626099,286260000
2016-10-10,1.65000581741333,1.6775000095367432,1.6890000104904175,1.6617499589920044,1.6799999475479126,287876000
2016-10-11,1.6261534690856934,1.653249979019165,1.6744999885559082,1.6404999494552612,1.6720000505447388,388540000
2016-10-12,1.6335307359695435,1.6607500314712524,1.6694999933242798,1.6327500343322754,1.6464999914169312,419920000
2016-10-13,1.6069726943969727,1.6337499618530273,1.6449999809265137,1.5924999713897705,1.6412500143051147,390116000
2016-10-14,1.6227105855941772,1.649749994277954,1.6649999618530273,1.6399999856948853,1.653749942779541,330636000
2016-10-17,1.6133662462234497,1.6402499675750732,1.6649999618530273,1.6380000114440918,1.6495000123977661,195328000
2016-10-18,1.6379563808441162,1.6652499437332153,1.6747499704360962,1.65625,1.6629999876022339,269372000
2016-10-19,1.6345140933990479,1.6617499589920044,1.6694999933242798,1.6454999446868896,1.6540000438690186,199060000
2016-10-20,1.6654977798461914,1.6932499408721924,1.6987500190734863,1.6575000286102295,1.681249976158142,312084000
2016-10-21,1.660825490951538,1.6885000467300415,1.691499948501587,1.6725000143051147,1.687250018119812,279508000
2016-10-24,1.738776683807373,1.7677500247955322,1.7697499990463257,1.6997499465942383,1.7000000476837158,339836000
2016-10-25,1.767301321029663,1.7967499494552612,1.8075000047683716,1.756250023841858,1.7647500038146973,397460000
2016-10-26,1.7744325399398804,1.8040000200271606,1.8237500190734863,1.7799999713897705,1.781749963760376,333792000
2016-10-27,1.7380388975143433,1.7669999599456787,1.8212499618530273,1.7597500085830688,1.8177499771118164,388664000
2016-10-28,1.7350881099700928,1.7640000581741333,1.8025000095367432,1.7607500553131104,1.7755000591278076,290856000
2016-10-31,1.749842643737793,1.7790000438690186,1.7907500267028809,1.7687499523162842,1.7697499990463257,252388000
2016-11-01,1.6979566812515259,1.7262500524520874,1.7952500581741333,1.7072499990463257,1.7855000495910645,473224000
2016-11-02,1.6908255815505981,1.718999981880188,1.7630000114440918,1.715999960899353,1.7395000457763672,295848000
2016-11-03,1.6711535453796387,1.6990000009536743,1.7285000085830688,1.6660000085830688,1.7269999980926514,309664000
2016-11-04,1.6615630388259888,1.6892499923706055,1.718250036239624,1.6644999980926514,1.687749981880188,328780000
2016-11-07,1.7525473833084106,1.781749963760376,1.7929999828338623,1.7374999523162842,1.7387499809265137,487580000
2016-11-08,1.749842643737793,1.7790000438690186,1.7942500114440918,1.7625000476837158,1.7884999513626099,429884000
2016-11-09,1.7203339338302612,1.7489999532699585,1.7725000381469727,1.718000054359436,1.7307499647140503,456532000
2016-11-10,1.6664812564849854,1.6942499876022339,1.787500023841858,1.6690000295639038,1.78725004196167,869280000
2016-11-11,2.1632039546966553,2.1992499828338623,2.219249963760376,1.962499976158142,1.9877500534057617,2175344000
2016-11-14,2.0567290782928467,2.0910000801086426,2.2047500610351562,2.0905001163482666,2.2022500038146973,1348796000
2016-11-15,2.119433879852295,2.154750108718872,2.1862499713897705,2.098249912261963,2.1072499752044678,626092000
2016-11-16,2.253204822540283,2.290750026702881,2.313999891281128,2.158750057220459,2.183500051498413,987984000
2016-11-17,2.271893262863159,2.3097500801086426,2.3697500228881836,2.266249895095825,2.3077499866485596,832988000
2016-11-18,2.295746088027954,2.3340001106262207,2.3582499027252197,2.2950000762939453,2.3097500801086426,576060000
2016-11-21,2.2864015102386475,2.32450008392334,2.358750104904175,2.309999942779541,2.352250099182129,436436000
2016-11-22,2.3028767108917236,2.341249942779541,2.3434998989105225,2.309499979019165,2.3324999809265137,330368000
2016-11-23,2.3142058849334717,2.349250078201294,2.3812499046325684,2.3192501068115234,2.3429999351501465,443236000
2016-11-25,2.318885326385498,2.3540000915527344,2.377500057220459,2.335249900817871,2.3605000972747803,195564000
2016-11-28,2.317653179168701,2.352750062942505,2.368499994277954,2.3399999141693115,2.346750020980835,278736000
2016-11-29,2.296473741531372,2.331249952316284,2.3610000610351562,2.3132500648498535,2.3499999046325684,444568000
2016-11-30,2.270616054534912,2.305000066757202,2.3540000915527344,2.302500009536743,2.3399999141693115,440500000
2016-12-01,2.158316135406494,2.190999984741211,2.3042500019073486,2.1192500591278076,2.302500009536743,1035524000
2016-12-02,2.178264617919922,2.211250066757202,2.2200000286102295,2.128000020980835,2.15625,478292000
2016-12-05,2.262734889984131,2.296999931335449,2.3152499198913574,2.2249999046325684,2.2497498989105225,602284000
2016-12-06,2.2999215126037598,2.334749937057495,2.343250036239624,2.289249897003174,2.3052499294281006,498796000
2016-12-07,2.341294765472412,2.3767499923706055,2.382499933242798,2.302500009536743,2.321000099182129,480804000
2016-12-08,2.3021373748779297,2.3369998931884766,2.4154999256134033,2.3262500762939453,2.3797500133514404,381544000
2016-12-09,2.2612578868865967,2.2955000400543213,2.356750011444092,2.2677500247955322,2.3550000190734863,382312000
2016-12-12,2.20633864402771,2.2397499084472656,2.2487499713897705,2.188499927520752,2.2462499141693115,601332000
2016-12-13,2.2452495098114014,2.279249906539917,2.3072500228881836,2.2512500286102295,2.2522499561309814,387796000
2016-12-14,2.375281572341919,2.411250114440918,2.4277501106262207,2.289249897003174,2.313499927520752,983980000
2016-12-15,2.4309377670288086,2.467750072479248,2.498500108718872,2.4149999618530273,2.422499895095825,746548000
2016-12-16,2.4728035926818848,2.5102500915527344,2.5174999237060547,2.4432499408721924,2.4957499504089355,1089528000
2016-12-19,2.5028488636016846,2.540750026702881,2.5612499713897705,2.4749999046325684,2.492500066757202,744656000
2016-12-20,2.59002947807312,2.6292500495910645,2.653249979019165,2.6029999256134033,2.614500045776367,848056000
2016-12-21,2.606282949447632,2.645750045776367,2.648750066757202,2.592750072479248,2.6410000324249268,576136000
2016-12-22,2.637805223464966,2.6777501106262207,2.721750020980835,2.663249969482422,2.6705000400543213,718612000
2016-12-23,2.7035598754882812,2.744499921798706,2.746000051498413,2.656749963760376,2.6594998836517334,647692000
2016-12-27,2.889247179031372,2.933000087738037,2.934000015258789,2.7804999351501465,2.801500082015991,1194272000
2016-12-28,2.690507650375366,2.731250047683716,2.9982500076293945,2.717250108718872,2.990000009536743,2295764000
2016-12-29,2.744194507598877,2.785749912261963,2.78725004196167,2.569999933242798,2.622499942779541,2175368000
2016-12-30,2.6286933422088623,2.6684999465942383,2.7980000972747803,2.6575000286102295,2.783750057220459,1212932000
2017-01-03,2.51220703125,2.5502500534057617,2.659250020980835,2.484499931335449,2.609999895095825,1501996000
2017-01-04,2.570819616317749,2.6097500324249268,2.637500047683716,2.538249969482422,2.5850000381469727,1199220000
2017-01-05,2.5055582523345947,2.5434999465942383,2.6454999446868896,2.526249885559082,2.6132500171661377,984296000
2017-01-06,2.539050340652466,2.577500104904175,2.606250047683716,2.5299999713897705,2.5712499618530273,822856000
2017-01-09,2.6419920921325684,2.681999921798706,2.700000047683716,2.5875000953674316,2.5875000953674316,916248000
2017-01-10,2.6220431327819824,2.661750078201294,2.729749917984009,2.640749931335449,2.6952500343322754,880920000
2017-01-11,2.5897819995880127,2.628999948501587,2.6549999713897705,2.603749990463257,2.6500000953674316,525664000
2017-01-12,2.5474228858947754,2.5859999656677246,2.617500066757202,2.5404999256134033,2.60575008392334,625616000
2017-01-13,2.5471770763397217,2.585750102996826,2.625,2.5764999389648438,2.5899999141693115,457820000
2017-01-17,2.4900424480438232,2.527750015258789,2.5799999237060547,2.5142500400543213,2.575000047683716,580612000
2017-01-18,2.5353565216064453,2.5737500190734863,2.580749988555908,2.477750062942505,2.50600004196167,654424000
2017-01-19,2.5897819995880127,2.628999948501587,2.6614999771118164,2.57450008392334,2.5767500400543213,644872000
2017-01-20,2.561461925506592,2.600250005722046,2.6700000762939453,2.578000068664551,2.6519999504089355,492024000
2017-01-23,2.5880584716796875,2.6272499561309814,2.6475000381469727,2.5924999713897705,2.5950000286102295,369904000
2017-01-24,2.6432228088378906,2.6832499504089355,2.689500093460083,2.622499942779541,2.637500047683716,428052000
2017-01-25,2.6545510292053223,2.6947500705718994,2.7325000762939453,2.658250093460083,2.726249933242798,522760000
2017-01-26,2.700357675552368,2.7412500381469727,2.7487499713897705,2.6675000190734863,2.697499990463257,458800000
2017-01-27,2.7525675296783447,2.794250011444092,2.7972500324249268,2.721250057220459,2.7482500076293945,471996000
2017-01-30,2.7094695568084717,2.750499963760376,2.77524995803833,2.6977500915527344,2.7730000019073486,496004000
2017-01-31,2.688783645629883,2.7295000553131104,2.7512500286102295,2.7049999237060547,2.723750114440918,362756000
2017-02-01,2.8062543869018555,2.848750114440918,2.8529999256134033,2.746500015258789,2.7644999027252197,590004000
2017-02-02,2.841717481613159,2.8847498893737793,2.8935000896453857,2.801500082015991,2.8324999809265137,483240000
2017-02-03,2.8168439865112305,2.859499931335449,2.8975000381469727,2.8475000858306885,2.8862500190734863,372744000
2017-02-06,2.8890013694763184,2.9327499866485596,2.9332499504089355,2.8499999046325684,2.8499999046325684,506768000
2017-02-07,2.9338226318359375,2.978250026702881,3.0230000019073486,2.947499990463257,2.9674999713897705,746224000
2017-02-08,2.9210166931152344,2.965250015258789,2.9827499389648438,2.9094998836517334,2.9600000381469727,449580000
2017-02-09,2.866097927093506,2.9094998836517334,2.9765000343322754,2.890000104904175,2.9714999198913574,842568000
2017-02-10,2.798126697540283,2.8405001163482666,3.0174999237060547,2.815000057220459,2.9982500076293945,1651092000
2017-02-13,2.669081926345825,2.7095000743865967,2.8494999408721924,2.7049999237060547,2.834749937057495,1180724000
2017-02-14,2.6789324283599854,2.7195000648498535,2.7537500858306885,2.657249927520752,2.6997499465942383,850632000
2017-02-15,2.6843502521514893,2.7249999046325684,2.744999885559082,2.694000005722046,2.7225000858306885,373020000
2017-02-16,2.64125394821167,2.6812500953674316,2.7360000610351562,2.6414999961853027,2.7347500324249268,647176000
2017-02-17,2.6407601833343506,2.6807498931884766,2.6852500438690186,2.6197500228881836,2.6675000190734863,563740000
2017-02-21,2.735328197479248,2.776750087738037,2.780750036239624,2.7054998874664307,2.705749988555908,551952000
2017-02-22,2.7311365604400635,2.7690000534057617,2.7950000762939453,2.7497498989105225,2.7855000495910645,433772000
2017-02-23,2.4778974056243896,2.5122499465942383,2.659749984741211,2.492000102996826,2.637500047683716,1592888000
2017-02-24,2.5018157958984375,2.5364999771118164,2.549999952316284,2.3924999237060547,2.4267499446868896,1029904000
2017-02-27,2.574557065963745,2.6102499961853027,2.625499963760376,2.5390000343322754,2.555000066757202,715400000
2017-02-28,2.5023083686828613,2.5369999408721924,2.630000114440918,2.5195000171661377,2.619999885559082,625360000
2017-03-01,2.5346109867095947,2.5697500705718994,2.609250068664551,2.527750015258789,2.594749927520752,504804000
2017-03-02,2.441157102584839,2.4749999046325684,2.571000099182129,2.472249984741211,2.5567500591278076,754332000
2017-03-03,2.4271016120910645,2.460750102996826,2.469249963760376,2.4054999351501465,2.464250087738037,864692000
2017-03-06,2.4083614349365234,2.4417500495910645,2.452500104904175,2.3792500495910645,2.4240000247955322,883568000
2017-03-07,2.4347450733184814,2.4684998989105225,2.4882500171661377,2.4287500381469727,2.4417500495910645,603400000
2017-03-08,2.430306911468506,2.4639999866485596,2.5325000286102295,2.461750030517578,2.5174999237060547,638712000
2017-03-09,2.429813861846924,2.4635000228881836,2.4862499237060547,2.434999942779541,2.4477500915527344,478060000
2017-03-10,2.4441165924072266,2.4779999256134033,2.5022499561309814,2.4595000743865967,2.4902501106262207,499740000
2017-03-13,2.5114328861236572,2.546250104904175,2.5562500953674316,2.4877500534057617,2.4885001182556152,774136000
2017-03-14,2.5097057819366455,2.5445001125335693,2.5687499046325684,2.5117499828338623,2.5592501163482666,522016000
2017-03-15,2.528693675994873,2.5637500286102295,2.5747499465942383,2.507999897003174,2.5562500953674316,615036000
2017-03-16,2.559762954711914,2.595249891281128,2.595750093460083,2.5602500438690186,2.57450008392334,523100000
2017-03-17,2.615489959716797,2.651750087738037,2.6530001163482666,2.595249891281128,2.61299991607666,1119688000
2017-03-20,2.69883394241333,2.7362499237060547,2.7402501106262207,2.653249979019165,2.6695001125335693,748568000
2017-03-21,2.611543893814087,2.647749900817871,2.749000072479248,2.6397500038146973,2.71875,913484000
2017-03-22,2.6648058891296387,2.7017500400543213,2.7065000534057617,2.632499933242798,2.6364998817443848,616764000
2017-03-23,2.6406407356262207,2.6772499084472656,2.7139999866485596,2.6675000190734863,2.6937499046325684,533940000
2017-03-24,2.650010824203491,2.6867499351501465,2.7322499752044678,2.6605000495910645,2.724250078201294,439500000
2017-03-27,2.6692447662353516,2.706249952316284,2.710249900817871,2.5894999504089355,2.6394999027252197,506644000
2017-03-28,2.6554365158081055,2.6922500133514404,2.722249984741211,2.6817500591278076,2.7074999809265137,432444000
2017-03-29,2.6468050479888916,2.683500051498413,2.712249994277954,2.6812500953674316,2.6997499465942383,349992000
2017-03-30,2.6976020336151123,2.734999895095825,2.75,2.684999942779541,2.6907498836517334,525532000
2017-03-31,2.6860122680664062,2.723249912261963,2.7472500801086426,2.7100000381469727,2.725250005722046,440808000
2017-04-03,2.672450542449951,2.7095000743865967,2.7412500381469727,2.685499906539917,2.723750114440918,445232000
2017-04-04,2.485048770904541,2.5195000171661377,2.6105000972747803,2.508500099182129,2.5850000381469727,1271280000
2017-04-05,2.466554641723633,2.5007500648498535,2.5592501163482666,2.487499952316284,2.500499963760376,747048000
2017-04-06,2.4845547676086426,2.5190000534057617,2.53125,2.460249900817871,2.50600004196167,635120000
2017-04-07,2.473951578140259,2.5082499980926514,2.54325008392334,2.493000030517578,2.5255000591278076,429068000
2017-04-10,2.410827159881592,2.4442501068115234,2.515749931335449,2.440000057220459,2.509000062942505,756332000
2017-04-11,2.419456958770752,2.453000068664551,2.4725000858306885,2.408750057220459,2.413749933242798,618148000
2017-04-12,2.399484395980835,2.4327499866485596,2.4674999713897705,2.427500009536743,2.453000068664551,414092000
2017-04-13,2.3546061515808105,2.3872499465942383,2.4302499294281006,2.3872499465942383,2.408250093460083,506892000
2017-04-17,2.4468278884887695,2.48075008392334,2.4809999465942383,2.3949999809265137,2.40024995803833,497292000
2017-04-18,2.448307514190674,2.4822499752044678,2.4885001182556152,2.440000057220459,2.466249942779541,370116000
2017-04-19,2.4579243659973145,2.492000102996826,2.5244998931884766,2.4852499961853027,2.5,380828000
2017-04-20,2.49688458442688,2.5315001010894775,2.536250114440918,2.4852499961853027,2.5067501068115234,404016000
2017-04-21,2.5072407722473145,2.5420000553131104,2.5447499752044678,2.509000062942505,2.5209999084472656,341896000
2017-04-24,2.5385563373565674,2.5737500190734863,2.5869998931884766,2.5527501106262207,2.5739998817443848,371820000
2017-04-25,2.5826942920684814,2.618499994277954,2.6332499980926514,2.5667500495910645,2.5885000228881836,388440000
2017-04-26,2.5649406909942627,2.6005001068115234,2.6347498893737793,2.5985000133514404,2.6322500705718994,327004000
2017-04-27,2.604886054992676,2.6410000324249268,2.6494998931884766,2.589750051498413,2.6080000400543213,319700000
2017-04-28,2.571845769882202,2.6075000762939453,2.6410000324249268,2.601749897003174,2.634000062942505,348248000
2017-05-01,2.6295454502105713,2.6659998893737793,2.671250104904175,2.6112499237060547,2.618499994277954,307732000
2017-05-02,2.5516254901885986,2.5869998931884766,2.640000104904175,2.563999891281128,2.6387500762939453,629972000
2017-05-03,2.5706119537353516,2.606250047683716,2.615999937057495,2.565000057220459,2.5799999237060547,336904000
2017-05-04,2.560749053955078,2.596250057220459,2.6237499713897705,2.588249921798706,2.612499952316284,209788000
2017-05-05,2.5609946250915527,2.5964999198913574,2.603749990463257,2.5687499046325684,2.5845000743865967,228428000
2017-05-08,2.534118175506592,2.5692501068115234,2.609999895095825,2.5577499866485596,2.6085000038146973,365240000
2017-05-09,2.5383107662200928,2.573499917984009,2.6232500076293945,2.566499948501587,2.575000047683716,847672000
2017-05-10,2.99078631401062,3.032249927520752,3.0455000400543213,2.8505001068115234,2.8572499752044678,2129096000
2017-05-11,3.119256019592285,3.1624999046325684,3.2607500553131104,2.9977500438690186,3.0012500286102295,1939792000
2017-05-12,3.1535303592681885,3.1972498893737793,3.240000009536743,3.1445000171661377,3.165750026702881,962620000
2017-05-15,3.3118362426757812,3.3577499389648438,3.3602499961853027,3.234499931335449,3.239000082015991,1087540000
2017-05-16,3.373481273651123,3.4202499389648438,3.436000108718872,3.3340001106262207,3.4094998836517334,1120700000
2017-05-17,3.149339437484741,3.193000078201294,3.371500015258789,3.1887500286102295,3.3524999618530273,1271368000
2017-05-18,3.281259536743164,3.3267500400543213,3.335750102996826,3.1762499809265137,3.237499952316284,1156032000
2017-05-19,3.3570406436920166,3.4000000953674316,3.4554998874664307,3.380500078201294,3.4257500171661377,1018372000
2017-05-22,3.428623914718628,3.4725000858306885,3.486999988555908,3.4332499504089355,3.4442501068115234,836608000
2017-05-23,3.382464647293091,3.4257500171661377,3.4947500228881836,3.3927500247955322,3.492500066757202,681248000
2017-05-24,3.420478105545044,3.464250087738037,3.526750087738037,3.4519999027252197,3.5239999294281006,815996000
2017-05-25,3.4128258228302,3.4565000534057617,3.5007500648498535,3.4110000133514404,3.5,608228000
2017-05-26,3.501195192337036,3.5460000038146973,3.631999969482422,3.4277501106262207,3.4482500553131104,779140000
2017-05-30,3.575988292694092,3.6217501163482666,3.657249927520752,3.5762500762939453,3.5924999713897705,989652000
2017-05-31,3.563152551651001,3.608750104904175,3.674999952316284,3.5512499809265137,3.667249917984009,887316000
2017-06-01,3.5633997917175293,3.6089999675750732,3.6257500648498535,3.562999963760376,3.6247498989105225,503340000
2017-06-02,3.545626401901245,3.5910000801086426,3.632499933242798,3.5850000381469727,3.6059999465942383,487456000
2017-06-05,3.6534957885742188,3.7002499103546143,3.713249921798706,3.5627501010894775,3.57450008392334,817376000
2017-06-06,3.636958360671997,3.683500051498413,3.7422499656677246,3.6700000762939453,3.695499897003174,758728000
2017-06-07,3.6808958053588867,3.7279999256134033,3.746999979019165,3.692500114440918,3.708250045776367,612612000
2017-06-08,3.9479782581329346,3.998500108718872,4.0,3.7947499752044678,3.8364999294281006,1161744000
2017-06-09,3.6927435398101807,3.740000009536743,4.212500095367432,3.5687499046325684,4.118500232696533,3692928000
2017-06-12,3.7018773555755615,3.7492499351501465,3.7925000190734863,3.5527501106262207,3.6470000743865967,1697532000
2017-06-13,3.737175226211548,3.7850000858306885,3.8692500591278076,3.641249895095825,3.859999895095825,1672504000
2017-06-14,3.745074987411499,3.7929999828338623,3.8515000343322754,3.7125000953674316,3.7880001068115234,1184640000
2017-06-15,3.7611186504364014,3.8092501163482666,3.8399999141693115,3.6624999046325684,3.6740000247955322,963824000
2017-06-16,3.7426061630249023,3.7904999256134033,3.867500066757202,3.75600004196167,3.819000005722046,924960000
2017-06-19,3.883305311203003,3.933000087738037,3.9382500648498535,3.8315000534057617,3.835249900817871,778176000
2017-06-20,3.8776278495788574,3.9272499084472656,4.043499946594238,3.9230000972747803,3.975749969482422,1095444000
2017-06-21,3.9363765716552734,3.9867498874664307,3.990499973297119,3.8924999237060547,3.9552500247955322,682652000
2017-06-22,3.909224271774292,3.959249973297119,4.008500099182129,3.934999942779541,3.994999885559082,469132000
2017-06-23,3.7971572875976562,3.845750093460083,3.9830000400543213,3.8304998874664307,3.9670000076293945,1088588000
2017-06-26,3.7556891441345215,3.8037500381469727,3.9149999618530273,3.708250045776367,3.878999948501587,1063960000
2017-06-27,3.6181986331939697,3.6644999980926514,3.7947499752044678,3.658750057220459,3.7860000133514404,999492000
2017-06-28,3.7458150386810303,3.793750047683716,3.7985000610351562,3.643749952316284,3.7330000400543213,994948000
2017-06-29,3.62066650390625,3.6670000553131104,3.7679998874664307,3.6019999980926514,3.765000104904175,1064424000
2017-06-30,3.5683364868164062,3.614000082015991,3.6982500553131104,3.5875000953674316,3.684499979019165,731060000
2017-07-03,3.4392385482788086,3.4832499027252197,3.641249895095825,3.4644999504089355,3.6262500286102295,709072000
2017-07-05,3.5310628414154053,3.5762500762939453,3.6054999828338623,3.528249979019165,3.547499895095825,820188000
2017-07-06,3.541677236557007,3.5869998931884766,3.634500026702881,3.49399995803833,3.546750068664551,746284000
2017-07-07,3.622641086578369,3.6689999103546143,3.6875,3.6212499141693115,3.6445000171661377,654972000
2017-07-10,3.7939493656158447,3.8424999713897705,3.8499999046325684,3.7170000076293945,3.743499994277954,958492000
2017-07-11,3.8477609157562256,3.8970000743865967,3.904750108718872,3.8037500381469727,3.846250057220459,757956000
2017-07-12,4.011415481567383,4.062749862670898,4.074999809265137,3.9140000343322754,3.9574999809265137,1145208000
2017-07-13,3.9650094509124756,4.015749931335449,4.15749979019165,3.96875,4.074999809265137,1369132000
2017-07-14,4.0716447830200195,4.12375020980835,4.125249862670898,4.02524995803833,4.032249927520752,941948000
2017-07-17,4.054366111755371,4.106249809265137,4.1875,4.043749809265137,4.158249855041504,930792000
2017-07-18,4.09657621383667,4.14900016784668,4.163750171661377,4.03249979019165,4.04449987411499,776640000
2017-07-19,4.075346946716309,4.127500057220459,4.184999942779541,4.115250110626221,4.158249855041504,687044000
2017-07-20,4.134588241577148,4.1875,4.187749862670898,4.097750186920166,4.148250102996826,699596000
2017-07-21,4.14940071105957,4.202499866485596,4.232500076293945,4.152249813079834,4.166749954223633,648332000
2017-07-24,4.101266860961914,4.153749942779541,4.2195000648498535,4.14300012588501,4.209750175476074,652524000
2017-07-25,4.081517696380615,4.133749961853027,4.148250102996826,4.0894999504089355,4.130499839782715,496556000
2017-07-26,4.128665447235107,4.18149995803833,4.2482500076293945,4.146249771118164,4.191999912261963,640404000
2017-07-27,3.9924092292785645,4.043499946594238,4.218500137329102,3.938999891281128,4.20674991607666,782856000
2017-07-28,4.0578227043151855,4.109749794006348,4.134500026702881,3.9820001125335693,4.00724983215332,513348000
2017-07-31,4.011415481567383,4.062749862670898,4.159999847412109,4.015500068664551,4.123499870300293,559672000
2017-08-01,4.060291767120361,4.112249851226807,4.113999843597412,4.025000095367432,4.053249835968018,431384000
2017-08-02,4.0578227043151855,4.109749794006348,4.147749900817871,4.031750202178955,4.143750190734863,478444000
2017-08-03,4.10941219329834,4.1620001792907715,4.165750026702881,4.0920000076293945,4.109250068664551,442420000
2017-08-04,4.127431869506836,4.18025016784668,4.2517499923706055,4.1620001792907715,4.184999942779541,589096000
2017-08-07,4.254306793212891,4.308750152587891,4.3092498779296875,4.199999809265137,4.209750175476074,717412000
2017-08-08,4.203705787658691,4.257500171661377,4.363999843597412,4.217750072479248,4.347249984741211,755336000
2017-08-09,4.248383045196533,4.302750110626221,4.30525016784668,4.1917500495910645,4.210750102996826,530784000
2017-08-10,4.066462993621826,4.118500232696533,4.316500186920166,4.108250141143799,4.303999900817871,1328088000
2017-08-11,3.8497352600097656,3.8989999294281006,3.9749999046325684,3.8227500915527344,3.928499937057495,1497196000
2017-08-14,4.156805038452148,4.210000038146973,4.213749885559082,3.9800000190734863,3.9917500019073486,1279020000
2017-08-15,4.121753692626953,4.174499988555908,4.2417497634887695,4.139750003814697,4.215250015258789,764532000
2017-08-16,4.076582908630371,4.128749847412109,4.213500022888184,4.0960001945495605,4.1897501945495605,596632000
2017-08-17,3.9857444763183594,4.036749839782715,4.137499809265137,4.0345001220703125,4.120250225067139,525444000
2017-08-18,3.9864847660064697,4.037499904632568,4.109000205993652,3.990999937057495,4.091750144958496,601204000
2017-08-21,3.9284775257110596,3.978749990463257,4.073750019073486,3.9342501163482666,4.062250137329102,623672000
2017-08-22,4.015936374664307,4.06374979019165,4.06974983215332,3.9927499294281006,4.012249946594238,450456000
2017-08-23,4.0962300300598145,4.144999980926514,4.15625,4.021249771118164,4.03000020980835,579520000
2017-08-24,4.081161022186279,4.129749774932861,4.182000160217285,4.103000164031982,4.177499771118164,469700000
2017-08-25,4.047065734863281,4.095250129699707,4.1645002365112305,4.088749885559082,4.154250144958496,357200000
2017-08-28,4.075723171234131,4.1242499351501465,4.127500057220459,4.0582499504089355,4.114500045776367,389496000
2017-08-29,4.0690531730651855,4.117499828338623,4.139500141143799,4.05649995803833,4.0647501945495605,324096000
2017-08-30,4.093266010284424,4.142000198364258,4.153250217437744,4.106750011444092,4.137499809265137,384400000
2017-08-31,4.186158657073975,4.236000061035156,4.239999771118164,4.15500020980835,4.162499904632568,612684000
2017-09-01,4.211359977722168,4.261499881744385,4.297500133514404,4.239999771118164,4.24875020980835,445432000
2017-09-05,4.098948001861572,4.147749900817871,4.2144999504089355,4.089000225067139,4.209499835968018,695364000
2017-09-06,4.096476078033447,4.145249843597412,4.195000171661377,4.110000133514404,4.181000232696533,397672000
2017-09-07,4.115499973297119,4.1645002365112305,4.197249889373779,4.12375020980835,4.16225004196167,352868000
2017-09-08,4.044101715087891,4.092249870300293,4.167749881744385,4.067749977111816,4.152750015258789,498856000
2017-09-11,4.175289154052734,4.224999904632568,4.235750198364258,4.132999897003174,4.138500213623047,567444000
2017-09-12,4.190358638763428,4.240250110626221,4.25,4.17425012588501,4.25,411488000
2017-09-13,4.209137439727783,4.259250164031982,4.28849983215332,4.182000160217285,4.214749813079834,580960000
2017-09-14,4.185171604156494,4.235000133514404,4.314000129699707,4.195000171661377,4.219749927520752,513712000
2017-09-15,4.449770450592041,4.502749919891357,4.502749919891357,4.316249847412109,4.321499824523926,1364792000
2017-09-18,4.63358211517334,4.68874979019165,4.78000020980835,4.621500015258789,4.628499984741211,1684460000
2017-09-19,4.628640651702881,4.683750152587891,4.746250152587891,4.615499973297119,4.637750148773193,874280000
2017-09-20,4.591335296630859,4.645999908447266,4.735499858856201,4.605249881744385,4.6875,724920000
2017-09-21,4.465830326080322,4.519000053405762,4.567500114440918,4.440249919891357,4.540999889373779,1075600000
2017-09-22,4.422347545623779,4.474999904632568,4.557750225067139,4.465000152587891,4.507500171661377,491232000
2017-09-25,4.224699974060059,4.275000095367432,4.445000171661377,4.254000186920166,4.443749904632568,874580000
2017-09-26,4.248417377471924,4.298999786376953,4.4670000076293945,4.258749961853027,4.411250114440918,1125620000
2017-09-27,4.341560363769531,4.393249988555908,4.406750202178955,4.318749904632568,4.390500068664551,713720000
2017-09-28,4.340324401855469,4.392000198364258,4.4045000076293945,4.343999862670898,4.4004998207092285,435244000
2017-09-29,4.416664123535156,4.469250202178955,4.493249893188477,4.431250095367432,4.4770002365112305,619092000
2017-10-02,4.422347545623779,4.474999904632568,4.549499988555908,4.425000190734863,4.519999980926514,503480000
2017-10-03,4.431488037109375,4.484250068664551,4.514500141143799,4.439499855041504,4.481249809265137,390332000
2017-10-04,4.468547821044922,4.521749973297119,4.544250011444092,4.453499794006348,4.490499973297119,427848000
2017-10-05,4.466076850891113,4.51924991607666,4.550000190734863,4.488999843597412,4.546500205993652,437364000
2017-10-06,4.479170799255371,4.53249979019165,4.546000003814697,4.474999904632568,4.491250038146973,318800000
2017-10-09,4.580218315124512,4.634749889373779,4.66825008392334,4.550749778747559,4.56974983215332,563492000
2017-10-10,4.6676764488220215,4.723249912261963,4.823750019073486,4.68149995803833,4.785749912261963,974876000
2017-10-11,4.7173357009887695,4.773499965667725,4.775000095367432,4.69350004196167,4.739999771118164,529508000
2017-10-12,4.719557762145996,4.775750160217285,4.827250003814697,4.7482500076293945,4.7769999504089355,528292000
2017-10-13,4.807512283325195,4.864749908447266,4.875,4.791250228881836,4.838749885559082,628728000
2017-10-16,4.890030384063721,4.948249816894531,4.951250076293945,4.830999851226807,4.894999980926514,576640000
2017-10-17,4.8855814933776855,4.943749904632568,4.972499847412109,4.908750057220459,4.927249908447266,478596000
2017-10-18,4.881382465362549,4.939499855041504,4.953499794006348,4.833000183105469,4.952750205993652,567316000
2017-10-19,4.886817455291748,4.945000171661377,4.949999809265137,4.81125020980835,4.861000061035156,570772000
2017-10-20,4.86458158493042,4.922500133514404,4.989749908447266,4.91349983215332,4.962250232696533,451620000
2017-10-23,4.857663154602051,4.915500164031982,4.971250057220459,4.894999980926514,4.944499969482422,428696000
2017-10-24,4.9085588455200195,4.9670000076293945,4.96875,4.898499965667725,4.924749851226807,407244000
2017-10-25,4.784535884857178,4.8414998054504395,4.980500221252441,4.779250144958496,4.927000045776367,828160000
2017-10-26,4.834689140319824,4.892250061035156,4.9039998054504395,4.845250129699707,4.869500160217285,322744000
2017-10-27,4.987124919891357,5.046500205993652,5.046750068664551,4.918749809265137,4.945000171661377,572192000
2017-10-30,5.036041736602783,5.0960001945495605,5.152249813079834,5.0304999351501465,5.046500205993652,504056000
2017-10-31,5.109419345855713,5.170249938964844,5.197249889373779,5.122499942779541,5.1282501220703125,411908000
2017-11-01,5.119051456451416,5.179999828338623,5.2492499351501465,5.114999771118164,5.233749866485596,502576000
2017-11-02,5.087922096252441,5.148499965667725,5.195250034332275,5.091249942779541,5.150000095367432,342308000
2017-11-03,5.1558637619018555,5.217249870300293,5.217249870300293,5.133500099182129,5.179999828338623,353640000
2017-11-06,5.179086685180664,5.240749835968018,5.249499797821045,5.167500019073486,5.179999828338623,389944000
2017-11-07,5.238380432128906,5.300749778747559,5.322500228881836,5.251500129699707,5.263750076293945,427700000
2017-11-08,5.167476177215576,5.229000091552734,5.300000190734863,5.181000232696533,5.296249866485596,522988000
2017-11-09,5.072604656219482,5.132999897003174,5.158249855041504,5.009250164031982,5.131750106811523,978564000
2017-11-10,5.3399224281311035,5.403500080108643,5.466750144958496,5.290750026702881,5.327000141143799,1253256000
2017-11-13,5.253206253051758,5.3157501220703125,5.4292497634887695,5.300250053405762,5.403500080108643,582376000
2017-11-14,5.291497707366943,5.354499816894531,5.369999885559082,5.280749797821045,5.324999809265137,529292000
2017-11-15,5.1877336502075195,5.249499797821045,5.300000190734863,5.195000171661377,5.298749923706055,501948000
2017-11-16,5.228005409240723,5.290249824523926,5.355000019073486,5.28125,5.32450008392334,441768000
2017-11-17,5.221827030181885,5.283999919891357,5.383749961853027,5.268750190734863,5.3480000495910645,515664000
2017-11-20,5.289029598236084,5.3520002365112305,5.364250183105469,5.262499809265137,5.299749851226807,396100000
2017-11-21,5.337698936462402,5.401249885559082,5.413000106811523,5.360000133514404,5.392250061035156,399176000
2017-11-22,5.313718318939209,5.3732500076293945,5.425000190734863,5.340250015258789,5.425000190734863,356640000
2017-11-24,5.363903045654297,5.423999786376953,5.425000190734863,5.364999771118164,5.389750003814697,180752000
2017-11-27,5.294185638427734,5.353499889373779,5.434000015258789,5.350249767303467,5.432750225067139,422896000
2017-11-28,5.209386348724365,5.267749786376953,5.368249893188477,5.205999851226807,5.358749866485596,512752000
2017-11-29,4.8560943603515625,4.9105000495910645,5.252999782562256,4.780749797821045,5.250249862670898,1396788000
2017-11-30,4.962155342102051,5.017749786376953,5.066999912261963,4.916250228881836,4.980000019073486,823768000
2017-12-01,4.88724422454834,4.941999912261963,5.0032501220703125,4.8117499351501465,4.982749938964844,811548000
2017-12-04,4.614799499511719,4.666500091552734,5.007500171661377,4.612500190734863,5.00124979019165,1240844000
2017-12-05,4.6414995193481445,4.69350004196167,4.817500114440918,4.514500141143799,4.559999942779541,981488000
2017-12-06,4.679078578948975,4.731500148773193,4.753499984741211,4.620999813079834,4.642499923706055,467032000
2017-12-07,4.746571063995361,4.799749851226807,4.840000152587891,4.752999782562256,4.798999786376953,542600000
2017-12-08,4.734210014343262,4.78725004196167,4.869500160217285,4.778749942779541,4.850249767303467,466876000
2017-12-11,4.8125810623168945,4.866499900817871,4.869500160217285,4.7855000495910645,4.801499843597412,372748000
2017-12-12,4.718139171600342,4.770999908447266,4.8460001945495605,4.747250080108643,4.822500228881836,455016000
2017-12-13,4.602931022644043,4.6545000076293945,4.81374979019165,4.646999835968018,4.8125,554280000
2017-12-14,4.610100269317627,4.661749839782715,4.733500003814697,4.614999771118164,4.6479997634887695,438164000
2017-12-15,4.735940933227539,4.789000034332275,4.809500217437744,4.640500068664551,4.706250190734863,670036000
2017-12-18,4.892685413360596,4.947500228881836,4.950500011444092,4.800000190734863,4.829999923706055,477704000
2017-12-19,4.8484296798706055,4.902750015258789,4.9432501792907715,4.874000072479248,4.938000202178955,373100000
2017-12-20,4.8654890060424805,4.920000076293945,4.951749801635742,4.863749980926514,4.942500114440918,288820000
2017-12-21,4.842991828918457,4.897250175476074,4.948750019073486,4.888750076293945,4.923500061035156,300904000
2017-12-22,4.827663421630859,4.881750106811523,4.891250133514404,4.78125,4.860000133514404,466276000
2017-12-26,4.881312370300293,4.935999870300293,4.943749904632568,4.795499801635742,4.82574987411499,355080000
2017-12-27,4.874635219573975,4.9292497634887695,4.9992499351501465,4.907750129699707,4.922500133514404,329488000
2017-12-28,4.880323886871338,4.934999942779541,4.984499931335449,4.928750038146973,4.953249931335449,240248000
2017-12-29,4.783904552459717,4.837500095367432,4.96150016784668,4.837500095367432,4.96150016784668,279964000
2018-01-02,4.928532600402832,4.983749866485596,4.987500190734863,4.862500190734863,4.894499778747559,355616000
2018-01-03,5.252898216247559,5.3117499351501465,5.34250020980835,5.09375,5.102499961853027,914704000
2018-01-04,5.280587196350098,5.339749813079834,5.451250076293945,5.317249774932861,5.394000053405762,583268000
2018-01-05,5.325337886810303,5.385000228881836,5.422749996185303,5.2769999504089355,5.354750156402588,580124000
2018-01-08,5.488509178161621,5.550000190734863,5.625,5.4644999504089355,5.510000228881836,881216000
2018-01-09,5.487027645111084,5.548500061035156,5.5954999923706055,5.466000080108643,5.555500030517578,497000000
2018-01-10,5.530043601989746,5.5920000076293945,5.5954999923706055,5.400000095367432,5.454999923706055,582664000
2018-01-11,5.539933204650879,5.6020002365112305,5.656750202178955,5.580249786376953,5.625,406032000
2018-01-12,5.512739181518555,5.57450008392334,5.624750137329102,5.5335001945495605,5.590000152587891,359916000
2018-01-16,5.441784381866455,5.502749919891357,5.687749862670898,5.417250156402588,5.601250171661377,702348000
2018-01-17,5.555755138397217,5.618000030517578,5.627999782562256,5.422500133514404,5.517499923706055,538408000
2018-01-18,5.548832893371582,5.611000061035156,5.665999889373779,5.566999912261963,5.598499774932861,408632000
2018-01-19,5.689013481140137,5.752749919891357,5.777249813079834,5.675000190734863,5.702250003814697,609380000
2018-01-22,5.777520179748535,5.842249870300293,5.843999862670898,5.702499866485596,5.760749816894531,550944000
2018-01-23,5.906576633453369,5.972750186920166,5.9957499504089355,5.877500057220459,5.896249771118164,475228000
2018-01-24,5.829687118530273,5.894999980926514,6.012249946594238,5.838749885559082,5.97599983215332,579972000
2018-01-25,5.843285083770752,5.908750057220459,5.993750095367432,5.893750190734863,5.949999809265137,409884000
2018-01-26,6.0158514976501465,6.083250045776367,6.083499908447266,5.940000057220459,5.953000068664551,516356000
2018-01-29,6.102876663208008,6.171249866485596,6.202750205993652,6.015250205993652,6.06850004196167,455116000
2018-01-30,6.00076961517334,6.067999839782715,6.1605000495910645,5.960249900817871,6.027750015258789,570832000
2018-01-31,6.0769171714782715,6.144999980926514,6.231750011444092,6.111249923706055,6.14424991607666,478576000
2018-02-01,5.94588565826416,6.012499809265137,6.172500133514404,5.951499938964844,5.9629998207092285,519224000
2018-02-02,5.773319244384766,5.8379998207092285,5.949250221252441,5.779250144958496,5.925000190734863,718464000
2018-02-05,5.283308982849121,5.34250020980835,5.830749988555908,5.125,5.675000190734863,1165204000
2018-02-06,5.5770182609558105,5.639500141143799,5.642499923706055,5.099999904632568,5.110000133514404,1114800000
2018-02-07,5.6566243171691895,5.71999979019165,5.8742499351501465,5.667500019073486,5.739500045776367,802932000
2018-02-08,5.377750396728516,5.438000202178955,5.880499839782715,5.437749862670898,5.8470001220703125,1144000000
2018-02-09,5.737716197967529,5.802000045776367,5.972249984741211,5.438000202178955,5.956250190734863,1674604000
2018-02-12,5.637588977813721,5.70074987411499,5.88700008392334,5.6257500648498535,5.883999824523926,1093172000
2018-02-13,5.751315116882324,5.8157501220703125,5.862500190734863,5.631249904632568,5.664000034332275,625524000
2018-02-14,5.968630790710449,6.0355000495910645,6.0647501945495605,5.763750076293945,5.775000095367432,744988000
2018-02-15,6.094223976135254,6.162499904632568,6.209249973297119,6.038000106811523,6.119750022888184,698900000
2018-02-16,6.0284600257873535,6.0960001945495605,6.25,6.086750030517578,6.135000228881836,637656000
2018-02-20,6.158008098602295,6.2270002365112305,6.296750068664551,6.114999771118164,6.118750095367432,686240000
2018-02-21,5.970856189727783,6.037749767303467,6.29925012588501,6.033999919891357,6.292250156402588,892292000
2018-02-22,5.990399360656738,6.053750038146973,6.140749931335449,5.987500190734863,6.0682501792907715,534364000
2018-02-23,6.083909511566162,6.148250102996826,6.148250102996826,6.063000202178955,6.114250183105469,415300000
2018-02-26,6.099989891052246,6.1645002365112305,6.19950008392334,6.101500034332275,6.195000171661377,469312000
2018-02-27,6.0871262550354,6.151500225067139,6.222750186920166,6.1282501220703125,6.137499809265137,455436000
2018-02-28,5.986688137054443,6.050000190734863,6.202499866485596,6.038249969482422,6.162499904632568,523116000
2018-03-01,5.744499683380127,5.80525016784668,6.102250099182129,5.703000068664551,6.047749996185303,1040120000
2018-03-02,5.8516154289245605,5.91349983215332,5.920000076293945,5.546249866485596,5.696499824523926,913428000
2018-03-05,5.829599380493164,5.891250133514404,5.931250095367432,5.73799991607666,5.862750053405762,620776000
2018-03-06,5.990646839141846,6.053999900817871,6.073500156402588,5.934000015258789,5.977499961853027,636808000
2018-03-07,5.982730388641357,6.046000003814697,6.098750114440918,5.948750019073486,5.949999809265137,581208000
2018-03-08,5.966403007507324,6.0295000076293945,6.073750019073486,5.984749794006348,6.073750019073486,411912000
2018-03-09,6.069067001342773,6.1332502365112305,6.146249771118164,6.06125020980835,6.077499866485596,505524000
2018-03-12,6.178657054901123,6.24399995803833,6.324999809265137,6.166749954223633,6.175000190734863,605060000
2018-03-13,6.127943992614746,6.192749977111816,6.362500190734863,6.151000022888184,6.28725004196167,619772000
2018-03-14,6.1534247398376465,6.218500137329102,6.263750076293945,6.1554999351501465,6.236249923706055,505496000
2018-03-15,6.168266773223877,6.233500003814697,6.315499782562256,6.190999984741211,6.232250213623047,401952000
2018-03-16,6.196469306945801,6.26200008392334,6.28125,6.211999893188477,6.25,399456000
2018-03-19,5.961949825286865,6.025000095367432,6.233749866485596,5.925000190734863,6.204500198364258,713772000
2018-03-20,6.174205303192139,6.239500045776367,6.278749942779541,6.0279998779296875,6.0279998779296875,554696000
2018-03-21,6.148972034454346,6.214000225067139,6.300000190734863,6.1832499504089355,6.232999801635742,438688000
2018-03-22,5.98297643661499,6.046249866485596,6.197000026702881,6.008500099182129,6.150000095367432,551196000
2018-03-23,5.763301372528076,5.824250221252441,6.0625,5.813000202178955,6.059999942779541,735620000
2018-03-26,6.04803991317749,6.111999988555908,6.113249778747559,5.897500038146973,5.949999809265137,611424000
2018-03-27,5.578999042510986,5.638000011444092,6.25,5.496250152587891,6.193749904632568,1409000000
2018-03-28,5.4758405685424805,5.533750057220459,5.734749794006348,5.425000190734863,5.603250026702881,945904000
2018-03-29,5.729160785675049,5.789750099182129,5.887499809265137,5.517499923706055,5.602749824523926,916628000
2018-04-02,5.468419075012207,5.526249885559082,5.866250038146973,5.4375,5.718500137329102,922092000
2018-04-03,5.574792861938477,5.633749961853027,5.758749961853027,5.533750057220459,5.695000171661377,667432000
2018-04-04,5.596810817718506,5.656000137329102,5.666500091552734,5.349999904632568,5.375249862670898,789168000
2018-04-05,5.476583003997803,5.5345001220703125,5.728250026702881,5.462250232696533,5.715000152587891,701240000
2018-04-06,5.300198554992676,5.356249809265137,5.539999961853027,5.326749801635742,5.430749893188477,662988000
2018-04-09,5.32889461517334,5.385250091552734,5.54925012588501,5.364999771118164,5.420000076293945,499524000
2018-04-10,5.638123989105225,5.697750091552734,5.724999904632568,5.5602498054504395,5.618000030517578,761676000
2018-04-11,5.596810817718506,5.656000137329102,5.7245001792907715,5.623000144958496,5.682750225067139,460244000
2018-04-12,5.803623199462891,5.864999771118164,5.882999897003174,5.705249786376953,5.75,593920000
2018-04-13,5.726935386657715,5.787499904632568,5.937749862670898,5.738749980926514,5.9292497634887695,503036000
2018-04-16,5.726688385009766,5.78725004196167,5.821000099182129,5.691999912261963,5.794250011444092,350792000
2018-04-17,5.876355171203613,5.938499927520752,5.960000038146973,5.783750057220459,5.840000152587891,447224000
2018-04-18,5.847412109375,5.909249782562256,5.981249809265137,5.819250106811523,5.887499809265137,391364000
2018-04-19,5.666078567504883,5.72599983215332,5.827499866485596,5.670000076293945,5.793749809265137,471996000
2018-04-20,5.657914638519287,5.717750072479248,5.802499771118164,5.68625020980835,5.717249870300293,386200000
2018-04-23,5.53842830657959,5.5970001220703125,5.787499904632568,5.5707502365112305,5.735750198364258,427508000
2018-04-24,5.4721293449401855,5.53000020980835,5.71999979019165,5.464000225067139,5.623000144958496,414596000
2018-04-25,5.359817028045654,5.416500091552734,5.5395002365112305,5.257500171661377,5.5,588492000
2018-04-26,5.571578502655029,5.630499839782715,5.638750076293945,5.51324987411499,5.579999923706055,375824000
2018-04-27,5.599037170410156,5.658249855041504,5.757500171661377,5.615499973297119,5.737500190734863,400848000
2018-04-30,5.563662052154541,5.622499942779541,5.724999904632568,5.603000164031982,5.674749851226807,327844000
2018-05-01,5.619075775146484,5.678500175476074,5.681250095367432,5.554999828338623,5.614250183105469,253788000
2018-05-02,5.598543167114258,5.657750129699707,5.71999979019165,5.631249904632568,5.675000190734863,268248000
2018-05-03,5.7637939453125,5.824749946594238,5.851250171661377,5.64424991607666,5.690000057220459,443144000
2018-05-04,5.913956642150879,5.976500034332275,5.979750156402588,5.778250217437744,5.795750141143799,400660000
2018-05-07,6.151941299438477,6.2170000076293945,6.274750232696533,6.072249889373779,6.082250118255615,687616000
2018-05-08,6.194491863250732,6.260000228881836,6.262750148773193,6.167749881744385,6.217249870300293,506616000
2018-05-09,6.327583312988281,6.394499778747559,6.396749973297119,6.252749919891357,6.280250072479248,596760000
2018-05-10,6.435194492340088,6.5032501220703125,6.512499809265137,6.429999828338623,6.447999954223633,994080000
2018-05-11,6.296658515930176,6.363249778747559,6.494750022888184,6.263500213623047,6.319499969482422,1214456000
2018-05-14,6.317193508148193,6.383999824523926,6.462250232696533,6.360000133514404,6.401750087738037,523140000
2018-05-15,6.074756145477295,6.138999938964844,6.322500228881836,6.037499904632568,6.31974983215332,963528000
2018-05-16,6.085887432098389,6.15024995803833,6.2129998207092285,6.062749862670898,6.099999904632568,553828000
2018-05-17,6.127943992614746,6.192749977111816,6.287499904632568,6.135749816894531,6.1519999504089355,519784000
2018-05-18,6.084156036376953,6.148499965667725,6.3092498779296875,6.143499851226807,6.245250225067139,483716000
2018-05-21,6.042100429534912,6.105999946594238,6.2507500648498535,6.012249946594238,6.247000217437744,640624000
2018-05-22,6.004005432128906,6.067500114440918,6.144999980926514,6.006249904632568,6.119500160217285,518264000
2018-05-23,6.127525329589844,6.188499927520752,6.1897501945495605,6.006249904632568,6.006999969482422,442956000
2018-05-24,6.131237983703613,6.192249774932861,6.235000133514404,6.13100004196167,6.184750080108643,437372000
2018-05-25,6.170597553253174,6.23199987411499,6.248499870300293,6.169000148773193,6.204999923706055,292112000
2018-05-29,6.153517723083496,6.214749813079834,6.2835001945495605,6.167500019073486,6.213749885559082,352684000
2018-05-30,6.262434005737305,6.324749946594238,6.333499908447266,6.223750114440918,6.24875020980835,390996000
2018-05-31,6.242631435394287,6.304749965667725,6.380000114440918,6.281750202178955,6.292500019073486,493868000
2018-06-01,6.3770432472229,6.440499782562256,6.446750164031982,6.341249942779541,6.349999904632568,421968000
2018-06-04,6.556012153625488,6.621250152587891,6.643499851226807,6.442500114440918,6.474999904632568,642024000
2018-06-05,6.561457633972168,6.6267499923706055,6.664750099182129,6.579249858856201,6.624499797821045,391712000
2018-06-06,6.56343936920166,6.628749847412109,6.631999969482422,6.51924991607666,6.535749912261963,371356000
2018-06-07,6.507742881774902,6.572500228881836,6.63700008392334,6.481249809265137,6.625,369448000
2018-06-08,6.492394924163818,6.557000160217285,6.599999904632568,6.480000019073486,6.499000072479248,360456000
2018-06-11,6.451303958892822,6.515500068664551,6.586249828338623,6.502500057220459,6.544250011444092,265372000
2018-06-12,6.49982213973999,6.564499855041504,6.576749801635742,6.491499900817871,6.542250156402588,319160000
2018-06-13,6.495365142822266,6.559999942779541,6.641749858856201,6.550749778747559,6.565999984741211,338208000
2018-06-14,6.607004642486572,6.672749996185303,6.730000019073486,6.5904998779296875,6.605500221252441,430016000
2018-06-15,6.566160678863525,6.631499767303467,6.686999797821045,6.583749771118164,6.614999771118164,432260000
2018-06-18,6.561953544616699,6.6272501945495605,6.644999980926514,6.559500217437744,6.586999893188477,356268000
2018-06-19,6.440166473388672,6.5042500495910645,6.591000080108643,6.375500202178955,6.5229997634887695,594932000
2018-06-20,6.493137359619141,6.557750225067139,6.611249923706055,6.506999969482422,6.545750141143799,369780000
2018-06-21,6.364418029785156,6.427750110626221,6.608500003814697,6.420000076293945,6.590000152587891,359516000
2018-06-22,6.211935520172119,6.273749828338623,6.462250232696533,6.2582502365112305,6.448750019073486,434160000
2018-06-25,5.9190993309021,5.978000164031982,6.170000076293945,5.888500213623047,6.166250228881836,665816000
2018-06-26,5.990143299102783,6.049749851226807,6.141250133514404,5.9977498054504395,6.09250020980835,478884000
2018-06-27,5.83493709564209,5.89300012588501,6.160749912261963,5.887499809265137,6.09375,453892000
2018-06-28,5.96217155456543,6.021500110626221,6.0335001945495605,5.875249862670898,5.882999897003174,338012000
2018-06-29,5.864146709442139,5.922500133514404,6.099999904632568,5.921249866485596,6.087250232696533,392300000
2018-07-02,5.996330738067627,6.056000232696533,6.059750080108643,5.831500053405762,5.852250099182129,357572000
2018-07-03,5.862661361694336,5.921000003814697,6.0970001220703125,5.912499904632568,6.091000080108643,222732000
2018-07-05,6.008460521697998,6.0682501792907715,6.073249816894531,5.9375,5.976749897003174,306216000
2018-07-06,6.122328281402588,6.1832499504089355,6.1917500495910645,6.021999835968018,6.043499946594238,296352000
2018-07-09,6.169854164123535,6.231249809265137,6.26800012588501,6.151750087738037,6.2582502365112305,303880000
2018-07-10,6.268868923187256,6.331250190734863,6.353499889373779,6.203000068664551,6.243750095367432,360016000
2018-07-11,6.127277851104736,6.1882500648498535,6.272500038146973,6.177499771118164,6.237500190734863,367508000
2018-07-12,6.218864917755127,6.280749797821045,6.329249858856201,6.223999977111816,6.234000205993652,345508000
2018-07-13,6.171586036682129,6.232999801635742,6.299499988555908,6.190499782562256,6.299499988555908,246988000
2018-07-16,6.143861770629883,6.204999923706055,6.258500099182129,6.192500114440918,6.204999923706055,197036000
2018-07-17,6.279762268066406,6.342249870300293,6.357500076293945,6.129499912261963,6.155250072479248,362136000
2018-07-18,6.230501174926758,6.292500019073486,6.348750114440918,6.241000175476074,6.334750175476074,277640000
2018-07-19,6.238667964935303,6.300749778747559,6.334750175476074,6.2582502365112305,6.273499965667725,235752000
2018-07-20,6.210450172424316,6.272250175476074,6.337500095367432,6.261250019073486,6.298250198364258,222352000
2018-07-23,6.173816204071045,6.235249996185303,6.247250080108643,6.081999778747559,6.245500087738037,301584000
2018-07-24,6.156487941741943,6.217750072479248,6.371250152587891,6.199999809265137,6.283750057220459,354620000
2018-07-25,6.2347092628479,6.296750068664551,6.309500217437744,6.168749809265137,6.227250099182129,319112000
2018-07-26,6.308226108551025,6.370999813079834,6.408249855041504,6.259500026702881,6.276500225067139,325124000
2018-07-27,6.23842191696167,6.30049991607666,6.414999961853027,6.245999813079834,6.4079999923706055,295420000
2018-07-30,6.043116569519043,6.103250026702881,6.3207502365112305,6.067999839782715,6.3147501945495605,340340000
2018-07-31,6.061185836791992,6.121500015258789,6.197000026702881,6.053500175476074,6.092750072479248,283988000
2018-08-01,6.101038455963135,6.161749839782715,6.209000110626221,6.097249984741211,6.153250217437744,283556000
2018-08-02,6.2037672996521,6.265500068664551,6.269499778747559,6.030250072479248,6.089749813079834,269668000
2018-08-03,6.2404022216796875,6.302499771118164,6.326499938964844,6.273250102996826,6.290249824523926,214288000
2018-08-06,6.2881760597229,6.350749969482422,6.354249954223633,6.24275016784668,6.289750099182129,207508000
2018-08-07,6.360457897186279,6.423749923706055,6.442500114440918,6.373000144958496,6.400000095367432,258132000
2018-08-08,6.396845817565918,6.4604997634887695,6.50600004196167,6.389750003814697,6.425000190734863,262100000
2018-08-09,6.348328590393066,6.411499977111816,6.481249809265137,6.403749942779541,6.478499889373779,204280000
2018-08-10,6.306990146636963,6.369750022888184,6.402500152587891,6.317500114440918,6.328750133514404,256396000
2018-08-13,6.339911460876465,6.4029998779296875,6.525000095367432,6.3767499923706055,6.378499984741211,375208000
2018-08-14,6.471354007720947,6.535749912261963,6.550000190734863,6.42549991607666,6.509500026702881,466220000
2018-08-15,6.41318416595459,6.4770002365112305,6.591000080108643,6.397500038146973,6.5567498207092285,591136000
2018-08-16,6.37258768081665,6.435999870300293,6.550000190734863,6.375249862670898,6.547500133514404,801260000
2018-08-17,6.060195446014404,6.120500087738037,6.324250221252441,6.093249797821045,6.323500156402588,1143188000
2018-08-20,6.134952068328857,6.196000099182129,6.329999923706055,5.9679999351501465,6.079500198364258,854388000
2018-08-21,6.270602226257324,6.333000183105469,6.337500095367432,6.192500114440918,6.212500095367432,673988000
2018-08-22,6.505761623382568,6.570499897003174,6.575500011444092,6.296500205993652,6.300000190734863,749856000
2018-08-23,6.605271816253662,6.671000003814697,6.736999988555908,6.517499923706055,6.531499862670898,720684000
2018-08-24,6.7384467124938965,6.805500030517578,6.820250034332275,6.675000190734863,6.679500102996826,531512000
2018-08-27,6.829541206359863,6.897500038146973,6.972499847412109,6.803750038146973,6.8354997634887695,505776000
2018-08-28,6.791913032531738,6.859499931335449,6.9145002365112305,6.738249778747559,6.891499996185303,475384000
2018-08-29,6.897422790527344,6.962250232696533,6.987500190734863,6.827000141143799,6.8480000495910645,420108000
2018-08-30,6.880580902099609,6.945250034332275,7.043000221252441,6.9079999923706055,6.930749893188477,346608000
2018-08-31,6.951663017272949,7.017000198364258,7.03000020980835,6.914999961853027,6.925000190734863,306592000
2018-09-04,7.02646017074585,7.09250020980835,7.130499839782715,6.974999904632568,7.003749847412109,391720000
2018-09-05,6.895688533782959,6.9604997634887695,7.110499858856201,6.878749847412109,7.074749946594238,393156000
2018-09-06,6.754516124725342,6.817999839782715,6.946499824523926,6.784749984741211,6.943999767303467,322796000
2018-09-07,6.73321533203125,6.796500205993652,6.923250198364258,6.679749965667725,6.724999904632568,295420000
2018-09-10,6.804296970367432,6.868249893188477,6.898250102996826,6.775000095367432,6.819250106811523,220140000
2018-09-11,6.756495952606201,6.820000171661377,6.909999847412109,6.80049991607666,6.821499824523926,243112000
2018-09-12,6.642567157745361,6.704999923706055,6.799499988555908,6.547999858856201,6.779749870300293,419092000
2018-09-13,6.720337867736816,6.7835001945495605,6.875,6.754000186920166,6.771500110626221,305536000
2018-09-14,6.846401691436768,6.910749912261963,6.977499961853027,6.837500095367432,6.874750137329102,386936000
2018-09-17,6.784484386444092,6.848249912261963,6.934500217437744,6.828750133514404,6.885000228881836,205528000
2018-09-18,6.712411403656006,6.7754998207092285,6.955999851226807,6.768750190734863,6.852250099182129,299520000
2018-09-19,6.73618745803833,6.799499988555908,6.817500114440918,6.706250190734863,6.756750106811523,224860000
2018-09-20,6.595016002655029,6.6570000648498535,6.718999862670898,6.602499961853027,6.676249980926514,430584000
2018-09-21,6.524923801422119,6.586249828338623,6.715000152587891,6.552750110626221,6.669000148773193,435128000
2018-09-24,6.580650329589844,6.642499923706055,6.645999908447266,6.4670000076293945,6.554999828338623,293912000
2018-09-25,6.647768497467041,6.710249900817871,6.735499858856201,6.6227498054504395,6.709249973297119,280388000
2018-09-26,6.610866546630859,6.672999858856201,6.75600004196167,6.6570000648498535,6.715250015258789,268548000
2018-09-27,6.622754096984863,6.684999942779541,6.730000019073486,6.653250217437744,6.708499908447266,214428000
2018-09-28,6.960083961486816,7.0254998207092285,7.047999858856201,6.789999961853027,6.8182501792907715,709396000
2018-10-01,7.166642189025879,7.234000205993652,7.301499843597412,7.065000057220459,7.104000091552734,622060000
2018-10-02,7.09531307220459,7.1620001792907715,7.318999767303467,7.139500141143799,7.206250190734863,383964000
2018-10-03,7.101504325866699,7.16825008392334,7.240499973297119,7.0632500648498535,7.232999801635742,320552000
2018-10-04,6.917237281799316,6.982250213623047,7.15625,6.9045000076293945,7.131750106811523,391220000
2018-10-05,6.683680057525635,6.746500015258789,7.019999980926514,6.688499927520752,6.957250118255615,426636000
2018-10-08,6.582383155822754,6.64424991607666,6.7789998054504395,6.501999855041504,6.662499904632568,408612000
2018-10-09,6.576687812805176,6.638500213623047,6.718999862670898,6.570000171661377,6.623499870300293,273500000
2018-10-10,6.085058212280273,6.142250061035156,6.577750205993652,6.139999866485596,6.531499862670898,684940000
2018-10-11,5.823515892028809,5.8782501220703125,6.189000129699707,5.856500148773193,6.0542497634887695,725436000
2018-10-12,6.106110572814941,6.16349983215332,6.238500118255615,5.991250038146973,6.137750148773193,608236000
2018-10-15,5.829708576202393,5.884500026702881,6.150000095367432,5.883500099182129,6.150000095367432,449760000
2018-10-16,6.088525295257568,6.145750045776367,6.1570000648498535,5.948500156402588,5.9982500076293945,408712000
2018-10-17,6.019918918609619,6.076499938964844,6.247000217437744,6.0269999504089355,6.208499908447266,329668000
2018-10-18,5.932491779327393,5.988249778747559,6.1852498054504395,5.927249908447266,6.146500110626221,524020000
2018-10-19,5.675904273986816,5.729249954223633,6.06374979019165,5.692500114440918,6.044000148773193,613608000
2018-10-22,5.726675033569336,5.7804999351501465,5.882999897003174,5.676750183105469,5.7820000648498535,368844000
2018-10-23,5.475040912628174,5.526500225067139,5.604750156402588,5.417749881744385,5.510749816894531,626436000
2018-10-24,4.938832759857178,4.985249996185303,5.534749984741211,4.971250057220459,5.487750053405762,884288000
2018-10-25,5.147618770599365,5.196000099182129,5.243750095367432,4.8420000076293945,4.886750221252441,951720000
2018-10-26,4.9110918045043945,4.957250118255615,5.120999813079834,4.828000068664551,4.957749843597412,664784000
2018-10-29,4.597290992736816,4.640500068664551,5.103250026702881,4.40024995803833,5.09975004196167,758016000
2018-10-30,5.027744293212891,5.074999809265137,5.085000038146973,4.640500068664551,4.663750171661377,807192000
2018-10-31,5.221673488616943,5.270750045776367,5.3147501945495605,5.100249767303467,5.241250038146973,745772000
2018-11-01,5.401979446411133,5.452750205993652,5.462250232696533,5.179749965667725,5.307499885559082,566528000
2018-11-02,5.322970390319824,5.373000144958496,5.550000190734863,5.255249977111816,5.4432501792907715,452960000
2018-11-05,5.244954586029053,5.294250011444092,5.3832502365112305,5.131999969482422,5.359749794006348,379332000
2018-11-06,5.227369785308838,5.276500225067139,5.371250152587891,5.238999843597412,5.286250114440918,299012000
2018-11-07,5.294982433319092,5.344749927520752,5.4352498054504395,5.2795000076293945,5.34375,483812000
2018-11-08,5.101799488067627,5.149750232696533,5.285749912261963,5.095749855041504,5.284999847412109,511352000
2018-11-09,5.093873500823975,5.141749858856201,5.232999801635742,5.026000022888184,5.059999942779541,413240000
2018-11-12,4.694378852844238,4.738500118255615,5.071750164031982,4.7164998054504395,5.049499988555908,617116000
2018-11-13,4.936354160308838,4.982749938964844,5.105249881744385,4.830999851226807,4.837250232696533,644712000
2018-11-14,4.883846282958984,4.929749965667725,5.171999931335449,4.8207502365112305,5.15749979019165,526580000
2018-11-15,5.012637138366699,5.059750080108643,5.132500171661377,4.887499809265137,4.923749923706055,840708000
2018-11-16,4.072474479675293,4.110750198364258,4.266499996185303,4.040249824523926,4.083000183105469,1963520000
2018-11-19,3.5838162899017334,3.617500066757202,4.045499801635742,3.6157500743865967,4.044750213623047,1697820000
2018-11-20,3.6922969818115234,3.7269999980926514,3.8564999103546143,3.332750082015991,3.3515000343322754,1692032000
2018-11-21,3.5840635299682617,3.6177499294281006,3.882499933242798,3.590250015258789,3.865499973297119,1025496000
2018-11-23,3.591247320175171,3.625,3.7397499084472656,3.5697500705718994,3.582750082015991,411968000
2018-11-26,3.7906227111816406,3.8262500762939453,3.836750030517578,3.6640000343322754,3.7472500801086426,814832000
2018-11-27,3.807464361190796,3.843250036239624,3.9252500534057617,3.7637500762939453,3.799999952316284,738060000
2018-11-28,3.9644882678985596,4.0017499923706055,4.006999969482422,3.828249931335449,3.9619998931884766,804524000
2018-11-29,3.90126895904541,3.934000015258789,4.037499904632568,3.9035000801086426,4.0,549172000
2018-11-30,4.051756858825684,4.085750102996826,4.096499919891357,3.8929998874664307,3.9437499046325684,729564000
2018-12-03,4.21563196182251,4.250999927520752,4.367000102996826,4.183499813079834,4.315000057220459,890804000
2018-12-04,3.895071506500244,3.9277501106262207,4.210999965667725,3.9124999046325684,4.205999851226807,812112000
2018-12-06,3.9243264198303223,3.9572501182556152,3.962249994277954,3.770250082015991,3.7860000133514404,692308000
2018-12-07,3.6595473289489746,3.6902499198913574,3.971750020980835,3.640500068664551,3.9614999294281006,681676000
2018-12-10,3.7649130821228027,3.7964999675750732,3.821500062942505,3.641249895095825,3.6449999809265137,629472000
2018-12-11,3.6739261150360107,3.7047500610351562,3.897249937057495,3.625,3.8889999389648438,671912000
2018-12-12,3.691528081893921,3.7225000858306885,3.819499969482422,3.620500087738037,3.7105000019073486,654136000
2018-12-13,3.6912810802459717,3.722249984741211,3.8345000743865967,3.686000108718872,3.7697501182556152,471384000
2018-12-14,3.630788803100586,3.661250114440918,3.7647500038146973,3.637500047683716,3.6802499294281006,471820000
2018-12-17,3.5596349239349365,3.5894999504089355,3.703749895095825,3.5309998989105225,3.63100004196167,662868000
2018-12-18,3.642937183380127,3.6735000610351562,3.7582499980926514,3.606250047683716,3.6337499618530273,564372000
2018-12-19,3.4339396953582764,3.46274995803833,3.69350004196167,3.410749912261963,3.6394999027252197,745364000
2018-12-20,3.349400043487549,3.377500057220459,3.5450000762939453,3.3172500133514404,3.4542500972747803,749588000
2018-12-21,3.212299346923828,3.2392499446868896,3.4375,3.2114999294281006,3.404249906539917,863740000
2018-12-24,3.1505677700042725,3.177000045776367,3.249500036239624,3.112499952316284,3.16225004196167,463840000
2018-12-26,3.2998151779174805,3.327500104904175,3.3285000324249268,3.1115000247955322,3.2235000133514404,695100000
2018-12-27,3.251966714859009,3.279249906539917,3.309499979019165,3.129499912261963,3.274749994277954,637044000
2018-12-28,3.313450336456299,3.341249942779541,3.4347500801086426,3.2577500343322754,3.299999952316284,628728000
2018-12-31,3.3097317218780518,3.3375000953674316,3.4177498817443848,3.30649995803833,3.384999990463257,465140000
2019-01-02,3.377166509628296,3.4054999351501465,3.4619998931884766,3.2512500286102295,3.2660000324249268,508752000
2019-01-03,3.173128128051758,3.1997499465942383,3.378999948501587,3.1922500133514404,3.344749927520752,705552000
2019-01-04,3.376422882080078,3.404750108718872,3.4432499408721924,3.242500066757202,3.2734999656677246,585620000
2019-01-07,3.55517315864563,3.5850000381469727,3.6222500801086426,3.410749912261963,3.4625000953674316,709160000
2019-01-08,3.466665267944336,3.4957499504089355,3.6695001125335693,3.422499895095825,3.667249917984009,786016000
2019-01-09,3.5348434448242188,3.564500093460083,3.6122500896453857,3.496500015258789,3.547499895095825,617260000
2019-01-10,3.6005420684814453,3.6307499408721924,3.6394999027252197,3.4839999675750732,3.5450000762939453,523156000
2019-01-11,3.689793586730957,3.720750093460083,3.7437500953674316,3.5802500247955322,3.6082499027252197,874764000
2019-01-14,3.729708433151245,3.760999917984009,3.7864999771118164,3.64424991607666,3.6679999828338623,730168000
2019-01-15,3.7155771255493164,3.7467501163482666,3.833750009536743,3.728250026702881,3.7939999103546143,617012000
2019-01-16,3.6900415420532227,3.7209999561309814,3.807499885559082,3.7155001163482666,3.774250030517578,470104000
2019-01-17,3.7614426612854004,3.7929999828338623,3.833250045776367,3.660249948501587,3.6877501010894775,493436000
2019-01-18,3.8906078338623047,3.9232499599456787,3.94950008392334,3.791249990463257,3.843250036239624,651336000
2019-01-22,3.688305616378784,3.719249963760376,3.9045000076293945,3.6887500286102295,3.8927500247955322,661552000
2019-01-23,3.701198101043701,3.7322499752044678,3.864500045776367,3.7007501125335693,3.7750000953674316,591020000
2019-01-24,3.9131691455841064,3.946000099182129,3.963749885559082,3.8127501010894775,3.817500114440918,708972000
2019-01-25,3.9704387187957764,4.003749847412109,4.021999835968018,3.7825000286102295,3.885999917984009,1154572000
2019-01-28,3.421543836593628,3.4502499103546143,3.5409998893737793,3.2750000953674316,3.413749933242798,2511528000
2019-01-29,3.262627601623535,3.2899999618530273,3.452500104904175,3.27524995803833,3.403749942779541,1153932000
2019-01-30,3.40617299079895,3.4347500801086426,3.4492499828338623,3.2864999771118164,3.3667500019073486,974228000
2019-01-31,3.563849687576294,3.59375,3.6297500133514404,3.4094998836517334,3.43149995803833,842852000
2019-02-01,3.588146209716797,3.6182498931884766,3.6697499752044678,3.564500093460083,3.612499952316284,625048000
2019-02-04,3.6984705924987793,3.7295000553131104,3.7669999599456787,3.611999988555908,3.6342499256134033,528592000
2019-02-05,3.7175605297088623,3.7487499713897705,3.785749912261963,3.7074999809265137,3.741499900817871,542424000
2019-02-06,3.7931759357452393,3.825000047683716,3.890000104904175,3.776750087738037,3.782249927520752,702464000
2019-02-07,3.654836416244507,3.685499906539917,3.7804999351501465,3.6422500610351562,3.778249979019165,637120000
2019-02-08,3.6734304428100586,3.7042500972747803,3.7149999141693115,3.603250026702881,3.6177499294281006,461604000
2019-02-11,3.630788803100586,3.661250114440918,3.7144999504089355,3.612499952316284,3.659749984741211,495180000
2019-02-12,3.7478067874908447,3.779249906539917,3.7950000762939453,3.685499906539917,3.700000047683716,591060000
2019-02-13,3.790201187133789,3.822000026702881,3.895750045776367,3.7952499389648438,3.809000015258789,605372000
2019-02-14,3.8311076164245605,3.8632500171661377,3.8917500972747803,3.7774999141693115,3.821000099182129,827264000
2019-02-15,3.900773763656616,3.933500051498413,4.096749782562256,3.9105000495910645,4.073750019073486,1516748000
2019-02-19,3.8834187984466553,3.9159998893737793,3.9972500801086426,3.9035000801086426,3.9227499961853027,551892000
2019-02-20,3.930771589279175,3.963749885559082,4.031499862670898,3.9342501163482666,3.945499897003174,540988000
2019-02-21,3.861849069595337,3.89424991607666,4.00124979019165,3.879499912261963,3.9765000343322754,448548000
2019-02-22,3.946638345718384,3.979749917984009,3.9987499713897705,3.9327499866485596,3.946500062942505,401740000
2019-02-25,3.9342422485351562,3.967250108718872,4.131999969482422,3.9584999084472656,4.064000129699707,656020000
2019-02-26,3.8948237895965576,3.927500009536743,4.019000053405762,3.893749952316284,3.9625000953674316,488464000
2019-02-27,3.8529253005981445,3.8852500915527344,3.9397499561309814,3.8277499675750732,3.9130001068115234,500256000
2019-02-28,3.828355312347412,3.8564999103546143,3.8975000381469727,3.8340001106262207,3.875,324944000
2019-03-01,3.8827061653137207,3.911250114440918,3.953749895095825,3.8480000495910645,3.906749963760376,357188000
2019-03-04,3.8908960819244385,3.9195001125335693,3.9730000495910645,3.862499952316284,3.950000047683716,409992000
2019-03-05,3.884443759918213,3.9130001068115234,3.9514999389648438,3.8489999771118164,3.903749942779541,362924000
2019-03-06,3.7735087871551514,3.8012499809265137,3.9124999046325684,3.7985000610351562,3.9040000438690186,403524000
2019-03-07,3.704267740249634,3.7314999103546143,3.78725004196167,3.684999942779541,3.7774999141693115,450104000
2019-03-08,3.738515853881836,3.7660000324249268,3.776750087738037,3.619999885559082,3.6414999961853027,422416000
2019-03-11,3.9990997314453125,4.028500080108643,4.051499843597412,3.7422499656677246,3.789750099182129,859728000
2019-03-12,4.033348560333252,4.063000202178955,4.109749794006348,3.979749917984009,4.05649995803833,579576000
2019-03-13,4.1847357749938965,4.2154998779296875,4.244999885559082,4.093249797821045,4.100749969482422,768900000
2019-03-14,4.108792781829834,4.138999938964844,4.23675012588501,4.131249904632568,4.22475004196167,519384000
2019-03-15,4.214268207550049,4.245250225067139,4.288249969482422,4.178999900817871,4.182499885559082,661484000
2019-03-18,4.192926406860352,4.223750114440918,4.331250190734863,4.196499824523926,4.2769999504089355,486992000
2019-03-19,4.360691070556641,4.392749786376953,4.4375,4.302000045776367,4.318999767303467,854972000
2019-03-20,4.328181266784668,4.360000133514404,4.475749969482422,4.324999809265137,4.421999931335449,719148000
2019-03-21,4.564939022064209,4.598499774932861,4.625,4.3782501220703125,4.3832502365112305,824312000
2019-03-22,4.405115604400635,4.4375,4.619999885559082,4.423500061035156,4.571000099182129,747644000
2019-03-25,4.312794208526611,4.3445000648498535,4.461249828338623,4.277750015258789,4.396500110626221,525212000
2019-03-26,4.3894805908203125,4.421750068664551,4.543749809265137,4.364999771118164,4.487249851226807,703508000
2019-03-27,4.3802971839904785,4.412499904632568,4.4942498207092285,4.34250020980835,4.447500228881836,474372000
2019-03-28,4.3989105224609375,4.431250095367432,4.497499942779541,4.377749919891357,4.43874979019165,480264000
2019-03-29,4.456239223480225,4.488999843597412,4.513500213623047,4.447750091552734,4.498499870300293,456896000
2019-04-01,4.523743152618408,4.557000160217285,4.587500095367432,4.509250164031982,4.581500053405762,483824000
2019-04-02,4.5416107177734375,4.574999809265137,4.619750022888184,4.538000106811523,4.581250190734863,440920000
2019-04-03,4.68108606338501,4.7154998779296875,4.775000095367432,4.619999885559082,4.625,783504000
2019-04-04,4.672152042388916,4.706500053405762,4.7492499351501465,4.643249988555908,4.699999809265137,457376000
2019-04-05,4.738910675048828,4.773749828338623,4.791250228881836,4.713250160217285,4.75,481744000
2019-04-08,4.759758472442627,4.794750213623047,4.820000171661377,4.71875,4.743000030517578,424192000
2019-04-09,4.696969509124756,4.731500148773193,4.772250175476074,4.689000129699707,4.761000156402588,439972000
2019-04-10,4.76745080947876,4.802499771118164,4.828499794006348,4.726250171661377,4.73075008392334,444772000
2019-04-11,4.753553867340088,4.78849983215332,4.836750030517578,4.738749980926514,4.804999828338623,374600000
2019-04-12,4.715582370758057,4.750249862670898,4.831500053405762,4.741499900817871,4.827499866485596,471708000
2019-04-15,4.583800792694092,4.617499828338623,4.747499942779541,4.577499866485596,4.742499828338623,440092000
2019-04-16,4.670910835266113,4.705249786376953,4.724249839782715,4.624000072479248,4.6570000648498535,394964000
2019-04-17,4.648078918457031,4.682250022888184,4.761499881744385,4.659749984741211,4.740499973297119,351004000
2019-04-18,4.623510360717773,4.65749979019165,4.723249912261963,4.629499912261963,4.689000129699707,380988000
2019-04-22,4.677364349365234,4.711750030517578,4.727499961853027,4.6020002365112305,4.633749961853027,279936000
2019-04-23,4.73196268081665,4.766749858856201,4.798250198364258,4.715250015258789,4.724999904632568,346856000
2019-04-24,4.74437141418457,4.779250144958496,4.820250034332275,4.716000080108643,4.777249813079834,318204000
2019-04-25,4.638648509979248,4.672749996185303,4.761250019073486,4.59250020980835,4.738749980926514,499296000
2019-04-26,4.419757843017578,4.452250003814697,4.522250175476074,4.332499980926514,4.517749786376953,868988000
2019-04-29,4.450530529022217,4.483250141143799,4.511250019073486,4.387499809265137,4.460249900817871,391920000
2019-04-30,4.491976261138916,4.525000095367432,4.550749778747559,4.43149995803833,4.45074987411499,362920000
2019-05-01,4.478824615478516,4.511750221252441,4.620250225067139,4.511499881744385,4.577750205993652,354280000
2019-05-02,4.546327590942383,4.579750061035156,4.6217498779296875,4.478000164031982,4.521500110626221,394684000
2019-05-03,4.541860103607178,4.575250148773193,4.598249912261963,4.51324987411499,4.588250160217285,336824000
2019-05-06,4.463438034057617,4.496250152587891,4.508500099182129,4.349999904632568,4.387499809265137,422176000
2019-05-07,4.296165943145752,4.327750205993652,4.447500228881836,4.279250144958496,4.447500228881836,555220000
2019-05-08,4.3162689208984375,4.3480000495910645,4.428750038146973,4.288000106811523,4.300000190734863,419168000
2019-05-09,4.223698139190674,4.254749774932861,4.288249969482422,4.135000228881836,4.278500080108643,660248000
2019-05-10,4.189698219299316,4.2204999923706055,4.289750099182129,4.099999904632568,4.223750114440918,569500000
2019-05-13,3.9323410987854004,3.961250066757202,4.110750198364258,3.9452500343322754,4.087500095367432,656912000
2019-05-14,4.0214362144470215,4.051000118255615,4.08650016784668,3.962249994277954,4.00124979019165,524880000
2019-05-15,3.9603846073150635,3.989500045776367,4.026249885559082,3.9352500438690186,3.994999885559082,502320000
2019-05-16,3.9755239486694336,4.004749774932861,4.047749996185303,3.9412500858306885,3.9839999675750732,781088000
2019-05-17,3.8846914768218994,3.913249969482422,4.092750072479248,3.873500108718872,3.9625000953674316,1022068000
2019-05-20,3.766063928604126,3.793750047683716,3.8692500591278076,3.768749952316284,3.8137500286102295,572064000
2019-05-21,3.8482093811035156,3.876499891281128,3.8924999237060547,3.815999984741211,3.8550000190734863,361848000
2019-05-22,3.7772319316864014,3.805000066757202,3.8637499809265137,3.7939999103546143,3.8375000953674316,325868000
2019-05-23,3.6561214923858643,3.683000087738037,3.7422499656677246,3.6227500438690186,3.7422499656677246,591844000
2019-05-24,3.6022677421569824,3.6287500858306885,3.737499952316284,3.621999979019165,3.7019999027252197,357584000
2019-05-28,3.5570995807647705,3.583250045776367,3.679500102996826,3.581249952316284,3.6465001106262207,428356000
2019-05-29,3.482895612716675,3.508500099182129,3.570499897003174,3.4735000133514404,3.535249948501587,559800000
2019-05-30,3.456310749053955,3.477750062942505,3.543750047683716,3.4392499923706055,3.5077500343322754,394300000
2019-05-31,3.365622043609619,3.3864998817443848,3.4962499141693115,3.3847498893737793,3.428499937057495,389720000
2019-06-03,3.323881149291992,3.3445000648498535,3.4367499351501465,3.315000057220459,3.397749900817871,478644000
2019-06-04,3.552960157394409,3.575000047683716,3.5802500247955322,3.3867499828338623,3.4089999198913574,641836000
2019-06-05,3.510225296020508,3.5320000648498535,3.654750108718872,3.495500087738037,3.649250030517578,511616000
2019-06-06,3.572340965270996,3.5945000648498535,3.6192500591278076,3.533750057220459,3.536250114440918,408140000
2019-06-07,3.61507511138916,3.637500047683716,3.671999931335449,3.581249952316284,3.6005001068115234,348856000
2019-06-10,3.6878740787506104,3.710750102996826,3.779750108718872,3.694000005722046,3.694000005722046,402780000
2019-06-11,3.745516300201416,3.768749952316284,3.809000015258789,3.7290000915527344,3.7709999084472656,383872000
2019-06-12,3.63246750831604,3.6549999713897705,3.731250047683716,3.6397500038146973,3.7249999046325684,358892000
2019-06-13,3.683650016784668,3.7065000534057617,3.7249999046325684,3.6594998836517334,3.6772499084472656,308080000
2019-06-14,3.593707323074341,3.615999937057495,3.6372499465942383,3.571000099182129,3.6127500534057617,394428000
2019-06-17,3.603398084640503,3.6257500648498535,3.6630001068115234,3.591249942779541,3.6142499446868896,276040000
2019-06-18,3.7984375953674316,3.822000026702881,3.8777499198913574,3.676500082015991,3.6875,581920000
2019-06-19,3.8044004440307617,3.828000068664551,3.86899995803833,3.8017499446868896,3.8575000762939453,331644000
2019-06-20,3.8287503719329834,3.8524999618530273,3.9332499504089355,3.8380000591278076,3.919250011444092,350168000
2019-06-21,3.770610809326172,3.7939999103546143,3.88700008392334,3.7874999046325684,3.8375000953674316,434428000
2019-06-24,3.79297137260437,3.816499948501587,3.846250057220459,3.7679998874664307,3.815500020980835,282948000
2019-06-25,3.763653516769409,3.7869999408721924,3.8970000743865967,3.784250020980835,3.821500062942505,311868000
2019-06-26,3.956954002380371,3.9814999103546143,4.043000221252441,3.902250051498413,3.915250062942505,584072000
2019-06-27,4.0555925369262695,4.080749988555908,4.099999904632568,4.031499862670898,4.067749977111816,445440000
2019-06-28,4.080438613891602,4.10575008392334,4.134250164031982,4.058750152587891,4.125,397668000
2019-07-01,4.128640651702881,4.154250144958496,4.348750114440918,4.116499900817871,4.3142499923706055,709756000
2019-07-02,4.0307464599609375,4.055749893188477,4.158750057220459,4.042500019073486,4.137499809265137,400228000
2019-07-03,4.043665885925293,4.068749904632568,4.085000038146973,4.008500099182129,4.079249858856201,246636000
2019-07-05,3.9810550212860107,4.0057501792907715,4.014500141143799,3.941999912261963,4.010000228881836,396552000
2019-07-08,3.9060208797454834,3.9302499294281006,3.964750051498413,3.9000000953674316,3.9457499980926514,329788000
2019-07-09,3.9085049629211426,3.9327499866485596,3.9609999656677246,3.875,3.8877499103546143,342860000
2019-07-10,3.9768307209014893,4.001500129699707,4.0592498779296875,3.9625000953674316,3.9765000343322754,452076000
2019-07-11,4.131371974945068,4.1570000648498535,4.197999954223633,4.037499904632568,4.074999809265137,682560000
2019-07-12,4.164416790008545,4.190249919891357,4.261750221252441,4.184999942779541,4.184999942779541,506392000
2019-07-15,4.155970096588135,4.1817498207092285,4.227749824523926,4.153250217437744,4.21150016784668,289840000
2019-07-16,4.15125036239624,4.177000045776367,4.204249858856201,4.120999813079834,4.166749954223633,341444000
2019-07-17,4.216593265533447,4.24275016784668,4.249750137329102,4.149250030517578,4.178750038146973,348204000
2019-07-18,4.228272438049316,4.254499912261963,4.317749977111816,4.196249961853027,4.2532501220703125,442192000
2019-07-19,4.18503999710083,4.210999965667725,4.299499988555908,4.204999923706055,4.293000221252441,344896000
2019-07-22,4.256596088409424,4.2829999923706055,4.296000003814697,4.224999904632568,4.232500076293945,315940000
2019-07-23,4.364427089691162,4.391499996185303,4.393499851226807,4.3067498207092285,4.322500228881836,428176000
2019-07-24,4.43896484375,4.4664998054504395,4.472249984741211,4.358500003814697,4.434999942779541,366236000
2019-07-25,4.307777404785156,4.334499835968018,4.4375,4.310999870300293,4.424749851226807,392700000
2019-07-26,4.349767208099365,4.3767499923706055,4.423749923706055,4.36175012588501,4.36175012588501,274160000
2019-07-29,4.3435564041137695,4.370500087738037,4.386750221252441,4.281750202178955,4.369500160217285,248160000
2019-07-30,4.359208583831787,4.386250019073486,4.398499965667725,4.3092498779296875,4.323750019073486,197772000
2019-07-31,4.191997051239014,4.2179999351501465,4.355500221252441,4.17549991607666,4.354499816894531,359416000
2019-08-01,4.097581386566162,4.123000144958496,4.319499969482422,4.070499897003174,4.228499889373779,421212000
2019-08-02,4.004907608032227,4.029749870300293,4.0995001792907715,3.9820001125335693,4.029749870300293,428348000
2019-08-05,3.746509313583374,3.7697501182556152,3.846250057220459,3.7225000858306885,3.8450000286102295,589156000
2019-08-06,3.7852694988250732,3.8087499141693115,3.890749931335449,3.7607500553131104,3.8450000286102295,361272000
2019-08-07,3.8235318660736084,3.847249984741211,3.859250068664551,3.7300000190734863,3.747499942779541,372560000
2019-08-08,3.9321086406707764,3.9565000534057617,3.957750082015991,3.8475000858306885,3.905250072479248,309300000
2019-08-09,3.830737352371216,3.8545000553131104,3.918750047683716,3.8037500381469727,3.915250062942505,341816000
2019-08-12,3.762908458709717,3.786250114440918,3.8545000553131104,3.7642500400543213,3.802000045776367,279200000
2019-08-13,3.877199411392212,3.901249885559082,3.947499990463257,3.745500087738037,3.784749984741211,351956000
2019-08-14,3.728621006011963,3.7517499923706055,3.8237500190734863,3.707750082015991,3.8125,419880000
2019-08-15,3.6963212490081787,3.719249963760376,3.790750026702881,3.6847500801086426,3.770750045776367,477200000
2019-08-16,3.9644083976745605,3.989000082015991,4.03849983215332,3.921999931335449,3.983750104904175,1007960000
2019-08-19,4.243178844451904,4.269499778747559,4.2855000495910645,4.086750030517578,4.103000164031982,815112000
2019-08-20,4.170876979827881,4.196750164031982,4.264500141143799,4.17549991607666,4.263999938964844,463188000
2019-08-21,4.254360198974609,4.280749797821045,4.336249828338623,4.241499900817871,4.26324987411499,427244000
2019-08-22,4.26057243347168,4.2870001792907715,4.333250045776367,4.247499942779541,4.290500164031982,303488000
2019-08-23,4.035964012145996,4.060999870300293,4.264750003814697,4.040999889373779,4.210000038146973,568056000
2019-08-26,4.110751152038574,4.136250019073486,4.1645002365112305,4.097750186920166,4.140250205993652,318208000
2019-08-27,4.02006196975708,4.045000076293945,4.177499771118164,4.015500068664551,4.174749851226807,290968000
2019-08-28,4.009616374969482,4.0304999351501465,4.083499908447266,3.9749999046325684,4.014500141143799,255612000
2019-08-29,4.153369903564453,4.175000190734863,4.207499980926514,4.11899995803833,4.122499942779541,357976000
2019-08-30,4.166053295135498,4.187749862670898,4.271500110626221,4.16949987411499,4.221499919891357,290616000
2019-09-03,4.082985877990723,4.104249954223633,4.147749900817871,4.081250190734863,4.114500045776367,296140000
2019-09-04,4.197140216827393,4.218999862670898,4.226500034332275,4.165249824523926,4.165249824523926,227728000
2019-09-05,4.470218658447266,4.493500232696533,4.499750137329102,4.320000171661377,4.321750164031982,695676000
2019-09-06,4.44310998916626,4.466249942779541,4.527249813079834,4.427999973297119,4.46999979019165,376976000
2019-09-09,4.489120960235596,4.512499809265137,4.5995001792907715,4.495999813079834,4.497499942779541,417524000
2019-09-10,4.555773735046387,4.579500198364258,4.606249809265137,4.469749927520752,4.479499816894531,352812000
2019-09-11,4.584373950958252,4.608250141143799,4.656750202178955,4.565000057220459,4.594250202178955,361512000
2019-09-12,4.582881927490234,4.606750011444092,4.710000038146973,4.598750114440918,4.65500020980835,327840000
2019-09-13,4.5249342918396,4.548500061035156,4.577000141143799,4.504499912261963,4.539750099182129,324592000
2019-09-16,4.481909275054932,4.505249977111816,4.539999961853027,4.462500095367432,4.4730000495910645,231832000
2019-09-17,4.503296852111816,4.526750087738037,4.531000137329102,4.465250015258789,4.51200008392334,223048000
2019-09-18,4.476187705993652,4.499499797821045,4.5355000495910645,4.412499904632568,4.519750118255615,258152000
2019-09-19,4.400580883026123,4.423500061035156,4.52400016784668,4.412749767303467,4.505499839782715,245476000
2019-09-20,4.294881820678711,4.317249774932861,4.446249961853027,4.307000160217285,4.422500133514404,350244000
2019-09-23,4.348353385925293,4.370999813079834,4.416749954223633,4.31374979019165,4.317500114440918,249712000
2019-09-24,4.290902137756348,4.3132500648498535,4.432250022888184,4.277500152587891,4.402500152587891,317268000
2019-09-25,4.4326653480529785,4.455749988555908,4.475500106811523,4.267749786376953,4.312749862670898,308432000
2019-09-26,4.410528659820557,4.433499813079834,4.454750061035156,4.38224983215332,4.446000099182129,234564000
2019-09-27,4.271753787994385,4.294000148773193,4.442500114440918,4.232999801635742,4.391499996185303,362056000
2019-09-30,4.3292036056518555,4.351749897003174,4.361999988555908,4.28849983215332,4.320000171661377,186184000
2019-10-01,4.327462196350098,4.349999904632568,4.525000095367432,4.345250129699707,4.375,366008000
2019-10-02,4.303586959838867,4.326000213623047,4.340000152587891,4.2532501220703125,4.328000068664551,293372000
2019-10-03,4.509266376495361,4.532750129699707,4.539000034332275,4.300000190734863,4.33050012588501,450588000
2019-10-04,4.525681018829346,4.54925012588501,4.578750133514404,4.4695000648498535,4.534999847412109,265524000
2019-10-07,4.584373950958252,4.608250141143799,4.708499908447266,4.60575008392334,4.614500045776367,480984000
2019-10-08,4.407794952392578,4.430749893188477,4.515999794006348,4.412499904632568,4.515999794006348,444436000
2019-10-09,4.4943437576293945,4.517749786376953,4.567500114440918,4.479000091552734,4.507999897003174,292412000
2019-10-10,4.552042484283447,4.57574987411499,4.626999855041504,4.510250091552734,4.515500068664551,309124000
2019-10-11,4.625659465789795,4.649750232696533,4.733500003814697,4.641250133514404,4.660250186920166,446404000
2019-10-14,4.639090061187744,4.663249969482422,4.6842498779296875,4.609749794006348,4.640999794006348,200040000
2019-10-15,4.883813858032227,4.909249782562256,4.982250213623047,4.739999771118164,4.754000186920166,664124000
2019-10-16,4.8300933837890625,4.855249881744385,4.980500221252441,4.84375,4.875,428944000
2019-10-17,4.832083702087402,4.857250213623047,4.945250034332275,4.802499771118164,4.900000095367432,263436000
2019-10-18,4.737576484680176,4.762249946594238,4.890500068664551,4.6875,4.857749938964844,307440000
2019-10-21,4.874860763549805,4.90024995803833,4.913750171661377,4.804999828338623,4.823999881744385,261868000
2019-10-22,4.864912986755371,4.890250205993652,5.0632500648498535,4.882500171661377,4.957499980926514,328720000
2019-10-23,4.851981163024902,4.8772501945495605,4.891499996185303,4.775750160217285,4.807750225067139,279916000
2019-10-24,4.89600133895874,4.921500205993652,4.955249786376953,4.884500026702881,4.918749809265137,232020000
2019-10-25,5.08700704574585,5.113500118255615,5.134500026702881,4.994750022888184,5.002500057220459,423092000
2019-10-28,5.142965316772461,5.169750213623047,5.222499847412109,5.127999782562256,5.15749979019165,330792000
2019-10-29,5.046716213226318,5.072999954223633,5.16225004196167,5.053500175476074,5.155749797821045,211236000
2019-10-30,5.048706531524658,5.074999809265137,5.10575008392334,5.006499767303467,5.099999904632568,205960000
2019-10-31,4.999462604522705,5.0254998207092285,5.074999809265137,4.945250034332275,5.053999900817871,209732000
2019-11-01,5.038508892059326,5.0647501945495605,5.097249984741211,4.964749813079834,4.989999771118164,283640000
2019-11-04,5.235234260559082,5.262499809265137,5.275000095367432,5.123000144958496,5.146249771118164,376716000
2019-11-05,5.213100433349609,5.240250110626221,5.28849983215332,5.191999912261963,5.262249946594238,300868000
2019-11-06,5.163855075836182,5.1907501220703125,5.2417497634887695,5.102749824523926,5.216000080108643,269012000
2019-11-07,5.181514263153076,5.208499908447266,5.292500019073486,5.16349983215332,5.277750015258789,280340000
2019-11-08,5.167586326599121,5.194499969482422,5.226250171661377,5.153749942779541,5.191500186920166,189100000
2019-11-11,5.177535057067871,5.204500198364258,5.227749824523926,5.10699987411499,5.193749904632568,243436000
2019-11-12,5.213100433349609,5.240250110626221,5.296500205993652,5.207749843597412,5.243000030517578,283504000
2019-11-13,5.187235355377197,5.214250087738037,5.236499786376953,5.147500038146973,5.208749771118164,300188000
2019-11-14,5.2175750732421875,5.244750022888184,5.247000217437744,5.163000106811523,5.223249912261963,518080000
2019-11-15,5.078300476074219,5.104750156402588,5.29449987411499,5.015999794006348,5.242499828338623,1053628000
2019-11-18,5.27950382232666,5.307000160217285,5.333749771118164,5.094250202178955,5.097249984741211,574588000
2019-11-19,5.172810077667236,5.199749946594238,5.299499988555908,5.141250133514404,5.275750160217285,414564000
2019-11-20,5.252145767211914,5.2795000076293945,5.363749980926514,5.164000034332275,5.176750183105469,472588000
2019-11-21,5.22727632522583,5.254499912261963,5.330999851226807,5.232749938964844,5.275000095367432,288388000
2019-11-22,5.244932651519775,5.272250175476074,5.323999881744385,5.248499870300293,5.277249813079834,224100000
2019-11-25,5.501596450805664,5.530250072479248,5.535250186920166,5.388000011444092,5.401000022888184,506476000
2019-11-26,5.3968915939331055,5.425000190734863,5.517250061035156,5.418499946594238,5.512499809265137,385244000
2019-11-27,5.431736946105957,5.455999851226807,5.50124979019165,5.429500102996826,5.466750144958496,215784000
2019-11-29,5.39440393447876,5.418499946594238,5.453499794006348,5.394499778747559,5.425000190734863,141556000
2019-12-02,5.207986354827881,5.231249809265137,5.425000190734863,5.216000080108643,5.411499977111816,372036000
2019-12-03,5.168413162231445,5.191500186920166,5.195499897003174,5.009250164031982,5.046750068664551,465232000
2019-12-04,5.212217330932617,5.235499858856201,5.297999858856201,5.20674991607666,5.2754998207092285,273424000
2019-12-05,5.1952924728393555,5.218500137329102,5.273250102996826,5.187749862670898,5.257500171661377,184884000
2019-12-06,5.280661582946777,5.3042497634887695,5.337250232696533,5.2779998779296875,5.288000106811523,232236000
2019-12-09,5.280661582946777,5.3042497634887695,5.359250068664551,5.272500038146973,5.28125,211880000
2019-12-10,5.325711250305176,5.3495001792907715,5.401500225067139,5.281499862670898,5.334499835968018,256388000
2019-12-11,5.409337997436523,5.433499813079834,5.439000129699707,5.357500076293945,5.360000133514404,233796000
2019-12-12,5.576839447021484,5.601749897003174,5.619999885559082,5.395500183105469,5.4045000076293945,404348000
2019-12-13,5.5748467445373535,5.59975004196167,5.7245001792907715,5.545499801635742,5.604750156402588,454704000
2019-12-16,5.6037187576293945,5.628749847412109,5.701499938964844,5.6192498207092285,5.647500038146973,320976000
2019-12-17,5.681869983673096,5.707250118255615,5.730000019073486,5.638000011444092,5.647500038146973,321196000
2019-12-18,5.7122344970703125,5.737750053405762,5.798500061035156,5.733749866485596,5.742249965667725,343548000
2019-12-19,5.860321998596191,5.886499881744385,5.900000095367432,5.767499923706055,5.772500038146973,445360000
2019-12-20,5.957638263702393,5.984250068664551,6.009749889373779,5.934000015258789,5.953249931335449,603044000
2019-12-23,5.943948745727539,5.9704999923706055,6.045249938964844,5.959750175476074,6.013000011444092,355060000
2019-12-24,5.938970565795898,5.9654998779296875,5.982749938964844,5.920499801635742,5.954999923706055,138864000
2019-12-26,5.953158378601074,5.979750156402588,6.007999897003174,5.949999809265137,5.968999862670898,182852000
2019-12-27,5.895416259765625,5.921750068664551,6.008500099182129,5.895249843597412,5.994999885559082,254644000
2019-12-30,5.782171726226807,5.808000087738037,5.90500020980835,5.776500225067139,5.899750232696533,258056000
2019-12-31,5.856340408325195,5.882500171661377,5.892000198364258,5.7532501220703125,5.772500038146973,231004000
2020-01-02,5.971077919006348,5.9977498054504395,5.9977498054504395,5.918000221252441,5.96875,237536000
2020-01-03,5.875504016876221,5.901750087738037,5.9457502365112305,5.852499961853027,5.877500057220459,205384000
2020-01-06,5.900143623352051,5.926499843597412,5.9317498207092285,5.781750202178955,5.808000087738037,262636000
2020-01-07,5.97157621383667,5.9982500076293945,6.044250011444092,5.909749984741211,5.954999923706055,314856000
2020-01-08,5.982776165008545,6.009500026702881,6.051000118255615,5.953750133514404,5.99399995803833,277108000
2020-01-09,6.04848051071167,6.075500011444092,6.148250102996826,6.021500110626221,6.096250057220459,255112000
2020-01-10,6.080837249755859,6.107999801635742,6.213749885559082,6.09375,6.1832499504089355,316296000
2020-01-13,6.271486759185791,6.299499988555908,6.324749946594238,6.168749809265137,6.191500186920166,319840000
2020-01-14,6.154508590698242,6.182000160217285,6.2820000648498535,6.168749809265137,6.256499767303467,359088000
2020-01-15,6.1119489669799805,6.139249801635742,6.217249870300293,6.113249778747559,6.19474983215332,263104000
2020-01-16,6.19557523727417,6.223249912261963,6.229249954223633,6.16949987411499,6.192999839782715,284192000
2020-01-17,6.204286098480225,6.23199987411499,6.25,6.1842498779296875,6.242499828338623,253792000
2020-01-21,6.170934677124023,6.198500156402588,6.232250213623047,6.164249897003174,6.195250034332275,217916000
2020-01-22,6.224943161010742,6.252749919891357,6.339749813079834,6.224999904632568,6.24399995803833,239240000
2020-01-23,6.2933878898620605,6.321499824523926,6.329999923706055,6.203750133514404,6.293000221252441,244516000
2020-01-24,6.234152793884277,6.26200008392334,6.487500190734863,6.207499980926514,6.4375,373512000
2020-01-27,5.978294849395752,6.005000114440918,6.056250095367432,5.805749893188477,5.955999851226807,470536000
2020-01-28,6.171680927276611,6.199250221252441,6.231750011444092,6.017749786376953,6.071249961853027,310976000
2020-01-29,6.111202716827393,6.138500213623047,6.2210001945495605,6.098499774932861,6.184750080108643,258848000
2020-01-30,6.117920875549316,6.145249843597412,6.158750057220459,5.985000133514404,6.040249824523926,290504000
2020-01-31,5.884463787078857,5.910749912261963,6.111249923706055,5.868750095367432,6.099249839782715,370420000
2020-02-03,5.981530666351318,6.0082502365112305,6.027750015258789,5.886250019073486,5.892499923706055,255564000
2020-02-04,6.15077543258667,6.178249835968018,6.197500228881836,6.100500106811523,6.150750160217285,271544000
2020-02-05,6.2411208152771,6.269000053405762,6.309999942779541,6.1852498054504395,6.299749851226807,208220000
2020-02-06,6.327981472015381,6.356249809265137,6.356249809265137,6.2220001220703125,6.303500175476074,218284000
2020-02-07,6.261779308319092,6.289750099182129,6.338250160217285,6.264249801635742,6.315999984741211,189752000
2020-02-10,6.545013427734375,6.574250221252441,6.574999809265137,6.307499885559082,6.3125,529608000
2020-02-11,6.667466163635254,6.697249889373779,6.8125,6.6207499504089355,6.683000087738037,638556000
2020-02-12,6.783200263977051,6.813499927520752,6.820000171661377,6.711249828338623,6.750249862670898,374644000
2020-02-13,6.739396095275879,6.769499778747559,6.836999893188477,6.727749824523926,6.755249977111816,528016000
2020-02-14,7.212532043457031,7.244750022888184,7.3742499351501465,7.150000095367432,7.18149995803833,1041924000
2020-02-18,7.381278038024902,7.414249897003174,7.432750225067139,7.121500015258789,7.140999794006348,620164000
2020-02-19,7.832513809204102,7.867499828338623,7.885250091552734,7.53725004196167,7.53725004196167,694332000
2020-02-20,7.6831793785095215,7.71750020980835,7.9079999923706055,7.408750057220459,7.819250106811523,810052000
2020-02-21,7.319056034088135,7.351749897003174,7.630000114440918,7.266499996185303,7.604750156402588,768180000
2020-02-24,6.80161714553833,6.831999778747559,7.046750068664551,6.699999809265137,6.754749774932861,856916000
2020-02-25,6.522116661071777,6.551249980926514,6.969749927520752,6.448999881744385,6.90749979019165,1055496000
2020-02-26,6.661491870880127,6.691249847412109,6.886250019073486,6.550000190734863,6.551499843597412,747732000
2020-02-27,6.290677547454834,6.315000057220459,6.675000190734863,6.222249984741211,6.372499942779541,906416000
2020-02-28,6.72574520111084,6.7517499923706055,6.811500072479248,6.044750213623047,6.061500072479248,1133252000
2020-03-02,6.8841328620910645,6.910749912261963,6.9397501945495605,6.525000095367432,6.922500133514404,890744000
2020-03-03,6.621646881103516,6.647250175476074,7.026750087738037,6.561500072479248,6.966750144958496,652792000
2020-03-04,7.085355758666992,7.112750053405762,7.122250080108643,6.679999828338623,6.755000114440918,597408000
2020-03-05,6.805935382843018,6.832250118255615,7.079999923706055,6.787499904632568,6.912499904632568,540328000
2020-03-06,6.625382900238037,6.651000022888184,6.709750175476074,6.449999809265137,6.6519999504089355,515412000
2020-03-09,6.112366199493408,6.136000156402588,6.485000133514404,5.954500198364258,5.997499942779541,614160000
2020-03-10,6.50186014175415,6.5269999504089355,6.5269999504089355,6.149750232696533,6.41349983215332,580648000
2020-03-11,6.1380181312561035,6.161749839782715,6.414999961853027,6.0642499923706055,6.386499881744385,499964000
2020-03-12,5.3869218826293945,5.407750129699707,5.9029998779296875,5.394999980926514,5.636499881744385,816540000
2020-03-13,5.997809410095215,6.020999908447266,6.0254998207092285,5.490250110626221,5.762499809265137,634836000
2020-03-16,4.891088485717773,4.909999847412109,5.652500152587891,4.849999904632568,5.3102498054504395,726972000
2020-03-17,5.410829067230225,5.4317498207092285,5.521500110626221,4.775000095367432,5.022749900817871,833632000
2020-03-18,5.050970077514648,5.070499897003174,5.248499870300293,4.517000198364258,5.002500057220459,874268000
2020-03-19,5.3037428855896,5.324250221252441,5.41825008392334,4.834750175476074,5.048999786376953,765512000
2020-03-20,5.12393856048584,5.143750190734863,5.757999897003174,5.1282501220703125,5.474999904632568,804636000
2020-03-23,5.296770095825195,5.317249774932861,5.4120001792907715,4.9629998207092285,5.142749786376953,643876000
2020-03-24,6.205507278442383,6.229499816894531,6.316500186920166,5.701250076293945,5.724999904632568,1101644000
2020-03-25,6.116848468780518,6.140500068664551,6.545499801635742,6.0914998054504395,6.34499979019165,793432000
2020-03-26,6.406230449676514,6.431000232696533,6.555500030517578,6.25,6.348499774932861,696108000
2020-03-27,6.293915271759033,6.3182501792907715,6.578000068664551,6.2170000076293945,6.25,638828000
2020-03-30,6.6141767501831055,6.639750003814697,6.64900016784668,6.339749813079834,6.383999824523926,602252000
2020-03-31,6.5646185874938965,6.590000152587891,6.885000228881836,6.443749904632568,6.679999828338623,949960000
2020-04-01,6.0533447265625,6.076749801635742,6.538249969482422,6.0320000648498535,6.391250133514404,656912000
2020-04-02,6.3621506690979,6.386750221252441,6.400000095367432,6.057750225067139,6.105999946594238,675764000
2020-04-03,6.074265003204346,6.097750186920166,6.390749931335449,5.959750175476074,6.348999977111816,663212000
2020-04-06,6.68415641784668,6.710000038146973,6.747000217437744,6.323249816894531,6.38100004196167,727884000
2020-04-07,6.450808525085449,6.475749969482422,6.956250190734863,6.432499885559082,6.932499885559082,784520000
2020-04-08,6.648045063018799,6.673749923706055,6.698750019073486,6.514999866485596,6.585249900817871,542444000
2020-04-09,6.548430442810059,6.573750019073486,6.822999954223633,6.510499954223633,6.800000190734863,525564000
2020-04-13,6.720266819000244,6.746250152587891,6.755000114440918,6.425000190734863,6.513750076293945,398408000
2020-04-14,7.071407794952393,7.098750114440918,7.132999897003174,6.847249984741211,6.875,530948000
2020-04-15,6.993957996368408,7.020999908447266,7.104249954223633,6.884500026702881,6.929999828338623,366148000
2020-04-16,7.339123725891113,7.367499828338623,7.474999904632568,7.163750171661377,7.177000045776367,745620000
2020-04-17,7.279853343963623,7.308000087738037,7.471499919891357,7.173500061035156,7.449999809265137,539120000
2020-04-20,7.148609638214111,7.176249980926514,7.337500095367432,7.131750106811523,7.181000232696533,449388000
2020-04-21,6.711799144744873,6.737750053405762,7.1192498207092285,6.677750110626221,7.057750225067139,735160000
2020-04-22,7.126195907592773,7.153749942779541,7.196750164031982,6.885000228881836,6.930749893188477,483356000
2020-04-23,7.072902202606201,7.100249767303467,7.328499794006348,7.074999809265137,7.196000099182129,424160000
2020-04-24,7.211865425109863,7.239749908447266,7.2417497634887695,7.014999866485596,7.090000152587891,352328000
2020-04-27,7.3983941078186035,7.427000045776367,7.587500095367432,7.349999904632568,7.374750137329102,479388000
2020-04-28,7.255944728851318,7.283999919891357,7.605000019073486,7.278500080108643,7.574999809265137,442904000
2020-04-29,7.432762145996094,7.46150016784668,7.514500141143799,7.34375,7.419250011444092,379160000
2020-04-30,7.27885627746582,7.307000160217285,7.46150016784668,7.293000221252441,7.407249927520752,375916000
2020-05-01,7.042271137237549,7.069499969482422,7.222499847412109,7.020999908447266,7.108749866485596,342096000
2020-05-04,7.254201889038086,7.282249927520752,7.296000003814697,7.021999835968018,7.021999835968018,317556000
2020-05-05,7.315215587615967,7.343500137329102,7.506750106811523,7.282249927520752,7.386750221252441,368896000
2020-05-06,7.416075229644775,7.44474983215332,7.550000190734863,7.385250091552734,7.423250198364258,323464000
2020-05-07,7.59239387512207,7.6217498779296875,7.6852498054504395,7.5329999923706055,7.584499835968018,373732000
2020-05-08,7.782409191131592,7.8125,7.818749904632568,7.659749984741211,7.693749904632568,339216000
2020-05-11,8.034436225891113,8.065500259399414,8.112500190734863,7.778749942779541,7.807499885559082,469060000
2020-05-12,7.77244758605957,7.802499771118164,8.172499656677246,7.792749881744385,8.123499870300293,493060000
2020-05-13,7.750034809112549,7.78000020980835,8.078499794006348,7.594749927520752,7.917500019073486,625852000
2020-05-14,7.999570369720459,8.030500411987305,8.03600025177002,7.6875,7.841750144958496,602312000
2020-05-15,8.458046913146973,8.490750312805176,8.500499725341797,7.874000072479248,7.889750003814697,987660000
2020-05-18,8.71654987335205,8.750249862670898,8.916500091552734,8.680500030517578,8.760499954223633,774460000
2020-05-19,8.771583557128906,8.805500030517578,9.087499618530273,8.762749671936035,8.790249824523926,717320000
2020-05-20,8.935453414916992,8.970000267028809,9.043000221252441,8.888750076293945,8.991000175476074,587536000
2020-05-21,8.741451263427734,8.775250434875488,9.052499771118164,8.737500190734863,9.05150032043457,761068000
2020-05-22,8.991483688354492,9.026249885559082,9.093000411987305,8.713250160217285,8.825249671936035,1038764000
2020-05-26,8.684170722961426,8.71774959564209,9.181750297546387,8.67199993133545,9.156749725341797,770780000
2020-05-27,8.492414474487305,8.525250434875488,8.632749557495117,7.9967498779296875,8.625,1175892000
2020-05-28,8.454312324523926,8.487000465393066,8.760499954223633,8.379249572753906,8.412249565124512,734896000
2020-05-29,8.841312408447266,8.875499725341797,8.875499725341797,8.484999656677246,8.554499626159668,745256000
2020-06-01,8.772332191467285,8.806249618530273,8.840749740600586,8.689499855041504,8.833250045776367,389876000
2020-06-02,8.791260719299316,8.825249671936035,8.837249755859375,8.657999992370605,8.796250343322754,391320000
2020-06-03,8.735723495483398,8.769499778747559,8.866250038146973,8.699999809265137,8.822250366210938,365440000
2020-06-04,8.736722946166992,8.766500473022461,8.943249702453613,8.677499771118164,8.727999687194824,424280000
2020-06-05,8.88969612121582,8.920000076293945,8.996999740600586,8.708000183105469,8.794500350952148,481748000
2020-06-08,8.775090217590332,8.805000305175781,8.889749526977539,8.685750007629395,8.877249717712402,387736000
2020-06-09,9.015270233154297,9.045999526977539,9.109749794006348,8.751250267028809,8.800000190734863,468488000
2020-06-10,9.334928512573242,9.36674976348877,9.5,9.153499603271484,9.167750358581543,632180000
2020-06-11,8.766368865966797,8.796250343322754,9.261249542236328,8.78600025177002,9.149999618530273,583652000
2020-06-12,8.902155876159668,8.932499885559082,9.187250137329102,8.70324993133545,9.162500381469727,570908000
2020-06-15,9.14258861541748,9.173749923706055,9.182250022888184,8.743749618530273,8.815250396728516,400004000
2020-06-16,9.037694931030273,9.068499565124512,9.26675033569336,8.838749885559082,9.225000381469727,535716000
2020-06-17,9.20462417602539,9.236000061035156,9.298999786376953,9.070249557495117,9.113750457763672,408304000
2020-06-18,9.186687469482422,9.218000411987305,9.282500267028809,9.114500045776367,9.22700023651123,254408000
2020-06-19,9.229791641235352,9.261249542236328,9.444999694824219,9.227250099182129,9.242500305175781,524160000
2020-06-22,9.494386672973633,9.526749610900879,9.53125,9.273249626159668,9.300000190734863,398468000
2020-06-23,9.417898178100586,9.449999809265137,9.642499923706055,9.407500267028809,9.550999641418457,375108000
2020-06-24,9.204126358032227,9.23550033569336,9.556500434875488,9.144499778747559,9.476249694824219,449372000
2020-06-25,9.457759857177734,9.489999771118164,9.505000114440918,9.182250022888184,9.35575008392334,376072000
2020-06-26,9.123900413513184,9.154999732971191,9.5,9.125,9.5,592084000
2020-06-29,9.168745994567871,9.199999809265137,9.204500198364258,8.899999618530273,9.169750213623047,342248000
2020-06-30,9.465487480163574,9.497750282287598,9.526249885559082,9.266500473022461,9.314000129699707,367892000
2020-07-01,9.497629165649414,9.529999732971191,9.575750350952148,9.413000106811523,9.520750045776367,326648000
2020-07-02,9.579598426818848,9.612250328063965,9.737500190734863,9.57824993133545,9.638999938964844,364056000
2020-07-06,9.805825233459473,9.839249610900879,9.9087495803833,9.712499618530273,9.74174976348877,315892000
2020-07-07,9.838216781616211,9.871749877929688,10.069999694824219,9.850749969482422,9.946249961853027,357800000
2020-07-08,10.18129825592041,10.215999603271484,10.225000381469727,9.965499877929688,9.993749618530273,365480000
2020-07-09,10.473302841186523,10.508999824523926,10.569999694824219,10.233499526977539,10.380249977111816,494548000
2020-07-10,10.443653106689453,10.479249954223633,10.65524959564209,10.37874984741211,10.588749885559082,497676000
2020-07-13,10.018104553222656,10.052249908447266,10.79224967956543,10.024999618530273,10.595000267028809,457076000
2020-07-14,10.341751098632812,10.376999855041504,10.402750015258789,9.785499572753906,10.074999809265137,542676000
2020-07-15,10.192505836486816,10.227250099182129,10.432999610900879,10.055749893188477,10.414250373840332,403984000
2020-07-16,10.100324630737305,10.134750366210938,10.20674991607666,9.895500183105469,10.015000343322754,344964000
2020-07-17,10.16684627532959,10.201499938964844,10.248499870300293,10.087750434875488,10.225500106811523,266284000
2020-07-20,10.47504711151123,10.510749816894531,10.53125,10.156749725341797,10.274250030517578,284852000
2020-07-21,10.293413162231445,10.328499794006348,10.5600004196167,10.286749839782715,10.512999534606934,277036000
2020-07-22,10.403289794921875,10.438750267028809,10.602499961853027,10.291500091552734,10.367500305175781,367292000
2020-07-23,10.095338821411133,10.12975025177002,10.54699993133545,10.03125,10.449999809265137,411660000
2020-07-24,10.159868240356445,10.194499969482422,10.364749908447266,9.777000427246094,9.875,473292000
2020-07-27,10.386099815368652,10.421500205993652,10.441749572753906,10.21774959564209,10.232250213623047,292132000
2020-07-28,10.18079948425293,10.215499877929688,10.381999969482422,10.209250450134277,10.374250411987305,271636000
2020-07-29,10.429945945739746,10.465499877929688,10.516249656677246,10.347000122070312,10.39074993133545,284508000
2020-07-30,10.5779447555542,10.61400032043457,10.623000144958496,10.295249938964844,10.375,308880000
2020-07-31,10.578689575195312,10.614749908447266,10.766500473022461,10.432999610900879,10.563249588012695,386080000
2020-08-03,10.97284984588623,11.010250091552734,11.098750114440918,10.715250015258789,10.732500076293945,412720000
2020-08-04,11.189607620239258,11.227749824523926,11.227749824523926,10.906000137329102,11.050000190734863,310336000
2020-08-05,11.248409271240234,11.286749839782715,11.371749877929688,11.166250228881836,11.244000434875488,249924000
2020-08-06,11.29699420928955,11.33549976348877,11.357999801635742,11.178750038146973,11.349749565124512,244316000
2020-08-07,11.161453247070312,11.19950008392334,11.50475025177002,11.037500381469727,11.3125,342516000
2020-08-10,11.127074241638184,11.164999961853027,11.408249855041504,10.856499671936035,11.334250450134277,427796000
2020-08-11,10.813140869140625,10.850000381469727,11.136750221252441,10.79574966430664,11.073749542236328,354512000
2020-08-12,11.401387214660645,11.440250396728516,11.467000007629395,10.958250045776367,10.990750312805176,464412000
2020-08-13,11.404128074645996,11.442999839782715,11.721750259399414,11.35575008392334,11.545999526977539,374460000
2020-08-14,11.524715423583984,11.564000129699707,11.704750061035156,11.440500259399414,11.529999732971191,366436000
2020-08-17,12.295088768005371,12.336999893188477,12.409749984741211,11.81725025177002,11.851249694824219,621300000
2020-08-18,12.219100952148438,12.260749816894531,12.496000289916992,12.086250305175781,12.449999809265137,503448000
2020-08-19,12.097265243530273,12.138500213623047,12.3149995803833,12.097999572753906,12.296500205993652,622624000
2020-08-20,12.099756240844727,12.140999794006348,12.375,11.87874984741211,11.975000381469727,921388000
2020-08-21,12.640416145324707,12.683500289916992,12.80875015258789,12.195249557495117,12.201749801635742,999868000
2020-08-24,12.67703914642334,12.720250129699707,12.912500381469727,12.507499694824219,12.883749961853027,490564000
2020-08-25,12.706686973571777,12.75,12.761249542236328,12.573749542236328,12.630749702453613,289076000
2020-08-26,12.729610443115234,12.77299976348877,12.868499755859375,12.677749633789062,12.799249649047852,321244000
2020-08-27,12.585352897644043,12.628250122070312,12.850000381469727,12.566499710083008,12.781499862670898,317604000
2020-08-28,13.1030855178833,13.147749900817871,13.14799976348877,12.642499923706055,12.675000190734863,537160000
2020-08-31,13.32906723022461,13.374500274658203,13.574999809265137,13.037750244140625,13.18274974822998,500840000
2020-09-01,13.778173446655273,13.821000099182129,13.993749618530273,13.43649959564209,13.479999542236328,511316000
2020-09-02,14.302042007446289,14.346500396728516,14.726750373840332,13.899999618530273,14.703749656677246,874012000
2020-09-03,12.975168228149414,13.01550006866455,13.884499549865723,12.87874984741211,13.828749656677246,945128000
2020-09-04,12.58338451385498,12.6225004196167,13.175000190734863,11.704750061035156,12.7837495803833,1463684000
2020-09-08,11.876083374023438,11.913000106811523,12.550000190734863,11.70425033569336,11.73449993133545,795728000
2020-09-09,12.675600051879883,12.71500015258789,12.809249877929688,12.231749534606934,12.399999618530273,736200000
2020-09-10,12.273597717285156,12.311750411987305,13.065250396728516,12.166999816894531,12.989250183105469,698684000
2020-09-11,12.12680435180664,12.16450023651123,12.65250015258789,11.895750045776367,12.48550033569336,636928000
2020-09-14,12.83236026763916,12.872249603271484,13.3149995803833,12.631250381469727,13.081000328063965,1201744000
2020-09-15,12.950743675231934,12.991000175476074,13.298749923706055,12.827750205993652,13.279999732971191,727556000
2020-09-16,12.47571849822998,12.51449966430664,13.09274959564209,12.513750076293945,12.957249641418457,556384000
2020-09-17,12.42487907409668,12.463500022888184,12.589750289916992,12.034749984741211,12.13224983215332,792512000
2020-09-18,12.151477813720703,12.189249992370605,12.632499694824219,11.988750457763672,12.59375,698460000
2020-09-21,12.478463172912598,12.517250061035156,12.522500038146973,11.904500007629395,11.925000190734863,721044000
2020-09-22,12.598587989807129,12.637749671936035,12.64799976348877,12.155500411987305,12.574999809265137,646452000
2020-09-23,12.086179733276367,12.123749732971191,12.72700023651123,12.07925033569336,12.575499534606934,647012000
2020-09-24,12.309736251831055,12.347999572753906,12.569499969482422,12.013999938964844,12.072250366210938,731240000
2020-09-25,12.833856582641602,12.873749732971191,12.883500099182129,12.245750427246094,12.447500228881836,588016000
2020-09-28,12.994606018066406,13.03499984741211,13.051750183105469,12.75,13.040249824523926,573808000
2020-09-29,13.184765815734863,13.225749969482422,13.442749977111816,12.933250427246094,12.9375,621460000
2020-09-30,13.48857307434082,13.530500411987305,13.6225004196167,13.150250434875488,13.157500267028809,689184000
2020-10-01,13.572310447692871,13.614500045776367,13.762749671936035,13.460749626159668,13.758000373840332,525004000
2020-10-02,13.021774291992188,13.062250137329102,13.519499778747559,13.050999641418457,13.225000381469727,552496000
2020-10-05,13.600224494934082,13.642499923706055,13.64424991607666,13.222749710083008,13.236000061035156,479820000
2020-10-06,13.69393539428711,13.736499786376953,14.142000198364258,13.664999961853027,13.829999923706055,784420000
2020-10-07,13.92072582244873,13.96399974822998,14.119250297546387,13.863499641418457,13.999750137329102,418084000
2020-10-08,13.795863151550293,13.838749885559082,14.084500312805176,13.758000373840332,14.074999809265137,378900000
2020-10-09,13.720102310180664,13.762749671936035,13.824250221252441,13.660750389099121,13.767000198364258,346892000
2020-10-12,14.181916236877441,14.22599983215332,14.347000122070312,13.912500381469727,13.989500045776367,434744000
2020-10-13,14.204099655151367,14.248250007629395,14.34850025177002,14.018750190734863,14.296500205993652,344604000
2020-10-14,14.051573753356934,14.095250129699707,14.34274959564209,13.960000038146973,14.290499687194824,276100000
2020-10-15,13.926712036132812,13.970000267028809,14.005749702453613,13.767749786376953,13.810750007629395,267224000
2020-10-16,13.768698692321777,13.81149959564209,14.121500015258789,13.792499542236328,14.036749839782715,242392000
2020-10-19,13.455923080444336,13.497750282287598,13.983499526977539,13.406749725341797,13.902999877929688,298068000
2020-10-20,13.603214263916016,13.645500183105469,13.799750328063965,13.506999969482422,13.583499908447266,229212000
2020-10-21,13.48283863067627,13.524749755859375,13.791500091552734,13.477499961853027,13.625,219596000
2020-10-22,13.319596290588379,13.361000061035156,13.611749649047852,13.231749534606934,13.522500038146973,290480000
2020-10-23,13.548136711120605,13.590250015258789,13.593250274658203,13.291250228881836,13.449999809265137,233484000
2020-10-26,13.1005277633667,13.141249656677246,13.692749977111816,13.03849983215332,13.427000045776367,336896000
2020-10-27,13.355236053466797,13.396750450134277,13.442000389099121,13.191499710083008,13.305999755859375,250520000
2020-10-28,12.587870597839355,12.626999855041504,13.260000228881836,12.609000205993652,13.197999954223633,376520000
2020-10-29,12.98363971710205,13.02400016784668,13.192749977111816,12.75,12.838500022888184,320080000
2020-10-30,12.495160102844238,12.534000396728516,12.93649959564209,12.300000190734863,12.850000381469727,416820000
2020-11-02,12.541765213012695,12.580750465393066,12.836750030517578,12.395000457763672,12.657750129699707,299652000
2020-11-03,12.979156494140625,13.019499778747559,13.104999542236328,12.602749824523926,12.708499908447266,272900000
2020-11-04,13.75150203704834,13.794249534606934,13.827500343322754,13.336999893188477,13.389249801635742,410228000
2020-11-05,14.116119384765625,14.15999984741211,14.33899974822998,13.991000175476074,14.162500381469727,319028000
2020-11-06,14.516877174377441,14.562000274658203,14.588749885559082,13.895000457763672,14.109749794006348,383348000
2020-11-09,13.588509559631348,13.630749702453613,14.691499710083008,13.610750198364258,14.552499771118164,582976000
2020-11-10,12.730429649353027,12.770000457763672,13.606499671936035,12.628250122070312,13.606499671936035,644068000
2020-11-11,13.376419067382812,13.418000221252441,13.4350004196167,12.948249816894531,13.053750038146973,404744000
2020-11-12,13.41504955291748,13.45674991607666,13.765999794006348,13.315999984741211,13.479000091552734,365812000
2020-11-13,13.255796432495117,13.29699993133545,13.668749809265137,13.059249877929688,13.627249717712402,346312000
2020-11-16,13.473368644714355,13.515250205993652,13.649499893188477,13.156000137329102,13.172499656677246,413776000
2020-11-17,13.380658149719238,13.422249794006348,13.5962495803833,13.303750038146973,13.552499771118164,312028000
2020-11-18,13.387137413024902,13.428750038146973,13.60575008392334,13.1850004196167,13.465250015258789,510924000
2020-11-19,13.398601531982422,13.440250396728516,13.487500190734863,13.100000381469727,13.212750434875488,565936000
2020-11-20,13.047195434570312,13.087750434875488,13.494500160217285,13.0649995803833,13.454000473022461,341088000
2020-11-23,13.099282264709473,13.140000343322754,13.382499694824219,13.01550006866455,13.171250343322754,361356000
2020-11-24,12.917595863342285,12.95775032043457,13.161999702453613,12.885000228881836,13.142499923706055,346500000
2020-11-25,13.193737983703613,13.234749794006348,13.269499778747559,13.020000457763672,13.032500267028809,259916000
2020-11-27,13.220154762268066,13.261249542236328,13.407500267028809,13.170499801635742,13.375,167276000
2020-11-30,13.359970092773438,13.40149974822998,13.412500381469727,12.972249984741211,13.265000343322754,286952000
2020-12-01,13.348508834838867,13.390000343322754,13.5287504196167,13.228249549865723,13.492250442504883,296948000
2020-12-02,13.502528190612793,13.544500350952148,13.673500061035156,13.23425006866455,13.350500106811523,283360000
2020-12-03,13.358434677124023,13.395999908447266,13.65999984741211,13.329000473022461,13.587499618530273,199520000
2020-12-04,13.52022933959961,13.558250427246094,13.5600004196167,13.388750076293945,13.44849967956543,202244000
2020-12-07,13.56859016418457,13.606749534606934,13.731249809265137,13.5,13.601249694824219,223244000
2020-12-08,13.312561988830566,13.350000381469727,13.598750114440918,13.281499862670898,13.585000038146973,271920000
2020-12-09,12.894487380981445,12.930749893188477,13.413999557495117,12.868249893188477,13.30049991607666,401300000
2020-12-10,12.935872077941895,12.972249984741211,13.068750381469727,12.849499702453613,12.869000434875488,207764000
2020-12-11,12.976757049560547,13.013250350952148,13.020000457763672,12.822999954223633,12.967249870300293,209264000
2020-12-14,13.271428108215332,13.30875015258789,13.388750076293945,13.077500343322754,13.088000297546387,270156000
2020-12-15,13.32303237915039,13.36050033569336,13.46399974822998,13.186750411987305,13.439749717712402,193016000
2020-12-16,13.205362319946289,13.242500305175781,13.437250137329102,13.212499618530273,13.422499656677246,223116000
2020-12-17,13.303838729858398,13.3412504196167,13.379500389099121,13.178500175476074,13.36674976348877,231384000
2020-12-18,13.234782218933105,13.272000312805176,13.404999732971191,13.070500373840332,13.378999710083008,342064000
2020-12-21,13.294862747192383,13.332249641418457,13.369999885559082,12.967499732971191,13.074749946594238,302332000
2020-12-22,13.241013526916504,13.278249740600586,13.337249755859375,13.053999900817871,13.319250106811523,185580000
2020-12-23,12.972766876220703,13.009249687194824,13.274999618530273,13.005000114440918,13.255999565124512,179144000
2020-12-24,12.95731258392334,12.993749618530273,13.132499694824219,12.938750267028809,13.037249565124512,97884000
2020-12-28,12.863824844360352,12.899999618530273,13.0625,12.763250350952148,13.0625,212564000
2020-12-29,12.906950950622559,12.943249702453613,13.072500228881836,12.842249870300293,12.925000190734863,170372000
2020-12-30,13.108884811401367,13.145750045776367,13.213749885559082,12.896750450134277,12.990249633789062,225396000
2020-12-31,13.018389701843262,13.055000305175781,13.151000022888184,12.914999961853027,13.136500358581543,192424000
2021-01-04,13.076725959777832,13.113499641418457,13.65250015258789,12.962499618530273,13.104249954223633,560640000
2021-01-05,13.367158889770508,13.404749870300293,13.443499565124512,13.086999893188477,13.099749565124512,322760000
2021-01-06,12.579126358032227,12.614500045776367,13.244999885559082,12.586000442504883,13.22249984741211,580424000
2021-01-07,13.306578636169434,13.343999862670898,13.377750396728516,12.886500358581543,12.967499732971191,461480000
2021-01-08,13.239519119262695,13.276749610900879,13.420999526977539,13.041999816894531,13.362500190734863,292528000
2021-01-11,13.58330249786377,13.621500015258789,13.961000442504883,13.362500190734863,13.418749809265137,518344000
2021-01-12,13.44693374633789,13.484749794006348,13.754500389099121,13.345000267028809,13.7524995803833,291476000
2021-01-13,13.493802070617676,13.531749725341797,13.625,13.385000228881836,13.489999771118164,210028000
2021-01-14,13.163232803344727,13.200249671936035,13.599749565124512,13.180500030517578,13.574999809265137,283120000
2021-01-15,12.82343578338623,12.85949993133545,13.325249671936035,12.84850025177002,13.227999687194824,277780000
2021-01-19,12.988722801208496,13.025250434875488,13.093999862670898,12.843999862670898,13.016249656677246,226188000
2021-01-20,13.328269004821777,13.365750312805176,13.430500030517578,13.056750297546387,13.111749649047852,258572000
2021-01-21,13.828611373901367,13.867500305175781,13.999250411987305,13.253000259399414,13.418499946594238,337780000
2021-01-22,13.67404556274414,13.712499618530273,13.841750144958496,13.627249717712402,13.739999771118164,246820000
2021-01-25,13.614964485168457,13.653249740600586,13.828499794006348,13.236499786376953,13.781749725341797,251112000
2021-01-26,13.397573471069336,13.435250282287598,13.644749641418457,13.387499809265137,13.580499649047852,163980000
2021-01-27,12.881525039672852,12.917750358581543,13.232749938964844,12.793749809265137,13.229999542236328,371272000
2021-01-28,13.014399528503418,13.050999641418457,13.339750289916992,12.96049976348877,12.99625015258789,228316000
2021-01-29,12.95332145690918,12.989749908447266,13.334750175476074,12.911499977111816,13.074999809265137,271552000
2021-02-01,13.199882507324219,13.237000465393066,13.270750045776367,12.902750015258789,13.053250312805176,217204000
2021-02-02,13.518733978271484,13.556750297546387,13.571999549865723,13.285499572753906,13.398750305175781,220440000
2021-02-03,13.49255657196045,13.530500411987305,13.931750297546387,13.516500473022461,13.63599967956543,245408000
2021-02-04,13.625932693481445,13.664250373840332,13.673500061035156,13.337750434875488,13.531000137329102,201340000
2021-02-05,13.552886962890625,13.590999603271484,13.737250328063965,13.54574966430664,13.725000381469727,169152000
2021-02-08,14.398259162902832,14.438750267028809,14.473750114440918,13.727250099182129,13.727250099182129,434624000
2021-02-09,14.223251342773438,14.263250350952148,14.583250045776367,14.22249984741211,14.340749740600586,287560000
2021-02-10,14.722846031188965,14.764249801635742,14.904999732971191,14.341500282287598,14.463250160217285,485352000
2021-02-11,15.20798110961914,15.250749588012695,15.272250175476074,14.925000190734863,14.980250358581543,450828000
2021-02-12,14.919293403625488,14.961250305175781,15.291250228881836,14.774999618530273,15.050000190734863,374756000
2021-02-16,15.287260055541992,15.330249786376953,15.3725004196167,14.949999809265137,15.064249992370605,321960000
2021-02-17,14.864198684692383,14.906000137329102,15.22350025177002,14.779999732971191,15.170999526977539,274756000
2021-02-18,14.787416458129883,14.829000473022461,14.873250007629395,14.574999809265137,14.729000091552734,233868000
2021-02-19,14.884641647338867,14.92650032043457,15.177000045776367,14.846750259399414,15.024499893188477,271724000
2021-02-22,14.31549072265625,14.35575008392334,15.13325023651123,14.324999809265137,14.774749755859375,325884000
2021-02-23,14.10234260559082,14.142000198364258,14.238750457763672,13.38949966430664,14.075249671936035,391780000
2021-02-24,14.45833969116211,14.49899959564209,14.506750106811523,13.755999565124512,14.122750282287598,448320000
2021-02-25,13.270184516906738,13.307499885559082,14.374750137329102,13.2162504196167,14.045499801635742,824436000
2021-02-26,13.676043510437012,13.714500427246094,13.854499816894531,13.361000061035156,13.7524995803833,500932000
2021-03-01,13.802934646606445,13.841750144958496,13.925000190734863,13.553250312805176,13.875,353184000
2021-03-02,13.36865520477295,13.40625,13.920499801635742,13.395999908447266,13.899999618530273,264116000
2021-03-03,12.768841743469238,12.804750442504883,13.451499938964844,12.798749923706055,13.426250457763672,377592000
2021-03-04,12.335559844970703,12.37024974822998,12.975000381469727,12.083749771118164,12.800749778747559,573344000
2021-03-05,12.426555633544922,12.46150016784668,12.550000190734863,11.67924976348877,12.550000190734863,542840000
2021-03-08,11.560737609863281,11.593250274658203,12.4712495803833,11.566499710083008,12.449999809265137,543112000
2021-03-09,12.489448547363281,12.52025032043457,12.61674976348877,12.059249877929688,12.130249977111816,521824000
2021-03-10,12.437578201293945,12.468250274658203,12.979999542236328,12.457500457763672,12.840499877929688,384376000
2021-03-11,12.961535453796387,12.993499755859375,13.046250343322754,12.73449993133545,12.949999809265137,299916000
2021-03-12,12.82437515258789,12.855999946594238,12.888750076293945,12.59000015258789,12.648249626159668,243964000
2021-03-15,13.158798217773438,13.19124984741211,13.20674991607666,12.767250061035156,12.864749908447266,221988000
2021-03-16,13.258553504943848,13.291250228881836,13.512499809265137,13.11674976348877,13.356499671936035,272128000
2021-03-17,13.308430671691895,13.3412504196167,13.45324993133545,12.989500045776367,13.039750099182129,243864000
2021-03-18,12.691201210021973,12.72249984741211,13.184000015258789,12.717000007629395,13.136500358581543,293896000
2021-03-19,12.814146041870117,12.845749855041504,12.921500205993652,12.612500190734863,12.75,299208000
2021-03-22,13.153809547424316,13.186249732971191,13.394499778747559,12.906749725341797,12.912750244140625,297804000
2021-03-23,13.038594245910645,13.07075023651123,13.344499588012695,13.021249771118164,13.254249572753906,222048000
2021-03-24,12.611895561218262,12.642999649047852,13.159250259399414,12.636750221252441,13.151249885559082,245840000
2021-03-25,12.504411697387695,12.535249710083008,12.714750289916992,12.272000312805176,12.499500274658203,295144000
2021-03-26,12.80766487121582,12.839249610900879,12.856249809265137,12.373499870300293,12.554499626159668,363968000
2021-03-29,12.916396141052246,12.948249816894531,13.0625,12.699999809265137,12.820249557495117,273520000
2021-03-30,12.840083122253418,12.871749877929688,12.975250244140625,12.704999923706055,12.842000007629395,200204000
2021-03-31,13.315412521362305,13.348250389099121,13.470499992370605,12.982500076293945,13.01550006866455,314776000
2021-04-01,13.777771949768066,13.811750411987305,13.869999885559082,13.511249542236328,13.572250366210938,308276000
2021-04-05,13.953088760375977,13.987500190734863,14.013999938964844,13.732999801635742,13.867500305175781,255672000
2021-04-06,13.827398300170898,13.861499786376953,14.05424976348877,13.773500442504883,13.999750137329102,191744000
2021-04-07,14.1087064743042,14.143500328063965,14.243499755859375,13.71150016784668,13.880749702453613,251284000
2021-04-08,14.281780242919922,14.317000389099121,14.471500396728516,14.24899959564209,14.252750396728516,244416000
2021-04-09,14.364574432373047,14.399999618530273,14.407999992370605,14.175000190734863,14.21399974822998,195172000
2021-04-12,15.171586036682129,15.208999633789062,15.352499961853027,14.139249801635742,14.289750099182129,869324000
2021-04-13,15.640926361083984,15.679499626159668,15.699999809265137,15.125749588012695,15.231499671936035,676212000
2021-04-14,15.239418029785156,15.277000427246094,15.720499992370605,15.227499961853027,15.625,385500000
2021-04-15,16.097551345825195,16.137250900268555,16.214250564575195,15.631500244140625,15.662500381469727,598480000
2021-04-16,15.873353958129883,15.912500381469727,16.16575050354004,15.865249633789062,16.05299949645996,335208000
2021-04-19,15.323956489562988,15.361749649047852,15.807499885559082,15.232999801635742,15.536499977111816,404420000
2021-04-20,15.133928298950195,15.171250343322754,15.496999740600586,14.963000297546387,15.323249816894531,334132000
2021-04-21,15.322710990905762,15.36050033569336,15.362500190734863,15.102250099182129,15.118749618530273,216776000
2021-04-22,14.813720703125,14.850250244140625,15.43850040435791,14.783499717712402,15.375,277788000
2021-04-23,15.22769546508789,15.265250205993652,15.335000038146973,14.900250434875488,14.934249877929688,227500000
2021-04-26,15.439923286437988,15.477999687194824,15.479000091552734,15.125,15.1850004196167,197796000
2021-04-27,15.34390926361084,15.381750106811523,15.670499801635742,15.354499816894531,15.578499794006348,164572000
2021-04-28,15.239167213439941,15.276749610900879,15.53225040435791,15.215499877929688,15.364500045776367,209416000
2021-04-29,15.2870512008667,15.324749946594238,15.43649959564209,15.071499824523926,15.399999618530273,173196000
2021-04-30,14.972572326660156,15.009499549865723,15.364999771118164,14.996999740600586,15.174500465393066,201912000
2021-05-03,14.800250053405762,14.836750030517578,15.246749877929688,14.787500381469727,15.125,203912000
2021-05-04,14.315945625305176,14.351249694824219,14.637499809265137,14.010250091552734,14.637249946594238,405324000
2021-05-05,14.422928810119629,14.458499908447266,14.81350040435791,14.387499809265137,14.708999633789062,292024000
2021-05-06,14.487272262573242,14.52299976348877,14.571249961853027,14.218000411987305,14.49524974822998,193380000
2021-05-07,14.775811195373535,14.812250137329102,14.970749855041504,14.67175006866455,14.808250427246094,229328000
2021-05-10,14.2306547164917,14.26574993133545,14.805999755859375,14.25,14.787249565124512,268904000
2021-05-11,14.271053314208984,14.306249618530273,14.35474967956543,13.75,13.824999809265137,285584000
2021-05-12,13.724653244018555,13.758500099182129,14.260250091552734,13.709250450134277,14.009499549865723,303408000
2021-05-13,13.631633758544922,13.665249824523926,14.080750465393066,13.458999633789062,14.0337495803833,285404000
2021-05-14,14.207962036132812,14.243000030517578,14.32800006866455,13.748499870300293,13.890000343322754,258616000
2021-05-17,14.130651473999023,14.165499687194824,14.169249534606934,13.853500366210938,14.156999588012695,216980000
2021-05-18,13.981269836425781,14.01574993133545,14.404250144958496,14.003999710083008,14.267000198364258,186256000
2021-05-19,14.031146049499512,14.065750122070312,14.079500198364258,13.54325008392334,13.566499710083008,344000000
2021-05-20,14.576549530029297,14.612500190734863,14.68375015258789,14.270500183105469,14.302499771118164,321592000
2021-05-21,14.954867362976074,14.99174976348877,15.222000122070312,14.869500160217285,15.163749694824219,672992000
2021-05-24,15.573592185974121,15.612000465393066,15.744999885559082,15.175999641418457,15.212499618530273,554816000
2021-05-25,15.6092529296875,15.647749900817871,15.818499565124512,15.482500076293945,15.765999794006348,435408000
2021-05-26,15.661378860473633,15.699999809265137,15.793749809265137,15.586250305175781,15.73425006866455,370440000
2021-05-27,15.449896812438965,15.48799991607666,15.75,15.460000038146973,15.699749946594238,581476000
2021-05-28,16.204538345336914,16.24449920654297,16.27750015258789,15.50100040435791,15.50100040435791,644536000
2021-06-01,16.224485397338867,16.26449966430664,16.38825035095215,15.903249740600586,16.270000457763672,472804000
2021-06-02,16.736970901489258,16.778249740600586,16.918750762939453,16.23550033569336,16.25225067138672,594168000
2021-06-03,16.92800521850586,16.969749450683594,17.259000778198242,16.58300018310547,16.70075035095215,580008000
2021-06-04,17.53500747680664,17.578250885009766,17.660999298095703,17.095500946044922,17.112499237060547,617120000
2021-06-07,17.57565689086914,17.618999481201172,17.8125,17.192750930786133,17.571250915527344,575756000
2021-06-08,17.414052963256836,17.457000732421875,17.62150001525879,17.250999450683594,17.527250289916992,323848000
2021-06-09,17.319515228271484,17.35824966430664,17.575000762939453,17.25575065612793,17.515750885009766,381656000
2021-06-10,17.3861141204834,17.424999237060547,17.492000579833984,17.176000595092773,17.350000381469727,287772000
2021-06-11,17.78547477722168,17.82525062561035,17.939250946044922,17.443750381469727,17.47949981689453,416308000
2021-06-14,17.97854232788086,18.018749237060547,18.039499282836914,17.662750244140625,17.9060001373291,321376000
2021-06-15,17.748802185058594,17.78849983215332,18.016250610351562,17.72800064086914,17.915000915527344,243032000
2021-06-16,17.770505905151367,17.81024932861328,17.954750061035156,17.58449935913086,17.79075050354004,307124000
2021-06-17,18.61561393737793,18.657249450683594,18.834999084472656,17.756250381469727,17.774499893188477,809656000
2021-06-18,18.59716033935547,18.638750076293945,19.375,18.583999633789062,18.784000396728516,968856000
2021-06-21,18.386131286621094,18.427249908447266,18.536500930786133,17.822750091552734,18.43524932861328,672384000
2021-06-22,18.8446044921875,18.886749267578125,18.9637508392334,18.38599967956543,18.471500396728516,580144000
2021-06-23,19.014726638793945,19.057249069213867,19.15275001525879,18.90774917602539,19.007749557495117,332356000
2021-06-24,19.162641525268555,19.20549964904785,19.420000076293945,19.08824920654297,19.227750778198242,320924000
2021-06-25,18.9885311126709,19.0310001373291,19.345500946044922,18.894500732421875,19.280500411987305,278364000
2021-06-28,19.940404891967773,19.985000610351562,20.078750610351562,19.319000244140625,19.361249923706055,495436000
2021-06-29,19.9820613861084,20.026750564575195,20.0987491607666,19.656999588012695,19.88249969482422,367632000
2021-06-30,19.957862854003906,20.002500534057617,20.162500381469727,19.863750457763672,19.999250411987305,326568000
2021-07-01,20.166900634765625,20.211999893188477,20.45599937438965,20.018999099731445,20.125,480136000
2021-07-02,20.441280364990234,20.48699951171875,20.505250930786133,20.287750244140625,20.440250396728516,342764000
2021-07-06,20.652311325073242,20.69849967956543,20.841999053955078,20.350250244140625,20.737499237060547,446708000
2021-07-07,20.3262882232666,20.371749877929688,20.875,20.332000732421875,20.853500366210938,418428000
2021-07-08,19.858335494995117,19.90275001525879,20.132999420166016,19.70075035095215,19.85650062561035,503300000
2021-07-09,20.00550651550293,20.050249099731445,20.080249786376953,19.754249572753906,19.962499618530273,296624000
2021-07-12,20.46672821044922,20.512500762939453,20.53274917602539,20.1877498626709,20.239999771118164,321984000
2021-07-13,20.204811096191406,20.25,20.46125030517578,20.11400032043457,20.40049934387207,290708000
2021-07-14,19.797224044799805,19.84149932861328,20.417749404907227,19.752750396728516,20.357749938964844,380100000
2021-07-15,18.923933029174805,18.966249465942383,19.847000122070312,18.85849952697754,19.811750411987305,550564000
2021-07-16,18.12047004699707,18.160999298095703,19.156999588012695,18.072999954223633,19.030500411987305,688224000
2021-07-19,18.73784637451172,18.77975082397461,19.04199981689453,17.86549949645996,17.915250778198242,749060000
2021-07-20,18.570466995239258,18.61199951171875,18.83799934387207,18.163999557495117,18.729999542236328,434687000
2021-07-21,19.3666934967041,19.40999984741211,19.527000427246094,18.742000579833984,18.881999969482422,371017000
2021-07-22,19.550275802612305,19.5939998626709,19.886999130249023,19.275999069213867,19.642000198364258,323826000
2021-07-23,19.514354705810547,19.558000564575195,19.700000762939453,19.25,19.6560001373291,195672000
2021-07-26,19.250951766967773,19.29400062561035,19.441999435424805,18.913999557495117,19.31100082397461,203943000
2021-07-27,19.165136337280273,19.20800018310547,19.621999740600586,18.740999221801758,19.264999389648438,248863000
2021-07-28,19.4594783782959,19.503000259399414,19.645999908447266,18.9950008392334,19.319000244140625,202191000
2021-07-29,19.618125915527344,19.66200065612793,19.85300064086914,19.327999114990234,19.518999099731445,190781000
2021-07-30,19.45549201965332,19.499000549316406,19.6299991607666,19.26300048828125,19.417999267578125,183497000
2021-08-02,19.70592498779297,19.75,19.961000442504883,19.361000061035156,19.700000762939453,217444000
2021-08-03,19.770782470703125,19.815000534057617,20.222000122070312,19.219999313354492,19.739999771118164,301811000
2021-08-04,20.2287540435791,20.27400016784668,20.31800079345703,19.827999114990234,19.989999771118164,231309000
2021-08-05,20.5909481048584,20.636999130249023,20.732999801635742,20.341999053955078,20.5,211435000
2021-08-06,20.320552825927734,20.365999221801758,20.56999969482422,20.209999084472656,20.52400016784668,178497000
2021-08-09,20.249713897705078,20.295000076293945,20.507999420166016,20.14299964904785,20.445999145507812,146443000
2021-08-10,19.89151382446289,19.93600082397461,20.43000030517578,19.834999084472656,20.32200050354004,179238000
2021-08-11,19.65504264831543,19.698999404907227,20.048999786376953,19.43000030517578,20.042999267578125,185925000
2021-08-12,19.86058235168457,19.905000686645508,20.02899932861328,19.6200008392334,19.8700008392334,151652000
2021-08-13,20.14295196533203,20.187999725341797,20.214000701904297,19.85099983215332,19.905000686645508,183063000
2021-08-16,19.905479431152344,19.950000762939453,20.28700065612793,19.452999114990234,20.135000228881836,210876000
2021-08-17,19.41457748413086,19.45800018310547,19.770000457763672,19.267000198364258,19.684999465942383,204585000
2021-08-18,18.997514724731445,19.040000915527344,19.634000778198242,19.0,19.5,285913000
2021-08-19,19.75382423400879,19.79800033569336,20.4950008392334,18.761999130249023,19.493999481201172,766555000
2021-08-20,20.769546508789062,20.81599998474121,20.864999771118164,19.933000564575195,19.990999221801758,675741000
2021-08-23,21.90900230407715,21.95800018310547,21.996999740600586,20.950000762939453,20.97100067138672,575807000
2021-08-24,21.744365692138672,21.792999267578125,21.958999633789062,21.53499984741211,21.753000259399414,297299000
2021-08-25,22.163434982299805,22.21299934387207,22.469999313354492,21.722000122070312,21.73699951171875,347701000
2021-08-26,22.018756866455078,22.06800079345703,22.34000015258789,21.790000915527344,22.200000762939453,237940000
2021-08-27,22.585485458374023,22.63599967956543,22.722000122070312,22.16699981689453,22.18400001525879,304722000
2021-08-30,22.637372970581055,22.687999725341797,23.042999267578125,22.551000595092773,22.829999923706055,262580000
2021-08-31,22.338993072509766,22.385000228881836,22.69499969482422,22.1200008392334,22.69499969482422,259850000
2021-09-01,22.39487075805664,22.44099998474121,22.69700050354004,22.35700035095215,22.485000610351562,201767000
2021-09-02,22.34996223449707,22.395999908447266,22.593000411987305,22.295000076293945,22.51799964904785,187834000
2021-09-03,22.796043395996094,22.843000411987305,22.986000061035156,22.200000762939453,22.325000762939453,280532000
2021-09-07,22.615421295166016,22.66200065612793,22.89900016784668,22.52199935913086,22.83300018310547,198107000
2021-09-08,22.2930850982666,22.339000701904297,22.610000610351562,21.976999282836914,22.51300048828125,254434000
2021-09-09,22.131418228149414,22.177000045776367,22.538000106811523,22.131000518798828,22.312000274658203,196856000
2021-09-10,22.431791305541992,22.47800064086914,22.625999450683594,22.270000457763672,22.347999572753906,248376000
2021-09-13,22.106464385986328,22.152000427246094,22.964000701904297,21.857999801635742,22.68400001525879,297500000
2021-09-14,22.196279525756836,22.242000579833984,22.40999984741211,22.086000442504883,22.274999618530273,199755000
2021-09-15,22.295080184936523,22.340999603271484,22.367000579833984,21.965999603271484,22.30900001525879,166538000
2021-09-16,22.196279525756836,22.242000579833984,22.277000427246094,21.927000045776367,22.183000564575195,156033000
2021-09-17,21.854982376098633,21.899999618530273,22.320999145507812,21.829999923706055,22.299999237060547,294503000
2021-09-20,21.069599151611328,21.113000869750977,21.433000564575195,20.66200065612793,21.145999908447266,349440000
2021-09-21,21.20233154296875,21.246000289916992,21.424999237060547,20.950000762939453,21.41699981689453,204688000
2021-09-22,21.89590072631836,21.94099998474121,21.959999084472656,21.195999145507812,21.365999221801758,268726000
2021-09-23,22.435787200927734,22.48200035095215,22.53499984741211,21.889999389648438,22.139999389648438,248555000
2021-09-24,22.035612106323242,22.08099937438965,22.14900016784668,21.861000061035156,22.06999969482422,217655000
2021-09-27,21.615476608276367,21.65999984741211,21.798999786376953,21.325000762939453,21.709999084472656,245215000
2021-09-28,20.656452178955078,20.698999404907227,21.41900062561035,20.650999069213867,21.214000701904297,343069000
2021-09-29,20.47482681274414,20.517000198364258,21.017000198364258,20.466999053955078,20.940000534057617,218394000
2021-09-30,20.67341423034668,20.715999603271484,21.06599998474121,20.687999725341797,20.76799964904785,221009000
2021-10-01,20.699357986450195,20.742000579833984,20.858999252319336,20.202999114990234,20.75,240978000
2021-10-04,19.691442489624023,19.73200035095215,20.54199981689453,19.55500030517578,20.503999710083008,345635000
2021-10-05,20.40896224975586,20.451000213623047,20.648000717163086,19.854000091552734,19.950000762939453,279282000
2021-10-06,20.657451629638672,20.700000762939453,20.719999313354492,20.079999923706055,20.1200008392334,297202000
2021-10-07,21.031679153442383,21.075000762939453,21.32200050354004,20.972000122070312,21.091999053955078,256919000
2021-10-08,20.788179397583008,20.83099937438965,21.20599937438965,20.774999618530273,21.10099983215332,151258000
2021-10-11,20.6524600982666,20.69499969482422,21.062999725341797,20.51099967956543,20.575000762939453,163388000
2021-10-12,20.628509521484375,20.67099952697754,21.05699920654297,20.527999877929688,20.827999114990234,162134000
2021-10-13,20.895959854125977,20.93899917602539,20.989999771118164,20.71299934387207,20.917999267578125,180652000
2021-10-14,21.701297760009766,21.746000289916992,21.7549991607666,21.121999740600586,21.288000106811523,243589000
2021-10-15,21.817062377929688,21.86199951171875,21.930999755859375,21.66200065612793,21.809999465942383,226994000
2021-10-18,22.17632484436035,22.222000122070312,22.291000366210938,21.643999099731445,21.749000549316406,189494000
2021-10-19,22.24418067932129,22.290000915527344,22.378999710083008,22.03700065612793,22.275999069213867,161473000
2021-10-20,22.057567596435547,22.10300064086914,22.433000564575195,21.98200035095215,22.30500030517578,146276000
2021-10-21,22.645357131958008,22.691999435424805,22.711000442504883,22.08300018310547,22.097000122070312,187590000
2021-10-22,22.679285049438477,22.72599983215332,23.1299991607666,22.56100082397461,22.822999954223633,249384000
2021-10-25,23.118379592895508,23.166000366210938,23.354999542236328,22.770000457763672,22.972999572753906,230235000
2021-10-26,24.66619110107422,24.716999053955078,25.259000778198242,23.923999786376953,23.98900032043457,485898000
2021-10-27,24.400741577148438,24.451000213623047,25.09000015258789,24.281999588012695,24.474000930786133,245990000
2021-10-28,24.889734268188477,24.94099998474121,24.950000762939453,24.523000717163086,24.878000259399414,234204000
2021-10-29,25.51444435119629,25.566999435424805,25.708999633789062,25.0,25.000999450683594,292503000
2021-11-01,25.773910522460938,25.82699966430664,25.893999099731445,25.226999282836914,25.64900016784668,265740000
2021-11-02,26.346729278564453,26.400999069213867,26.67799949645996,25.799999237060547,25.82200050354004,294112000
2021-11-03,26.543325424194336,26.597999572753906,26.784000396728516,26.235000610351562,26.670000076293945,239910000
2021-11-04,29.739744186401367,29.801000595092773,31.364999771118164,27.118000030517578,27.229000091552734,1153631000
2021-11-05,29.690841674804688,29.75200080871582,31.399999618530273,29.40999984741211,30.187000274658203,851260000
2021-11-08,30.740680694580078,30.804000854492188,31.100000381469727,29.906999588012695,30.14900016784668,503101000
2021-11-09,30.593984603881836,30.656999588012695,32.310001373291016,29.964000701904297,32.28200149536133,646746000
2021-11-10,29.39844512939453,29.458999633789062,30.850000381469727,28.777999877929688,29.356000900268555,636206000
2021-11-11,30.327529907226562,30.389999389648438,30.59000015258789,29.777000427246094,30.468000411987305,332172000
2021-11-12,30.327529907226562,30.389999389648438,30.68000030517578,29.6299991607666,30.010000228881836,413054000
2021-11-15,29.963287353515625,30.024999618530273,30.643999099731445,29.246999740600586,30.552000045776367,384909000
2021-11-16,30.140913009643555,30.202999114990234,30.389999389648438,29.70599937438965,29.759000778198242,264484000
2021-11-17,29.200851440429688,29.26099967956543,30.509000778198242,28.799999237060547,30.417999267578125,428508000
2021-11-18,31.60988998413086,31.674999237060547,32.7599983215332,31.320999145507812,32.367000579833984,781711000
2021-11-19,32.917198181152344,32.98500061035156,33.0880012512207,31.905000686645508,32.24300003051758,533867000
2021-11-22,31.89031219482422,31.95599937438965,34.64699935913086,31.899999618530273,33.516998291015625,754335000
2021-11-23,31.680742263793945,31.746000289916992,32.36000061035156,30.8799991607666,31.53499984741211,532163000
2021-11-24,32.60683822631836,32.67399978637695,32.85499954223633,30.92799949645996,31.461000442504883,435162000
2021-11-26,31.438243865966797,31.503000259399414,32.709999084472656,31.350000381469727,32.599998474121094,283069000
2021-11-29,33.307395935058594,33.375999450683594,33.4119987487793,32.0359992980957,32.36600112915039,454964000
2021-11-30,32.60883331298828,32.67599868774414,33.35300064086914,31.86400032043457,33.16899871826172,622066000
2021-12-01,31.374225616455078,31.434999465942383,33.28900146484375,31.3799991607666,33.21900177001953,484368000
2021-12-02,32.06389236450195,32.125999450683594,32.47800064086914,31.024999618530273,31.214000701904297,472890000
2021-12-03,30.63365936279297,30.69300079345703,32.12900161743164,30.1299991607666,32.0,544325000
2021-12-06,29.97892189025879,30.03700065612793,30.240999221801758,28.038000106811523,29.8799991607666,658938000
2021-12-07,32.36429977416992,32.426998138427734,32.44900131225586,30.650999069213867,30.957000732421875,593053000
2021-12-08,31.764467239379883,31.826000213623047,32.290000915527344,31.42099952697754,31.999000549316406,475551000
2021-12-09,30.431053161621094,30.489999771118164,32.20500183105469,30.42799949645996,31.733999252319336,488507000
2021-12-10,30.139612197875977,30.197999954223633,31.30500030517578,29.861000061035156,31.149999618530273,488825000
2021-12-13,28.10655403137207,28.160999298095703,30.29400062561035,28.115999221801758,30.249000549316406,598344000
2021-12-14,28.28221321105957,28.336999893188477,28.67799949645996,27.25,27.698999404907227,667035000
2021-12-15,30.400115966796875,30.458999633789062,30.5,27.83799934387207,28.399999618530273,698297000
2021-12-16,28.332117080688477,28.386999130249023,31.15999984741211,28.093000411987305,31.152000427246094,707366000
2021-12-17,27.747249603271484,27.801000595092773,28.922000885009766,27.760000228881836,27.985000610351562,713758000
2021-12-20,27.665409088134766,27.7189998626709,28.143999099731445,27.145000457763672,27.30500030517578,461847000
2021-12-21,29.018787384033203,29.075000762939453,29.1200008392334,27.400999069213867,28.374000549316406,524385000
2021-12-22,29.34316062927246,29.399999618530273,29.55500030517578,28.448999404907227,28.891000747680664,395184000
2021-12-23,29.58269691467285,29.639999389648438,30.05900001525879,29.430999755859375,29.7549991607666,343022000
2021-12-27,30.885173797607422,30.94499969482422,31.086999893188477,29.639999389648438,29.65999984741211,403686000
2021-12-28,30.263378143310547,30.32200050354004,31.329999923706055,30.011999130249023,31.312000274658203,420591000
2021-12-29,29.942995071411133,30.000999450683594,30.54800033569336,29.365999221801758,30.273000717163086,343139000
2021-12-30,29.5288028717041,29.586000442504883,30.457000732421875,29.540000915527344,29.82699966430664,308864000
2021-12-31,29.354137420654297,29.410999298095703,30.030000686645508,29.33099937438965,29.673999786376953,266530000
2022-01-03,30.062767028808594,30.121000289916992,30.711000442504883,29.78499984741211,29.815000534057617,391547000
2022-01-04,29.233375549316406,29.290000915527344,30.468000411987305,28.349000930786133,30.277000427246094,527154000
2022-01-05,27.550634384155273,27.604000091552734,29.416000366210938,27.533000946044922,28.948999404907227,498064000
2022-01-06,28.123523712158203,28.17799949645996,28.437999725341797,27.065000534057617,27.639999389648438,454186000
2022-01-07,27.194324493408203,27.246999740600586,28.422000885009766,27.05699920654297,28.141000747680664,409939000
2022-01-10,27.34702491760254,27.399999618530273,27.4689998626709,25.643999099731445,26.58099937438965,594681000
2022-01-11,27.763221740722656,27.816999435424805,28.065000534057617,26.839000701904297,27.322999954223633,404089000
2022-01-12,27.944868087768555,27.999000549316406,28.594999313354492,27.607999801635742,28.066999435424805,383413000
2022-01-13,26.523622512817383,26.575000762939453,28.479999542236328,26.49799919128418,28.378999710083008,540171000
2022-01-14,26.889909744262695,26.941999435424805,27.19700050354004,26.209999084472656,26.299999237060547,395832000
2022-01-18,25.852920532226562,25.902999877929688,26.63800048828125,25.770000457763672,26.260000228881836,424270000
2022-01-19,25.018535614013672,25.066999435424805,26.542999267578125,25.052000045776367,26.07900047302246,488315000
2022-01-20,24.103307723999023,24.149999618530273,25.57900047302246,24.077999114990234,25.304000854492188,435181000
2022-01-21,23.328807830810547,23.374000549316406,24.822999954223633,23.26300048828125,23.506999969482422,718958000
2022-01-24,23.326812744140625,23.371999740600586,23.3799991607666,20.88800048828125,22.329999923706055,913982000
2022-01-25,22.280839920043945,22.323999404907227,22.94300079345703,22.0,22.54599952697754,664616000
2022-01-26,22.727970123291016,22.77199935913086,24.05699920654297,22.299999237060547,23.239999771118164,755959000
2022-01-27,21.90157699584961,21.944000244140625,23.9950008392334,21.674999237060547,23.56800079345703,573353000
2022-01-28,22.795839309692383,22.84000015258789,22.857999801635742,21.29599952697754,22.011999130249023,543774000
2022-01-31,24.43865966796875,24.486000061035156,24.509000778198242,23.052000045776367,23.18199920654297,564680000
2022-02-01,24.590368270874023,24.63800048828125,25.145000457763672,23.889999389648438,25.104000091552734,518925000
2022-02-02,25.19319725036621,25.242000579833984,25.816999435424805,24.55299949645996,25.79400062561035,543419000
2022-02-03,23.90169906616211,23.947999954223633,25.07699966430664,23.780000686645508,24.45800018310547,410178000
2022-02-04,24.271984100341797,24.319000244140625,24.635000228881836,23.631999969482422,23.972000122070312,354829000
2022-02-07,24.680194854736328,24.72800064086914,25.18199920654297,24.20199966430664,24.371999740600586,376868000
2022-02-08,25.05945587158203,25.107999801635742,25.229999542236328,23.979999542236328,24.358999252319336,410359000
2022-02-09,26.653371810913086,26.704999923706055,26.725000381469727,25.35300064086914,25.621999740600586,524282000
2022-02-10,25.774070739746094,25.823999404907227,26.924999237060547,25.600000381469727,25.9950008392334,513200000
2022-02-11,23.902698516845703,23.948999404907227,26.152000427246094,23.773000717163086,25.916000366210938,605472000
2022-02-14,24.22008514404297,24.267000198364258,24.875,23.7549991607666,23.93400001525879,440424000
2022-02-15,26.443775177001953,26.4950008392334,26.545000076293945,24.784000396728516,24.948999404907227,699869000
2022-02-16,26.459745407104492,26.51099967956543,26.582000732421875,25.552000045776367,26.259000778198242,732676000
2022-02-17,24.459617614746094,24.506999969482422,25.78499984741211,24.165000915527344,25.6299991607666,810595000
2022-02-18,23.596294403076172,23.642000198364258,24.986000061035156,23.100000381469727,24.667999267578125,761255000
2022-02-22,23.344778060913086,23.389999389648438,24.06399917602539,23.0,23.03499984741211,633422000
2022-02-23,22.343713760375977,22.386999130249023,24.155000686645508,22.301000595092773,23.802000045776367,566511000
2022-02-24,23.702085494995117,23.74799919128418,23.799999237060547,20.889999389648438,21.014999389648438,735801000
2022-02-25,24.11029624938965,24.156999588012695,24.216999053955078,23.381000518798828,23.72100067138672,528866000
2022-02-28,24.337854385375977,24.385000228881836,24.665000915527344,23.707000732421875,23.992000579833984,477319000
2022-03-01,23.431612014770508,23.476999282836914,24.37700080871582,23.131999969482422,24.291000366210938,412056000
2022-03-02,24.177291870117188,24.219999313354492,24.409000396728516,23.415000915527344,23.756000518798828,389642000
2022-03-03,23.67218589782715,23.714000701904297,24.326000213623047,23.4689998626709,24.261999130249023,365095000
2022-03-04,22.89555549621582,22.93600082397461,23.68000030517578,22.48200035095215,23.384000778198242,431415000
2022-03-07,21.314348220825195,21.351999282836914,23.033000946044922,21.329999923706055,22.816999435424805,450821000
2022-03-08,21.4760684967041,21.513999938964844,22.37299919128418,20.649999618530273,21.30900001525879,557467000
2022-03-09,22.973417282104492,23.013999938964844,23.219999313354492,22.246999740600586,22.386999130249023,492742000
2022-03-10,22.61804962158203,22.658000946044922,22.788000106811523,21.881999969482422,22.5310001373291,428066000
2022-03-11,22.061031341552734,22.100000381469727,23.145000457763672,22.04599952697754,23.02199935913086,367209000
2022-03-14,21.292388916015625,21.329999923706055,22.261999130249023,21.159000396728516,21.868999481201172,385354000
2022-03-15,22.9324893951416,22.972999572753906,23.038000106811523,21.32200050354004,21.51799964904785,491996000
2022-03-16,24.45280647277832,24.496000289916992,24.597000122070312,23.172000885009766,23.5,671422000
2022-03-17,24.72233009338379,24.766000747680664,24.841999053955078,23.9060001373291,24.1200008392334,471941000
2022-03-18,26.406349182128906,26.452999114990234,26.569000244140625,24.624000549316406,24.798999786376953,730719000
2022-03-21,26.68685531616211,26.733999252319336,27.152000427246094,25.966999053955078,26.506999969482422,591727000
2022-03-22,26.477230072021484,26.52400016784668,27.238000869750977,26.07200050354004,26.726999282836914,547007000
2022-03-23,25.588802337646484,25.634000778198242,26.61199951171875,25.575000762939453,26.125999450683594,502120000
2022-03-24,28.100358963012695,28.149999618530273,28.31999969482422,25.906999588012695,26.166000366210938,877379000
2022-03-25,27.643169403076172,27.691999435424805,28.357999801635742,27.270999908447266,27.88599967956543,579016000
2022-03-28,28.169239044189453,28.2189998626709,28.25,27.20599937438965,27.756000518798828,425494000
2022-03-29,28.605470657348633,28.6560001373291,28.945999145507812,27.979999542236328,28.69499969482422,488984000
2022-03-30,27.641172409057617,27.690000534057617,28.496000289916992,27.503000259399414,28.304000854492188,463487000
2022-03-31,27.237886428833008,27.285999298095703,28.24799919128418,27.270000457763672,27.781999588012695,523440000
2022-04-01,26.664892196655273,26.711999893188477,27.496000289916992,26.267000198364258,27.375,517235000
2022-04-04,27.31175422668457,27.360000610351562,27.558000564575195,26.613000869750977,26.72800064086914,397120000
2022-04-05,25.88527488708496,25.930999755859375,27.319000244140625,25.81999969482422,27.253999710083008,436615000
2022-04-06,24.36396026611328,24.406999588012695,25.299999237060547,24.003000259399414,24.93400001525879,703833000
2022-04-07,24.165311813354492,24.20800018310547,24.722000122070312,23.47800064086914,24.44099998474121,557992000
2022-04-08,23.078231811523438,23.118999481201172,23.92300033569336,23.062000274658203,23.91699981689453,524781000
2022-04-11,21.87835121154785,21.91699981689453,22.31999969482422,21.65999984741211,22.214000701904297,575207000
2022-04-12,21.466083526611328,21.503999710083008,22.725000381469727,21.281999588012695,22.53700065612793,662258000
2022-04-13,22.163848876953125,22.202999114990234,22.5,21.454999923706055,21.72800064086914,516943000
2022-04-14,21.220516204833984,21.257999420166016,22.777000427246094,21.163000106811523,22.5049991607666,569097000
2022-04-18,21.74458885192871,21.783000946044922,22.08799934387207,21.07900047302246,21.200000762939453,525701000
2022-04-19,22.158859252929688,22.197999954223633,22.37299919128418,21.31399917602539,21.719999313354492,512781000
2022-04-20,21.444122314453125,21.48200035095215,22.670000076293945,21.200000762939453,22.517000198364258,468974000
2022-04-21,20.14741325378418,20.183000564575195,22.392000198364258,20.0,21.708999633789062,656209000
2022-04-22,19.4805908203125,19.514999389648438,20.486000061035156,19.5,20.30299949645996,624713000
2022-04-25,19.866907119750977,19.902000427246094,19.94499969482422,19.09600067138672,19.20199966430664,641566000
2022-04-26,18.754867553710938,18.788000106811523,19.788000106811523,18.670000076293945,19.718000411987305,653143000
2022-04-27,18.382526397705078,18.415000915527344,19.16699981689453,18.290000915527344,18.597999572753906,499460000
2022-04-28,19.747112274169922,19.781999588012695,20.03700065612793,18.489999771118164,18.966999053955078,570327000
2022-04-29,18.514299392700195,18.547000885009766,20.128000259399414,18.517000198364258,19.402000427246094,500435000
2022-05-02,19.498558044433594,19.533000946044922,19.573999404907227,18.391000747680664,18.541000366210938,572049000
2022-05-03,19.56743621826172,19.601999282836914,19.825000762939453,19.132999420166016,19.399999618530273,475751000
2022-05-04,20.29814338684082,20.333999633789062,20.399999618530273,18.750999450683594,19.92300033569336,648855000
2022-05-05,18.81077003479004,18.8439998626709,19.924999237060547,18.5,19.867000579833984,626331000
2022-05-06,18.64206886291504,18.674999237060547,19.511999130249023,17.989999771118164,18.736000061035156,633297000
2022-05-09,16.92011260986328,16.950000762939453,18.2549991607666,16.82699966430664,18.034000396728516,644455000
2022-05-10,17.563974380493164,17.594999313354492,18.197999954223633,17.024999618530273,17.68899917602539,761474000
2022-05-11,16.60067367553711,16.6299991607666,17.753000259399414,16.56800079345703,17.347000122070312,670167000
2022-05-12,16.14647674560547,16.174999237060547,16.788000106811523,15.567000389099121,16.2189998626709,708728000
2022-05-13,17.674779891967773,17.70599937438965,17.92799949645996,16.593000411987305,16.788000106811523,670437000
2022-05-16,17.233556747436523,17.263999938964844,17.788000106811523,17.106000900268555,17.509000778198242,521446000
2022-05-17,18.144948959350586,18.177000045776367,18.371000289916992,17.634000778198242,18.073999404907227,585830000
2022-05-18,16.908132553100586,16.937999725341797,18.118000030517578,16.86400032043457,17.704999923706055,545161000
2022-05-19,17.09380531311035,17.124000549316406,17.687000274658203,16.733999252319336,16.937000274658203,621310000
2022-05-20,16.664567947387695,16.694000244140625,17.40999984741211,15.755000114440918,17.332000732421875,739105000
2022-05-23,16.86820411682129,16.898000717163086,16.915000915527344,16.179000854492188,16.27400016784668,639889000
2022-05-24,16.125516891479492,16.15399932861328,16.597000122070312,15.779999732971191,16.510000228881836,588550000
2022-05-25,16.945066452026367,16.975000381469727,17.111000061035156,16.0,16.020000457763672,781132000
2022-05-26,17.81952476501465,17.85099983215332,18.091999053955078,16.02199935913086,16.035999298095703,996575000
2022-05-27,18.777830123901367,18.81100082397461,18.881000518798828,18.100000381469727,18.18600082397461,738379000
2022-05-31,18.63907814025879,18.672000885009766,19.200000762939453,18.350000381469727,18.979999542236328,664100000
2022-06-01,18.287696838378906,18.31999969482422,19.05299949645996,18.121999740600586,18.724000930786133,544514000
2022-06-02,19.557453155517578,19.591999053955078,19.618999481201172,18.197999954223633,18.29199981689453,648656000
2022-06-03,18.686988830566406,18.719999313354492,19.332000732421875,18.52199935913086,19.082000732421875,598779000
2022-06-06,18.752870559692383,18.785999298095703,19.336999893188477,18.56399917602539,19.138999938964844,422406000
2022-06-07,18.892627716064453,18.926000595092773,19.0,18.187999725341797,18.472000122070312,388914000
2022-06-08,18.619050979614258,18.648000717163086,19.18000030517578,18.53499984741211,18.798999786376953,363252000
2022-06-09,18.01998519897461,18.04800033569336,18.933000564575195,18.041000366210938,18.481000900268555,395574000
2022-06-10,16.947654724121094,16.974000930786133,17.69700050354004,16.868999481201172,17.600000381469727,465248000
2022-06-13,15.622713088989258,15.647000312805176,16.312000274658203,15.605999946594238,16.0,604153000
2022-06-14,15.811418533325195,15.836000442504883,16.06599998474121,15.411999702453613,15.730999946594238,469680000
2022-06-15,16.50135040283203,16.527000427246094,16.868000030517578,15.925999641418457,16.094999313354492,563936000
2022-06-16,15.5767822265625,15.60099983215332,15.942000389099121,15.401000022888184,15.859999656677246,545749000
2022-06-17,15.85534954071045,15.880000114440918,15.994999885559082,15.32800006866455,15.64799976348877,630334000
2022-06-21,16.540285110473633,16.56599998474121,17.007999420166016,16.406999588012695,16.475000381469727,483089000
2022-06-22,16.33460807800293,16.360000610351562,16.66200065612793,16.18000030517578,16.22599983215332,437135000
2022-06-23,16.199813842773438,16.225000381469727,16.584999084472656,15.852999687194824,16.518999099731445,463680000
2022-06-24,17.099416732788086,17.125999450683594,17.139999389648438,16.309999465942383,16.5,472153000
2022-06-27,16.842811584472656,16.868999481201172,17.329999923706055,16.625999450683594,17.312000274658203,427968000
2022-06-28,15.957191467285156,15.982000350952148,17.20199966430664,15.944999694824219,16.899999618530273,461149000
2022-06-29,15.517874717712402,15.541999816894531,15.819999694824219,15.170000076293945,15.814000129699707,482352000
2022-06-30,15.135470390319824,15.159000396728516,15.567000389099121,14.862000465393066,15.361000061035156,686070000
2022-07-01,14.500457763671875,14.52299976348877,15.062999725341797,14.392000198364258,14.89900016784668,577610000
2022-07-05,14.940771102905273,14.96399974822998,14.970999717712402,14.055000305175781,14.175000190734863,651397000
2022-07-06,15.106514930725098,15.130000114440918,15.319000244140625,14.788999557495117,15.010000228881836,529066000
2022-07-07,15.833381652832031,15.857999801635742,15.944999694824219,15.388999938964844,15.456000328063965,492903000
2022-07-08,15.81341552734375,15.838000297546387,16.03700065612793,15.388999938964844,15.430000305175781,467972000
2022-07-11,15.128479957580566,15.152000427246094,15.527000427246094,15.038000106811523,15.526000022888184,437321000
2022-07-12,15.058587074279785,15.081999778747559,15.430999755859375,14.876999855041504,15.267999649047852,458483000
2022-07-13,15.140460014343262,15.163999557495117,15.375,14.46500015258789,14.59000015258789,521918000
2022-07-14,15.348139762878418,15.371999740600586,15.472999572753906,14.727999687194824,15.107999801635742,456235000
2022-07-15,15.737533569335938,15.76200008392334,15.781999588012695,15.444999694824219,15.659000396728516,385935000
2022-07-18,16.076004028320312,16.10099983215332,16.89699935913086,16.00200080871582,16.302000045776367,670517000
2022-07-19,16.96562957763672,16.992000579833984,17.110000610351562,16.172000885009766,16.486000061035156,702366000
2022-07-20,17.77935791015625,17.80699920654297,17.933000564575195,16.801000595092773,16.94700050354004,760538000
2022-07-21,18.021982192993164,18.049999237060547,18.143999099731445,17.545000076293945,17.885000228881836,557049000
2022-07-22,17.2921199798584,17.319000244140625,17.966999053955078,17.136999130249023,17.89299964904785,536671000
2022-07-25,16.997573852539062,17.02400016784668,17.124000549316406,16.64900016784668,17.018999099731445,480748000
2022-07-26,16.507335662841797,16.533000946044922,16.91900062561035,16.47800064086914,16.888999938964844,397865000
2022-07-27,17.76238441467285,17.790000915527344,17.93600082397461,16.913000106811523,17.031999588012695,569776000
2022-07-28,17.95608901977539,17.983999252319336,18.139999389648438,17.440000534057617,17.975000381469727,474646000
2022-07-29,18.13480567932129,18.163000106811523,18.243999481201172,17.691999435424805,17.812999725341797,435460000
2022-08-01,18.412368774414062,18.44099998474121,18.84600067138672,17.989999771118164,18.18199920654297,476469000
2022-08-02,18.497241973876953,18.525999069213867,18.937999725341797,18.091999053955078,18.121999740600586,489527000
2022-08-03,18.863672256469727,18.89299964904785,18.968000411987305,18.136999130249023,18.18400001525879,418146000
2022-08-04,19.18517303466797,19.21500015258789,19.27400016784668,18.760000228881836,18.849000930786133,409652000
2022-08-05,18.959524154663086,18.98900032043457,19.229000091552734,18.666000366210938,18.809999465942383,386068000
2022-08-08,17.765377044677734,17.792999267578125,18.23900032043457,17.242000579833984,17.50200080871582,981859000
2022-08-09,17.059476852416992,17.086000442504883,17.44700050354004,16.724000930786133,17.25200080871582,668263000
2022-08-10,18.06890869140625,18.097000122070312,18.118000030517578,17.316999435424805,17.697999954223633,597422000
2022-08-11,17.91415023803711,17.941999435424805,18.707000732421875,17.875999450683594,18.131000518798828,509327000
2022-08-12,18.67995834350586,18.708999633789062,18.718000411987305,17.952999114990234,18.15999984741211,478094000
2022-08-15,19.002458572387695,19.031999588012695,19.163999557495117,18.613000869750977,18.701000213623047,457666000
2022-08-16,18.849695205688477,18.878999710083008,19.142000198364258,18.500999450683594,18.920000076293945,451240000
2022-08-17,18.30653953552246,18.334999084472656,18.687999725341797,18.145000457763672,18.523000717163086,446799000
2022-08-18,18.74386215209961,18.773000717163086,18.864999771118164,18.183000564575195,18.301000595092773,415447000
2022-08-19,17.821298599243164,17.849000930786133,18.520000457763672,17.770000457763672,18.4060001373291,441588000
2022-08-22,17.00755500793457,17.034000396728516,17.558000564575195,16.965999603271484,17.489999771118164,409593000
2022-08-23,17.154329299926758,17.180999755859375,17.46500015258789,16.969999313354492,16.98900032043457,369986000
2022-08-24,17.19526481628418,17.222000122070312,17.4060001373291,16.895000457763672,17.011999130249023,522661000
2022-08-25,17.885194778442383,17.913000106811523,17.94700050354004,16.83300018310547,16.8439998626709,770691000
2022-08-26,16.234758377075195,16.260000228881836,17.923999786376953,16.23699951171875,17.85700035095215,769127000
2022-08-29,15.776472091674805,15.800999641418457,16.33799934387207,15.767000198364258,16.020000457763672,496132000
2022-08-30,15.443989753723145,15.468000411987305,16.038999557495117,15.182000160217285,15.960000038146973,530181000
2022-08-31,15.07056999206543,15.093999862670898,15.539999961853027,14.958999633789062,15.383999824523926,573710000
2022-09-01,13.915364265441895,13.937000274658203,14.380000114440918,13.270000457763672,14.208999633789062,1178865000
2022-09-02,13.625815391540527,13.647000312805176,14.170999526977539,13.590999603271484,14.100000381469727,743157000
2022-09-06,13.444100379943848,13.46500015258789,13.779000282287598,13.35099983215332,13.730999946594238,535751000
2022-09-07,13.696779251098633,13.71399974822998,13.838000297546387,13.345999717712402,13.562999725341797,512657000
2022-09-08,13.97243595123291,13.989999771118164,14.008000373840332,13.369000434875488,13.458999633789062,624873000
2022-09-09,14.368936538696289,14.38700008392334,14.473999977111816,14.12600040435791,14.156999588012695,486612000
2022-09-12,14.486786842346191,14.505000114440918,14.54699993133545,14.197999954223633,14.369000434875488,484159000
2022-09-13,13.11451244354248,13.130999565124512,13.92199993133545,13.098999977111816,13.802000045776367,714956000
2022-09-14,13.111516952514648,13.128000259399414,13.289999961853027,12.913000106811523,13.253999710083008,588507000
2022-09-15,12.912765502929688,12.928999900817871,13.232999801635742,12.789999961853027,13.015000343322754,523625000
2022-09-16,13.181429862976074,13.197999954223633,13.211999893188477,12.616999626159668,12.741999626159668,670751000
2022-09-19,13.365198135375977,13.381999969482422,13.463000297546387,13.010000228881836,13.01200008392334,569685000
2022-09-20,13.15945816040039,13.175999641418457,13.482999801635742,13.057000160217285,13.21500015258789,524818000
2022-09-21,13.24435043334961,13.26099967956543,14.031000137329102,13.109999656677246,13.213000297546387,807679000
2022-09-22,12.545228958129883,12.560999870300293,13.14900016784668,12.428000450134277,13.069999694824219,759162000
2022-09-23,12.500287055969238,12.515999794006348,12.611000061035156,12.256999969482422,12.420000076293945,663309000
2022-09-26,12.212647438049316,12.227999687194824,12.659000396728516,12.21399974822998,12.491000175476074,547343000
2022-09-27,12.397414207458496,12.413000106811523,12.736000061035156,12.258000373840332,12.506999969482422,553854000
2022-09-28,12.720010757446289,12.736000061035156,12.822999954223633,12.354000091552734,12.40999984741211,542414000
2022-09-29,12.204656600952148,12.220000267028809,12.5,11.946000099182129,12.447999954223633,532763000
2022-09-30,12.123759269714355,12.138999938964844,12.633000373840332,12.074999809265137,12.086999893188477,565638000
2022-10-03,12.496291160583496,12.51200008392334,12.678000450134277,12.104999542236328,12.347000122070312,547478000
2022-10-04,13.150468826293945,13.166999816894531,13.220000267028809,12.878999710083008,12.878999710083008,584182000
2022-10-05,13.192415237426758,13.208999633789062,13.321000099182129,12.621000289916992,12.91100025177002,507131000
2022-10-06,13.11351490020752,13.130000114440918,13.656000137329102,13.102999687194824,13.220000267028809,644157000
2022-10-07,12.060837745666504,12.076000213623047,12.670000076293945,12.022000312805176,12.505000114440918,672478000
2022-10-10,11.65534782409668,11.670000076293945,12.12399959564209,11.407999992370605,12.036999702453613,698699000
2022-10-11,11.571453094482422,11.586000442504883,11.845999717712402,11.282999992370605,11.560999870300293,667482000
2022-10-12,11.485560417175293,11.5,11.734999656677246,11.345000267028809,11.579000473022461,492590000
2022-10-13,11.944985389709473,11.960000038146973,12.07800006866455,10.812999725341797,10.970999717712402,850103000
2022-10-14,11.212903022766113,11.22700023651123,12.111000061035156,11.204000473022461,12.057000160217285,713432000
2022-10-17,11.873074531555176,11.887999534606934,11.947999954223633,11.517000198364258,11.517999649047852,580774000
2022-10-18,11.951972961425781,11.967000007629395,12.491999626159668,11.618000030517578,12.343999862670898,659362000
2022-10-19,12.035868644714355,12.050999641418457,12.350000381469727,11.833999633789062,11.878999710083008,523131000
2022-10-20,12.178689956665039,12.194000244140625,12.769000053405762,12.104999542236328,12.11299991607666,652398000
2022-10-21,12.450347900390625,12.465999603271484,12.498000144958496,11.88700008392334,12.097999572753906,609494000
2022-10-24,12.58318042755127,12.598999977111816,12.710000038146973,12.064000129699707,12.508000373840332,517457000
2022-10-25,13.24435043334961,13.26099967956543,13.300000190734863,12.663999557495117,12.694000244140625,505482000
2022-10-26,12.879809379577637,12.895999908447266,13.387999534606934,12.708000183105469,12.869000434875488,532953000
2022-10-27,13.15945816040039,13.175999641418457,13.838000297546387,13.121999740600586,13.630000114440918,583113000
2022-10-28,13.816629409790039,13.833999633789062,13.850000381469727,13.060999870300293,13.104000091552734,521040000
2022-10-31,13.480052947998047,13.496999740600586,13.838000297546387,13.29699993133545,13.777999877929688,486341000
2022-11-01,13.525994300842285,13.543000221252441,13.925000190734863,13.519000053405762,13.810999870300293,432817000
2022-11-02,13.202402114868164,13.218999862670898,14.210000038146973,13.211000442504883,13.850000381469727,672628000
2022-11-03,13.40414810180664,13.420999526977539,13.781000137329102,12.956000328063965,13.043000221252441,500065000
2022-11-04,14.138227462768555,14.156000137329102,14.229000091552734,13.696999549865723,13.986000061035156,612576000
2022-11-07,14.28304386138916,14.300999641418457,14.411999702453613,13.954000473022461,14.227999687194824,410061000
2022-11-08,14.58366584777832,14.60200023651123,14.890999794006348,14.215999603271484,14.800999641418457,595292000
2022-11-09,13.758705139160156,13.776000022888184,14.211000442504883,13.758999824523926,14.161999702453613,454414000
2022-11-10,15.730225563049316,15.75,15.77299976348877,14.54699993133545,14.800000190734863,700819000
2022-11-11,16.306499481201172,16.32699966430664,16.388999938964844,15.482000350952148,15.807000160217285,655487000
2022-11-14,16.274539947509766,16.295000076293945,16.540000915527344,15.92199993133545,16.218000411987305,527852000
2022-11-15,16.645076751708984,16.666000366210938,16.99799919128418,16.381999969482422,16.722000122070312,545876000
2022-11-16,15.890022277832031,15.90999984741211,16.36199951171875,15.873000144958496,16.16200065612793,649547000
2022-11-17,15.657315254211426,15.677000045776367,16.266000747680664,15.53499984741211,15.71500015258789,710894000
2022-11-18,15.389654159545898,15.409000396728516,16.00200080871582,15.119999885559082,15.965999603271484,492072000
2022-11-21,15.297767639160156,15.317000389099121,15.47700023651123,15.079999923706055,15.147000312805176,404739000
2022-11-22,16.01786231994629,16.038000106811523,16.058000564575195,15.121999740600586,15.32800006866455,472866000
2022-11-23,16.498254776000977,16.518999099731445,16.527000427246094,16.04800033569336,16.097999572753906,427241000
2022-11-25,16.24957275390625,16.270000457763672,16.48699951171875,16.172000885009766,16.31800079345703,167934000
2022-11-28,15.80712890625,15.82699966430664,16.35700035095215,15.725000381469727,16.025999069213867,303741000
2022-11-29,15.619363784790039,15.638999938964844,15.932000160217285,15.520000457763672,15.82699966430664,298384000
2022-11-30,16.906076431274414,16.92300033569336,16.93000030517578,15.597000122070312,15.696999549865723,565298000
2022-12-01,17.117862701416016,17.135000228881836,17.264999389648438,16.635000228881836,16.999000549316406,470977000
2022-12-02,16.85912322998047,16.875999450683594,16.933000564575195,16.44499969482422,16.659000396728516,371389000
2022-12-05,16.593387603759766,16.610000610351562,16.9950008392334,16.472000122070312,16.679000854492188,352255000
2022-12-06,15.971012115478516,15.987000465393066,16.572999954223633,15.819000244140625,16.530000686645508,352694000
2022-12-07,16.103879928588867,16.1200008392334,16.18600082397461,15.666999816894531,15.772000312805176,372388000
2022-12-08,17.151830673217773,17.16900062561035,17.179000854492188,15.958999633789062,16.273000717163086,515456000
2022-12-09,16.983997344970703,17.000999450683594,17.58300018310547,16.975000381469727,17.15999984741211,465338000
2022-12-12,17.51746368408203,17.53499984741211,17.538000106811523,16.797000885009766,17.03700065612793,457328000
2022-12-13,18.053930282592773,18.07200050354004,18.790000915527344,17.711000442504883,18.5310001373291,656589000
2022-12-14,17.656322479248047,17.673999786376953,18.25200080871582,17.420000076293945,17.98699951171875,496888000
2022-12-15,16.935043334960938,16.95199966430664,17.31999969482422,16.700000762939453,17.145999908447266,478542000
2022-12-16,16.554428100585938,16.570999145507812,17.041000366210938,16.40999984741211,16.86400032043457,478232000
2022-12-19,16.23773956298828,16.253999710083008,16.608999252319336,16.145000457763672,16.57200050354004,354039000
2022-12-20,16.06891441345215,16.084999084472656,16.309999465942383,15.85200023651123,16.06399917602539,403260000
2022-12-21,16.4844970703125,16.500999450683594,16.62700080871582,16.101999282836914,16.11400032043457,325025000
2022-12-22,15.323659896850586,15.33899974822998,16.13800048828125,14.881999969482422,16.0939998626709,565045000
2022-12-23,15.190792083740234,15.206000328063965,15.33899974822998,14.883000373840332,15.196000099182129,349326000
2022-12-27,14.106877326965332,14.121000289916992,15.100000381469727,14.055999755859375,15.074000358581543,464902000
2022-12-28,14.02196216583252,14.03600025177002,14.26200008392334,13.883999824523926,13.927000045776367,351066000
2022-12-29,14.588396072387695,14.602999687194824,14.682999610900879,14.22700023651123,14.402000427246094,354923000
2022-12-30,14.599385261535645,14.61400032043457,14.628999710083008,14.232999801635742,14.333999633789062,310490000
2023-01-03,14.30068302154541,14.3149995803833,14.996000289916992,14.095999717712402,14.85099983215332,401277000
2023-01-04,14.734251022338867,14.74899959564209,14.852999687194824,14.241000175476074,14.567000389099121,431324000
2023-01-05,14.250734329223633,14.265000343322754,14.564000129699707,14.14799976348877,14.491000175476074,389168000
2023-01-06,14.844138145446777,14.859000205993652,15.010000228881836,14.034000396728516,14.473999977111816,405044000
2023-01-09,15.612370491027832,15.628000259399414,16.055999755859375,15.140999794006348,15.284000396728516,504231000
2023-01-10,15.893089294433594,15.909000396728516,15.961999893188477,15.472000122070312,15.506999969482422,384101000
2023-01-11,15.984996795654297,16.000999450683594,16.027999877929688,15.562999725341797,15.84000015258789,353285000
2023-01-12,16.49448585510254,16.51099967956543,16.636999130249023,15.491999626159668,16.100000381469727,551409000
2023-01-13,16.882099151611328,16.89900016784668,16.922000885009766,16.165000915527344,16.277999877929688,447287000
2023-01-17,17.68429946899414,17.70199966430664,17.72800064086914,16.89900016784668,16.89900016784668,511102000
2023-01-18,17.35962677001953,17.37700080871582,17.87299919128418,17.281999588012695,17.66699981689453,439624000
2023-01-19,16.748233795166016,16.764999389648438,17.19700050354004,16.731000900268555,17.035999298095703,452932000
2023-01-20,17.821157455444336,17.839000701904297,17.856000900268555,16.825000762939453,17.01099967956543,564967000
2023-01-23,19.173805236816406,19.19300079345703,19.2450008392334,17.81800079345703,18.06399917602539,655163000
2023-01-24,19.2457332611084,19.264999389648438,19.4950008392334,18.81999969482422,18.82699966430664,496204000
2023-01-25,19.303674697875977,19.322999954223633,19.3700008392334,18.579999923706055,18.913000106811523,449537000
2023-01-26,19.782196044921875,19.802000045776367,20.166000366210938,19.277999877929688,19.701000213623047,489535000
2023-01-27,20.344633102416992,20.364999771118164,20.628000259399414,19.405000686645508,19.461999893188477,542142000
2023-01-30,19.142841339111328,19.16200065612793,20.139999389648438,19.149999618530273,19.950000762939453,488611000
2023-01-31,19.51746368408203,19.53700065612793,19.687000274658203,18.950000762939453,19.170000076293945,498017000
2023-02-01,20.922056198120117,20.94300079345703,21.191999435424805,19.611000061035156,19.69099998474121,660477000
2023-02-02,21.687288284301758,21.708999633789062,21.948999404907227,20.700000762939453,21.0,564276000
2023-02-03,21.07889747619629,21.100000381469727,21.7450008392334,20.788999557495117,21.0,429366000
2023-02-06,21.067909240722656,21.089000701904297,21.56999969482422,20.785999298095703,20.805999755859375,452197000
2023-02-07,22.150827407836914,22.17300033569336,22.259000778198242,21.149999618530273,21.381999969482422,664150000
2023-02-08,22.18279266357422,22.204999923706055,22.878000259399414,22.007999420166016,22.386999130249023,559651000
2023-02-09,22.314661026000977,22.336999893188477,23.020000457763672,22.1200008392334,22.606000900268555,523876000
2023-02-10,21.243730545043945,21.264999389648438,22.077999114990234,20.81100082397461,21.690000534057617,550737000
2023-02-13,21.766210556030273,21.788000106811523,22.04800033569336,20.961999893188477,21.538000106811523,474919000
2023-02-14,22.948026657104492,22.97100067138672,23.048999786376953,21.365999221801758,21.577999114990234,675474000
2023-02-15,22.74123191833496,22.763999938964844,22.854999542236328,22.106000900268555,22.548999786376953,420575000
2023-02-16,21.979997634887695,22.00200080871582,22.549999237060547,21.927000045776367,22.132999420166016,412026000
2023-02-17,21.36661148071289,21.38800048828125,21.739999771118164,20.975000381469727,21.631000518798828,465888000
2023-02-21,20.63434600830078,20.655000686645508,21.493999481201172,20.618000030517578,21.0,410015000
2023-02-22,20.733243942260742,20.753999710083008,21.104000091552734,20.42099952697754,20.707000732421875,513184000
2023-02-23,23.640335083007812,23.663999557495117,23.88800048828125,23.024999618530273,23.440000534057617,1117995000
2023-02-24,23.262712478637695,23.285999298095703,23.474000930786133,22.94700050354004,23.225000381469727,589716000
2023-02-27,23.47749900817871,23.500999450683594,23.8799991607666,23.45400047302246,23.670000076293945,452994000
2023-02-28,23.192781448364258,23.215999603271484,23.825000762939453,23.20599937438965,23.371999740600586,455963000
2023-03-01,22.67530059814453,22.697999954223633,23.256000518798828,22.507999420166016,23.191999435424805,460026000
2023-03-02,23.290681838989258,23.31399917602539,23.3799991607666,22.43199920654297,22.488000869750977,389415000
2023-03-03,23.866107940673828,23.889999389648438,23.899999618530273,23.1299991607666,23.31999969482422,412393000
2023-03-06,23.530445098876953,23.554000854492188,24.24799919128418,23.48699951171875,23.891000747680664,437429000
2023-03-07,23.268661499023438,23.288000106811523,24.125,23.240999221801758,23.600000381469727,515154000
2023-03-08,24.160919189453125,24.180999755859375,24.200000762939453,23.423999786376953,23.48699951171875,513573000
2023-03-09,23.416540145874023,23.43600082397461,24.45400047302246,23.382999420166016,24.174999237060547,501257000
2023-03-10,22.945926666259766,22.96500015258789,23.62700080871582,22.72599983215332,23.409000396728516,474866000
2023-03-13,22.94692611694336,22.965999603271484,23.29800033569336,22.297000885009766,22.75200080871582,421890000
2023-03-14,24.04301643371582,24.062999725341797,24.2189998626709,23.459999084472656,23.496000289916992,474910000
2023-03-15,24.2078800201416,24.22800064086914,24.285999298095703,23.360000610351562,23.76099967956543,524486000
2023-03-16,25.519790649414062,25.541000366210938,25.58799934387207,23.893999099731445,24.027000427246094,583253000
2023-03-17,25.703636169433594,25.725000381469727,26.39900016784668,25.667999267578125,25.98200035095215,848547000
2023-03-20,25.878494262695312,25.899999618530273,26.02400016784668,25.1299991607666,25.614999771118164,432747000
2023-03-21,26.177242279052734,26.198999404907227,26.392000198364258,25.381000518798828,26.18000030517578,547408000
2023-03-22,26.446020126342773,26.468000411987305,27.589000701904297,26.23699951171875,26.424999237060547,797295000
2023-03-23,27.168420791625977,27.19099998474121,27.499000549316406,26.690000534057617,27.114999771118164,564889000
2023-03-24,26.75676155090332,26.77899932861328,27.16699981689453,26.354999542236328,27.0310001373291,454920000
2023-03-27,26.508968353271484,26.5310001373291,27.0,26.364999771118164,26.836999893188477,361026000
2023-03-28,26.38806915283203,26.40999984741211,26.51300048828125,25.850000381469727,26.44700050354004,356104000
2023-03-29,26.961591720581055,26.983999252319336,27.077999114990234,26.597000122070312,26.825000762939453,393694000
2023-03-30,27.360260009765625,27.382999420166016,27.499000549316406,27.101999282836914,27.229000091552734,364516000
2023-03-31,27.75393295288086,27.777000427246094,27.833999633789062,27.104999542236328,27.139999389648438,433933000
2023-04-03,27.941776275634766,27.96500015258789,28.0,27.336000442504883,27.509000778198242,398716000
2023-04-04,27.430204391479492,27.452999114990234,28.0,27.30699920654297,27.965999603271484,368592000
2023-04-05,26.85868263244629,26.881000518798828,26.99799919128418,26.395000457763672,26.82900047302246,515015000
2023-04-06,27.014549255371094,27.03700065612793,27.079999923706055,26.427000045776367,26.583999633789062,397654000
2023-04-10,27.55609893798828,27.57900047302246,27.621000289916992,26.66900062561035,26.822999954223633,395279000
2023-04-11,27.146440505981445,27.16900062561035,27.790000915527344,27.125999450683594,27.724000930786133,314378000
2023-04-12,26.472997665405273,26.4950008392334,27.468000411987305,26.447999954223633,27.3700008392334,446259000
2023-04-13,26.44102668762207,26.46299934387207,26.886999130249023,26.32900047302246,26.733999252319336,353615000
2023-04-14,26.735782623291016,26.757999420166016,26.882999420166016,26.219999313354492,26.503999710083008,395660000
2023-04-17,26.979576110839844,27.00200080871582,27.006000518798828,26.433000564575195,26.565000534057617,321471000
2023-04-18,27.644025802612305,27.66699981689453,28.110000610351562,27.35700035095215,27.533000946044922,604812000
2023-04-19,27.907808303833008,27.930999755859375,28.0,27.23200035095215,27.361000061035156,358660000
2023-04-20,27.081493377685547,27.104000091552734,28.030000686645508,27.0,27.67099952697754,427713000
2023-04-21,27.096479415893555,27.118999481201172,27.183000564575195,26.722000122070312,26.95199966430664,345103000
2023-04-24,27.01954460144043,27.04199981689453,27.365999221801758,26.67099952697754,27.01300048828125,339282000
2023-04-25,26.219209671020508,26.240999221801758,27.246999740600586,26.225000381469727,27.077999114990234,378527000
2023-04-26,26.933612823486328,26.95599937438965,27.329999923706055,26.704999923706055,27.00200080871582,406337000
2023-04-27,27.203392028808594,27.22599983215332,27.4950008392334,26.625,27.363000869750977,377161000
2023-04-28,27.72595977783203,27.749000549316406,27.757999420166016,27.070999145507812,27.225000381469727,292216000
2023-05-01,28.88599395751953,28.90999984741211,29.058000564575195,27.780000686645508,27.84000015258789,570329000
2023-05-02,28.18657112121582,28.209999084472656,28.836000442504883,28.08300018310547,28.68000030517578,402730000
2023-05-03,27.77890968322754,27.802000045776367,28.367000579833984,27.472000122070312,27.84000015258789,383387000
2023-05-04,27.539113998413086,27.562000274658203,27.858999252319336,27.239999771118164,27.650999069213867,321850000
2023-05-05,28.65618324279785,28.68000030517578,28.7549991607666,27.731000900268555,27.826000213623047,361494000
2023-05-08,29.126792907714844,29.150999069213867,29.219999313354492,28.350000381469727,28.52199935913086,344979000
2023-05-09,28.547273635864258,28.570999145507812,28.972999572753906,28.450000762939453,28.89900016784668,314869000
2023-05-10,28.861013412475586,28.885000228881836,29.113000869750977,28.461000442504883,29.0049991607666,369350000
2023-05-11,28.554269790649414,28.577999114990234,28.950000762939453,28.246000289916992,28.895999908447266,322149000
2023-05-12,28.316469192504883,28.34000015258789,28.780000686645508,28.04599952697754,28.52899932861328,274222000
2023-05-15,28.928958892822266,28.952999114990234,28.9689998626709,28.152000427246094,28.507999420166016,293926000
2023-05-16,29.188739776611328,29.21299934387207,29.8700008392334,28.832000732421875,28.840999603271484,449405000
2023-05-17,30.15294075012207,30.17799949645996,30.198999404907227,29.43000030517578,29.583999633789062,432535000
2023-05-18,31.65169334411621,31.67799949645996,31.827999114990234,30.31999969482422,30.40999984741211,748725000
2023-05-19,31.238035202026367,31.263999938964844,31.579999923706055,30.916000366210938,31.535999298095703,473908000
2023-05-22,31.15011215209961,31.176000595092773,31.520000457763672,30.68000030517578,30.900999069213867,372000000
2023-05-23,30.66251564025879,30.687999725341797,31.288000106811523,30.631000518798828,31.0,356253000
2023-05-24,30.51264190673828,30.538000106811523,30.60700035095215,29.805999755859375,30.209999084472656,721419000
2023-05-25,37.948455810546875,37.97999954223633,39.47999954223633,36.6349983215332,38.52299880981445,1543911000
2023-05-26,38.91366195678711,38.94599914550781,39.16999816894531,37.54999923706055,37.88999938964844,714397000
2023-05-30,40.077693939208984,40.111000061035156,41.9379997253418,39.94900131225586,40.595001220703125,923401000
2023-05-31,37.80258560180664,37.83399963378906,40.29499816894531,37.821998596191406,39.487998962402344,1002580000
2023-06-01,39.73697280883789,39.77000045776367,40.04999923706055,38.34000015258789,38.48899841308594,635873000
2023-06-02,39.29433059692383,39.32699966430664,40.5,39.05799865722656,40.09700012207031,482731000
2023-06-05,39.13847351074219,39.17100143432617,39.564998626708984,38.707000732421875,38.909000396728516,396094000
2023-06-06,38.62190628051758,38.65399932861328,39.15999984741211,38.14799880981445,38.83000183105469,388729000
2023-06-07,37.447750091552734,37.474998474121094,39.499000549316406,37.35599899291992,38.915000915527344,511998000
2023-06-08,38.48200225830078,38.5099983215332,38.86399841308594,37.505001068115234,37.7239990234375,417772000
2023-06-09,38.74181365966797,38.77000045776367,39.71099853515625,38.56700134277344,39.0369987487793,427717000
2023-06-12,39.45329666137695,39.481998443603516,39.529998779296875,38.61800003051758,39.20000076293945,388701000
2023-06-13,40.99217224121094,41.02199935913086,41.10100173950195,39.7400016784668,40.18600082397461,613208000
2023-06-14,42.96574401855469,42.99700164794922,43.0,40.551998138427734,40.82400131225586,740465000
2023-06-15,42.62199783325195,42.65299987792969,43.28900146484375,42.14699935913086,42.60200119018555,568622000
2023-06-16,42.66096115112305,42.69200134277344,43.72100067138672,42.6609992980957,43.45000076293945,655709000
2023-06-20,43.77614974975586,43.80799865722656,43.9900016784668,42.67399978637695,42.99800109863281,451153000
2023-06-21,43.013710021972656,43.04499816894531,43.6150016784668,42.08000183105469,43.500999450683594,551603000
2023-06-22,42.993717193603516,43.025001525878906,43.42599868774414,42.23400115966797,42.25299835205078,417737000
2023-06-23,42.178314208984375,42.20899963378906,42.808998107910156,42.01499938964844,42.4640007019043,358140000
2023-06-26,40.60245895385742,40.63199996948242,42.763999938964844,40.099998474121094,42.46099853515625,594322000
2023-06-27,41.84555435180664,41.875999450683594,41.939998626708984,40.448001861572266,40.79899978637695,462175000
2023-06-28,41.08710479736328,41.117000579833984,41.845001220703125,40.518001556396484,40.65999984741211,582639000
2023-06-29,40.79232406616211,40.821998596191406,41.599998474121094,40.599998474121094,41.55799865722656,380514000
2023-06-30,42.27124786376953,42.301998138427734,42.54999923706055,41.500999450683594,41.68000030517578,501148000
2023-07-03,42.38215637207031,42.41299819946289,42.89799880981445,42.20199966430664,42.516998291015625,198209000
2023-07-05,42.28623580932617,42.31700134277344,43.176998138427734,42.084999084472656,42.1349983215332,323618000
2023-07-06,42.072391510009766,42.10300064086914,42.17900085449219,41.34600067138672,41.84400177001953,303582000
2023-07-07,42.47209548950195,42.50299835205078,43.2140007019043,42.18000030517578,42.321998596191406,355881000
2023-07-10,42.14933395385742,42.18000030517578,42.81100082397461,41.64899826049805,42.65700149536133,353908000
2023-07-11,42.374168395996094,42.404998779296875,42.757999420166016,42.06700134277344,42.48099899291992,298244000
2023-07-12,43.87008285522461,43.902000427246094,43.935001373291016,42.777000427246094,43.03300094604492,481277000
2023-07-13,45.943572998046875,45.97700119018555,46.154998779296875,44.492000579833984,44.518001556396484,478204000
2023-07-14,45.435943603515625,45.46900177001953,48.0880012512207,45.060001373291016,46.58300018310547,772075000
2023-07-17,46.427215576171875,46.46099853515625,46.49599838256836,45.262001037597656,46.28900146484375,510488000
2023-07-18,47.459476470947266,47.49399948120117,47.895999908447266,45.73400115966797,46.70100021362305,569164000
2023-07-19,47.04277420043945,47.07699966430664,47.81800079345703,46.742000579833984,47.4640007019043,427502000
2023-07-20,45.48690414428711,45.52000045776367,47.08700180053711,45.0620002746582,46.50699996948242,537865000
2023-07-21,44.27678298950195,44.308998107910156,45.86600112915039,44.099998474121094,45.78799819946289,963769000
2023-07-24,44.579566955566406,44.61199951171875,45.10900115966797,44.040000915527344,44.73099899291992,382516000
2023-07-25,45.64579391479492,45.67900085449219,46.18299865722656,44.92300033569336,44.941001892089844,348081000
2023-07-26,45.41895294189453,45.45199966430664,46.053001403808594,44.630001068115234,46.020999908447266,364237000
2023-07-27,45.86663818359375,45.900001525878906,47.39500045776367,45.75,46.51900100708008,455976000
2023-07-28,46.71601104736328,46.75,47.027000427246094,46.38100051879883,46.667999267578125,331194000
2023-07-31,46.69502639770508,46.729000091552734,47.130001068115234,46.50600051879883,46.75400161743164,251055000
2023-08-01,46.47319030761719,46.50699996948242,46.900001525878906,46.027000427246094,46.459999084472656,237858000
2023-08-02,44.236812591552734,44.26900100708008,45.84000015258789,43.387001037597656,45.83100128173828,530142000
2023-08-03,44.48263931274414,44.51499938964844,45.11800003051758,43.79999923706055,43.79999923706055,324176000
2023-08-04,44.64751434326172,44.68000030517578,45.641998291015625,44.393001556396484,44.98500061035156,362666000
2023-08-07,45.38398742675781,45.41699981689453,45.540000915527344,44.5629997253418,45.111000061035156,322154000
2023-08-08,44.631534576416016,44.66400146484375,45.242000579833984,44.055999755859375,44.85300064086914,353843000
2023-08-09,42.523067474365234,42.55400085449219,44.3120002746582,42.13399887084961,44.27399826049805,586449000
2023-08-10,42.35719299316406,42.38800048828125,43.57400131225586,41.834999084472656,42.15999984741211,492705000
2023-08-11,40.82529067993164,40.85499954223633,42.018001556396484,40.638999938964844,41.750999450683594,533085000
2023-08-14,43.72119140625,43.75299835205078,43.79999923706055,40.31100082397461,40.486000061035156,690286000
2023-08-15,43.90805435180664,43.939998626708984,45.268001556396484,43.709999084472656,44.560001373291016,676512000
2023-08-16,43.454383850097656,43.486000061035156,44.67499923706055,43.40599822998047,44.52000045776367,527451000
2023-08-17,43.31249237060547,43.34400177001953,44.0620002746582,43.000999450683594,43.970001220703125,452395000
2023-08-18,43.267520904541016,43.29899978637695,43.577999114990234,41.65999984741211,42.6349983215332,583768000
2023-08-21,46.9328498840332,46.96699905395508,47.064998626708984,44.22200012207031,44.49399948120117,692573000
2023-08-22,45.634796142578125,45.667999267578125,48.1870002746582,45.33300018310547,48.1349983215332,755293000
2023-08-23,47.081756591796875,47.11600112915039,47.20000076293945,45.20800018310547,45.86600112915039,779046000
2023-08-24,47.12871170043945,47.16299819946289,50.26599884033203,47.159000396728516,50.215999603271484,1156044000
2023-08-25,45.98454666137695,46.018001556396484,47.80500030517578,45.02399826049805,47.012001037597656,925341000
2023-08-28,46.80094909667969,46.834999084472656,46.97999954223633,44.88800048828125,46.481998443603516,685192000
2023-08-29,48.74852752685547,48.784000396728516,49.08100128173828,46.39099884033203,46.66600036621094,701397000
2023-08-30,49.228179931640625,49.263999938964844,49.926998138427734,48.42499923706055,49.04399871826172,735206000
2023-08-31,49.31911849975586,49.35499954223633,49.74399948120117,48.95800018310547,49.380001068115234,528570000
2023-09-01,48.47372817993164,48.50899887084961,49.79999923706055,48.141998291015625,49.762001037597656,463830000
2023-09-05,48.5127067565918,48.54800033569336,48.85100173950195,47.86000061035156,48.222999572753906,382653000
2023-09-06,47.03066635131836,47.06100082397461,48.54899978637695,46.58000183105469,48.441001892089844,468670000
2023-09-07,46.2111930847168,46.24100112915039,46.34400177001953,45.152000427246094,45.525001525878906,433330000
2023-09-08,45.54262161254883,45.571998596191406,46.60599899291992,45.270999908447266,45.94200134277344,473069000
2023-09-11,45.148868560791016,45.178001403808594,46.16299819946289,44.3120002746582,46.14799880981445,473966000
2023-09-12,44.84107208251953,44.869998931884766,45.67300033569336,44.53099822998047,44.737998962402344,349256000
2023-09-13,45.45568084716797,45.48500061035156,45.93000030517578,44.50299835205078,44.599998474121094,398355000
2023-09-14,45.551612854003906,45.58100128173828,45.98699951171875,45.13100051879883,45.95000076293945,370097000
2023-09-15,43.871700286865234,43.900001525878906,45.5989990234375,43.80799865722656,45.340999603271484,506831000
2023-09-18,43.93764877319336,43.965999603271484,44.242000579833984,42.0,42.74800109863281,500271000
2023-09-19,43.491943359375,43.52000045776367,43.965999603271484,43.00199890136719,43.83300018310547,373064000
2023-09-20,42.211769104003906,42.23899841308594,43.90299987792969,42.222999572753906,43.599998474121094,367108000
2023-09-21,40.99055862426758,41.016998291015625,42.099998474121094,40.97999954223633,41.58300018310547,450736000
2023-09-22,41.58317565917969,41.61000061035156,42.1150016784668,41.23099899291992,41.571998596191406,479236000
2023-09-25,42.19477844238281,42.22200012207031,42.5359992980957,41.176998138427734,41.590999603271484,419091000
2023-09-26,41.88398361206055,41.9109992980957,42.81999969482422,41.654998779296875,42.000999450683594,402282000
2023-09-27,42.44062423706055,42.46799850463867,42.87200164794922,41.62900161743164,42.33000183105469,444935000
2023-09-28,43.06121826171875,43.0890007019043,43.44599914550781,42.1150016784668,42.459999084472656,424663000
2023-09-29,43.47096252441406,43.499000549316406,44.14400100708008,43.30699920654297,43.82699966430664,397830000
2023-10-02,44.75312805175781,44.78200149536133,45.17499923706055,43.861000061035156,44.029998779296875,433298000
2023-10-03,43.48894119262695,43.516998291015625,45.130001068115234,43.24599838256836,44.80799865722656,470850000
2023-10-04,44.012611389160156,44.04100036621094,44.143001556396484,43.29199981689453,43.742000579833984,361821000
2023-10-05,44.6591911315918,44.6879997253418,44.900001525878906,43.88800048828125,44.04999923706055,393483000
2023-10-06,45.73249816894531,45.762001037597656,45.78900146484375,44.0260009765625,44.19300079345703,434436000
2023-10-09,45.243812561035156,45.27299880981445,45.60499954223633,44.36800003051758,44.84199905395508,409675000
2023-10-10,45.76847457885742,45.79800033569336,46.25899887084961,45.0880012512207,45.310001373291016,368582000
2023-10-11,46.775821685791016,46.805999755859375,46.85900115966797,46.04999923706055,46.19599914550781,378137000
2023-10-12,46.91473388671875,46.94499969482422,47.60900115966797,46.33000183105469,46.777000427246094,481325000
2023-10-13,45.43169021606445,45.46099853515625,47.11600112915039,45.279998779296875,46.959999084472656,474115000
2023-10-16,46.06528854370117,46.095001220703125,46.224998474121094,44.9119987487793,45.0629997253418,375099000
2023-10-17,43.90967559814453,43.9379997253418,44.75400161743164,42.47999954223633,44.0,812333000
2023-10-18,42.16879653930664,42.19599914550781,43.21900177001953,41.82500076293945,42.590999603271484,627294000
2023-10-19,42.07386016845703,42.10100173950195,43.297000885009766,41.88199996948242,42.81100082397461,501233000
2023-10-20,41.360321044921875,41.387001037597656,42.470001220703125,41.077999114990234,41.88999938964844,477266000
2023-10-23,42.94729232788086,42.974998474121094,43.24800109863281,40.94499969482422,41.229000091552734,478530000
2023-10-24,43.634849548339844,43.66299819946289,43.696998596191406,42.691001892089844,43.07699966430664,401463000
2023-10-25,41.752071380615234,41.77899932861328,43.650001525878906,41.55500030517578,43.39799880981445,398379000
2023-10-26,40.30000305175781,40.32600021362305,42.25600051879883,39.880001068115234,41.85300064086914,541001000
2023-10-27,40.47389221191406,40.5,41.20600128173828,40.01499938964844,41.130001068115234,416784000
2023-10-30,41.13446807861328,41.1609992980957,41.76599884033203,40.48099899291992,41.08700180053711,388028000
2023-10-31,40.75371170043945,40.779998779296875,40.87900161743164,39.22999954223633,40.45000076293945,517969000
2023-11-01,42.29772186279297,42.32500076293945,42.38100051879883,40.86899948120117,40.88399887084961,437593000
2023-11-02,43.47795104980469,43.50600051879883,43.88399887084961,42.89400100708008,43.327999114990234,409172000
2023-11-03,44.97598648071289,45.005001068115234,45.308998107910156,43.722999572753906,44.02000045776367,424610000
2023-11-06,45.721500396728516,45.750999450683594,45.935001373291016,44.89899826049805,45.28499984741211,400733000
2023-11-07,45.92538070678711,45.95500183105469,46.21799850463867,45.15800094604492,45.71900177001953,343165000
2023-11-08,46.543975830078125,46.57400131225586,46.867000579833984,45.96799850463867,46.099998474121094,346719000
2023-11-09,46.919734954833984,46.95000076293945,48.22999954223633,46.75,47.46699905395508,540496000
2023-11-10,48.303836822509766,48.334999084472656,48.47200012207031,47.28300094604492,47.5,421245000
2023-11-13,48.588653564453125,48.619998931884766,49.11600112915039,48.0989990234375,48.31999969482422,384136000
2023-11-14,49.62398147583008,49.65599822998047,49.83399963378906,49.040000915527344,49.68000030517578,416954000
2023-11-15,48.85648727416992,48.88800048828125,49.959999084472656,48.20000076293945,49.935001373291016,475497000
2023-11-16,49.4481086730957,49.47999954223633,49.525001525878906,48.33000183105469,48.67900085449219,339756000
2023-11-17,49.2662239074707,49.29800033569336,49.71699905395508,49.00699996948242,49.52399826049805,325205000
2023-11-20,50.37650680541992,50.409000396728516,50.54800033569336,49.180999755859375,49.3120002746582,414120000
2023-11-21,49.911800384521484,49.944000244140625,50.516998291015625,49.22200012207031,50.125999450683594,565747000
2023-11-22,48.68458938598633,48.715999603271484,50.334999084472656,47.689998626708984,49.85200119018555,899420000
2023-11-24,47.74520492553711,47.7760009765625,48.92100143432617,47.744998931884766,48.470001220703125,294645000
2023-11-27,48.21089553833008,48.242000579833984,48.529998779296875,47.652000427246094,47.79999923706055,395662000
2023-11-28,47.79016876220703,47.82099914550781,48.323001861572266,47.472999572753906,48.236000061035156,401491000
2023-11-29,48.108970642089844,48.13999938964844,48.762001037597656,47.86000061035156,48.37900161743164,382005000
2023-11-30,46.73985290527344,46.77000045776367,48.11000061035156,46.422000885009766,48.02399826049805,526247000
2023-12-01,46.7348518371582,46.76499938964844,47.20000076293945,46.1870002746582,46.525001525878906,369317000
2023-12-04,45.480655670166016,45.5099983215332,46.07699966430664,45.0099983215332,46.07699966430664,437543000
2023-12-05,46.540077209472656,46.566001892089844,46.599998474121094,45.270999908447266,45.465999603271484,371718000
2023-12-06,45.477657318115234,45.50299835205078,47.387001037597656,45.4119987487793,47.21500015258789,380590000
2023-12-07,46.57005310058594,46.59600067138672,46.62900161743164,45.604000091552734,45.70000076293945,350823000
2023-12-08,47.47954559326172,47.50600051879883,47.74100112915039,46.54999923706055,46.595001220703125,359224000
2023-12-11,46.601036071777344,46.62699890136719,47.53099822998047,45.83000183105469,47.49100112915039,509728000
2023-12-12,47.630462646484375,47.65700149536133,47.66600036621094,46.04600143432617,46.04600143432617,372387000
2023-12-13,48.06122970581055,48.0880012512207,48.59400177001953,47.608001708984375,47.62900161743164,447792000
2023-12-14,48.32307815551758,48.349998474121094,48.66999816894531,47.422000885009766,48.38999938964844,391232000
2023-12-15,48.86277770996094,48.88999938964844,49.40399932861328,48.119998931884766,48.194000244140625,479948000
2023-12-18,50.04911804199219,50.07699966430664,50.43299865722656,49.150001525878906,49.400001525878906,412587000
2023-12-19,49.576377868652344,49.604000091552734,49.70000076293945,48.89500045776367,49.42399978637695,464444000
2023-12-20,48.084205627441406,48.111000061035156,49.999000549316406,48.097999572753906,49.654998779296875,397894000
2023-12-21,48.96271896362305,48.9900016784668,49.095001220703125,48.41899871826172,48.81100082397461,300425000
2023-12-22,48.80281066894531,48.83000183105469,49.382999420166016,48.46699905395508,49.19499969482422,252507000
2023-12-26,49.251556396484375,49.27899932861328,49.599998474121094,48.959999084472656,48.96799850463867,244200000
2023-12-27,49.38948440551758,49.41699981689453,49.68000030517578,49.084999084472656,49.51100158691406,233648000
2023-12-28,49.49443054199219,49.52199935913086,49.88399887084961,49.4119987487793,49.643001556396484,246587000
2023-12-29,49.49443054199219,49.52199935913086,49.99700164794922,48.750999450683594,49.8129997253418,389293000
2024-01-02,48.14117431640625,48.167999267578125,49.29499816894531,47.595001220703125,49.24399948120117,411254000
2024-01-03,47.542510986328125,47.569000244140625,48.183998107910156,47.31999969482422,47.48500061035156,320896000
2024-01-04,47.971275329589844,47.99800109863281,48.5,47.507999420166016,47.766998291015625,306535000
2024-01-05,49.06965637207031,49.09700012207031,49.547000885009766,48.305999755859375,48.46200180053711,415039000
2024-01-08,52.22390365600586,52.25299835205078,52.275001525878906,49.479000091552734,49.512001037597656,642510000
2024-01-09,53.11041259765625,53.13999938964844,54.32500076293945,51.689998626708984,52.4010009765625,773100000
2024-01-10,54.31973648071289,54.349998474121094,54.599998474121094,53.48899841308594,53.61600112915039,533796000
2024-01-11,54.791473388671875,54.821998596191406,55.34600067138672,53.560001373291016,54.999000549316406,596759000
2024-01-12,54.679534912109375,54.709999084472656,54.970001220703125,54.33000183105469,54.619998931884766,352994000
2024-01-16,56.350608825683594,56.38199996948242,56.834999084472656,54.900001525878906,55.018001556396484,449580000
2024-01-17,56.02178955078125,56.053001403808594,56.47100067138672,54.7400016784668,56.34700012207031,474394000
2024-01-18,57.0752067565918,57.106998443603516,57.599998474121094,56.106998443603516,57.2599983215332,491650000
2024-01-19,59.45787048339844,59.49100112915039,59.5,57.224998474121094,57.98899841308594,543501000
2024-01-22,59.62078094482422,59.65399932861328,60.33100128173828,59.06999969482422,60.04899978637695,452955000
2024-01-23,59.839664459228516,59.87300109863281,59.90999984741211,58.584999084472656,59.56999969482422,294654000
2024-01-24,61.32782745361328,61.36199951171875,62.8489990234375,59.9379997253418,60.30400085449219,560271000
2024-01-25,61.58268356323242,61.617000579833984,62.71900177001953,60.849998474121094,62.349998474121094,482777000
2024-01-26,60.99701690673828,61.03099822998047,61.78300094604492,60.573001861572266,60.959999084472656,390309000
2024-01-29,62.43021774291992,62.46500015258789,62.48899841308594,60.90700149536133,61.231998443603516,348733000
2024-01-30,62.73904800415039,62.77399826049805,63.49300003051758,62.2599983215332,62.900001525878906,410735000
2024-01-31,61.492740631103516,61.527000427246094,62.26900100708008,60.70000076293945,61.439998626708984,453795000
2024-02-01,62.99190902709961,63.027000427246094,63.191001892089844,61.650001525878906,62.099998474121094,369146000
2024-02-02,66.12316131591797,66.16000366210938,66.5999984741211,63.689998626708984,63.9739990234375,476578000
2024-02-05,69.29340362548828,69.33200073242188,69.49700164794922,67.20500183105469,68.2249984741211,680078000
2024-02-06,68.18501281738281,68.2229995727539,69.75399780273438,66.30000305175781,69.62999725341797,683111000
2024-02-07,70.0599594116211,70.0989990234375,70.22000122070312,67.5999984741211,68.31900024414062,495575000
2024-02-08,69.60221099853516,69.64099884033203,70.79399871826172,69.45500183105469,70.0739974975586,414422000
2024-02-09,72.09284210205078,72.13300323486328,72.18499755859375,70.21199798583984,70.53299713134766,436637000
2024-02-12,72.20777130126953,72.24800109863281,74.61100006103516,71.25,72.5999984741211,613710000
2024-02-13,72.08784484863281,72.12799835205078,73.44999694824219,69.62000274658203,70.4000015258789,602580000
2024-02-14,73.85887145996094,73.9000015258789,74.23600006103516,71.93800354003906,73.2020034790039,504917000
2024-02-15,72.6175308227539,72.65799713134766,73.9749984741211,72.4000015258789,73.86900329589844,420122000
2024-02-16,72.57255554199219,72.61299896240234,74.4020004272461,72.5009994506836,74.0999984741211,495327000
2024-02-20,69.41332244873047,69.4520034790039,71.95600128173828,67.73400115966797,71.9469985961914,704833000
2024-02-21,67.43443298339844,67.47200012207031,68.88800048828125,66.24800109863281,68.00599670410156,673755000
2024-02-22,78.49427795410156,78.53800201416016,78.57499694824219,74.22000122070312,75.0250015258789,865100000
2024-02-23,78.77310943603516,78.81700134277344,82.39399719238281,77.56999969482422,80.79000091552734,829388000
2024-02-26,79.04796600341797,79.09200286865234,80.64600372314453,78.50499725341797,79.69999694824219,503973000
2024-02-27,78.65718078613281,78.70099639892578,79.4800033569336,77.16200256347656,79.38099670410156,391705000
2024-02-28,77.6197509765625,77.66300201416016,78.93299865722656,77.125,77.62000274658203,393110000
2024-02-29,79.06794738769531,79.11199951171875,79.98999786376953,78.3499984741211,79.09400177001953,507289000
2024-03-01,82.23318481445312,82.27899932861328,82.30000305175781,79.43499755859375,80.0,479135000
2024-03-04,85.18952178955078,85.23699951171875,87.69499969482422,83.71900177001953,84.12999725341797,615616000
2024-03-05,85.920166015625,85.96399688720703,86.09700012207031,83.41699981689453,85.2699966430664,520639000
2024-03-06,88.65476989746094,88.69999694824219,89.7239990234375,87.02999877929688,88.02200317382812,582520000
2024-03-07,92.62173461914062,92.66899871826172,92.76699829101562,89.60199737548828,90.15799713134766,608119000
2024-03-08,87.48336791992188,87.52799987792969,97.4000015258789,86.50599670410156,95.13800048828125,1142269000
2024-03-11,85.73025512695312,85.77400207519531,88.7969970703125,84.16600036621094,86.42900085449219,678364000
2024-03-12,91.86614227294922,91.91300201416016,91.95999908447266,86.1500015258789,88.04900360107422,668075000
2024-03-13,90.8416519165039,90.88800048828125,91.50399780273438,88.43499755859375,91.05500030517578,635713000
2024-03-14,87.89915466308594,87.94400024414062,90.64600372314453,86.5999984741211,89.5770034790039,602318000
2024-03-15,87.79220581054688,87.83699798583984,89.5459976196289,86.25700378417969,86.93000030517578,642086000
2024-03-18,88.4098892211914,88.45500183105469,92.40499877929688,87.08499908447266,90.38800048828125,668976000
2024-03-19,89.3524169921875,89.39800262451172,90.54399871826172,85.01000213623047,86.69999694824219,672171000
2024-03-20,90.32592010498047,90.37200164794922,90.41000366210938,88.2229995727539,89.7969970703125,479063000
2024-03-21,91.38836669921875,91.43499755859375,92.64800262451172,90.40499877929688,92.30000305175781,480372000
2024-03-22,94.24092102050781,94.28900146484375,94.77799987792969,90.83399963378906,91.14099884033203,586719000
2024-03-25,94.95354461669922,95.00199890136719,96.76599884033203,93.51000213623047,93.94100189208984,552136000
2024-03-26,92.51380157470703,92.56099700927734,96.375,92.50199890136719,95.85099792480469,513648000
2024-03-27,90.20397186279297,90.25,93.23999786376953,89.12300109863281,93.11199951171875,586067000
2024-03-28,90.30992126464844,90.35600280761719,91.30000305175781,89.19300079345703,90.0,435212000
2024-04-01,90.3169174194336,90.36299896240234,92.2249984741211,89.2040023803711,90.29900360107422,452441000
2024-04-02,89.40638732910156,89.4520034790039,90.09400177001953,87.62000274658203,88.447998046875,433064000
2024-04-03,88.91863250732422,88.96399688720703,90.3740005493164,88.4000015258789,88.48400115966797,370067000
2024-04-04,85.8611831665039,85.90499877929688,90.63400268554688,85.87999725341797,90.40599822998047,434965000
2024-04-05,87.96311950683594,88.00800323486328,88.48100280761719,85.9260025024414,86.86599731445312,399678000
2024-04-08,87.08856201171875,87.13300323486328,88.83000183105469,86.73200225830078,88.69999694824219,283220000
2024-04-09,85.31045532226562,85.35399627685547,87.63500213623047,83.02200317382812,87.44200134277344,501700000
2024-04-10,86.99461364746094,87.03900146484375,87.4000015258789,83.70899963378906,83.9260025024414,431929000
2024-04-11,90.56978607177734,90.61599731445312,90.73899841308594,86.9260025024414,87.41999816894531,431637000
2024-04-12,88.14102935791016,88.18599700927734,90.17500305175781,87.52999877929688,89.6989974975586,426805000
2024-04-15,85.9571533203125,86.0009994506836,90.61299896240234,85.92900085449219,89.0979995727539,443077000
2024-04-16,87.37042999267578,87.41500091552734,88.11799621582031,86.06400299072266,86.43299865722656,370453000
2024-04-17,83.99214172363281,84.03500366210938,88.7750015258789,83.94999694824219,88.33999633789062,495400000
2024-04-18,84.62782287597656,84.6709976196289,86.19000244140625,82.4020004272461,84.97000122070312,447260000
2024-04-19,76.16114807128906,76.19999694824219,84.3239974975586,75.60600280761719,83.1500015258789,875198000
2024-04-22,79.47744750976562,79.51799774169922,80.072998046875,76.4000015258789,78.10399627685547,596341000
2024-04-23,82.38097381591797,82.4229965209961,82.76899719238281,80.26399993896484,80.76899719238281,438559000
2024-04-24,79.6363754272461,79.677001953125,84.08200073242188,79.18299865722656,83.94999694824219,512208000
2024-04-25,82.58985900878906,82.63200378417969,83.322998046875,78.2229995727539,78.86799621582031,424641000
2024-04-26,87.69026947021484,87.73500061035156,88.33100128173828,83.38700103759766,83.81800079345703,551011000
2024-04-29,87.7122573852539,87.75700378417969,87.99199676513672,85.26599884033203,87.59500122070312,388971000
2024-04-30,86.35794830322266,86.4020004272461,88.81900024414062,86.30000305175781,87.23999786376953,363709000
2024-05-01,82.99864196777344,83.04100036621094,86.0,81.25499725341797,85.0770034790039,559863000
2024-05-02,85.77323913574219,85.81700134277344,86.23699951171875,83.19999694824219,84.4489974975586,377898000
2024-05-03,88.74372100830078,88.78900146484375,89.28099822998047,87.04000091552734,87.78900146484375,398341000
2024-05-06,92.093017578125,92.13999938964844,92.22000122070312,89.05500030517578,89.38999938964844,376203000
2024-05-07,90.50782775878906,90.55400085449219,91.78099822998047,89.01100158691406,91.0979995727539,437342000
2024-05-08,90.36590576171875,90.41200256347656,91.19400024414062,89.41999816894531,89.48300170898438,325721000
2024-05-09,88.70175170898438,88.74700164794922,91.0719985961914,88.23100280761719,90.52899932861328,378013000
2024-05-10,89.83216094970703,89.87799835205078,91.4010009765625,89.22699737548828,90.30500030517578,335325000
2024-05-13,90.35291290283203,90.39900207519531,90.99800109863281,88.52899932861328,90.47799682617188,289680000
2024-05-14,91.3094253540039,91.35600280761719,91.6510009765625,88.93399810791016,89.5989990234375,296507000
2024-05-15,94.58174896240234,94.62999725341797,94.86199951171875,91.5989990234375,92.47200012207031,417735000
2024-05-16,94.31088256835938,94.35900115966797,95.81900024414062,94.10299682617188,94.91000366210938,323952000
2024-05-17,92.43183135986328,92.47899627685547,94.73999786376953,91.80599975585938,94.36900329589844,359691000
2024-05-20,94.7316665649414,94.77999877929688,95.19999694824219,93.44000244140625,93.75,318764000
2024-05-21,95.33736419677734,95.38600158691406,95.4000015258789,93.18000030517578,93.5989990234375,328946000
2024-05-22,94.90158081054688,94.94999694824219,96.0199966430664,93.2490005493164,95.45899963378906,548648000
2024-05-23,103.7460708618164,103.79900360107422,106.31999969482422,101.5199966430664,102.02799987792969,835065000
2024-05-24,106.41470336914062,106.46900177001953,106.4749984741211,103.0,104.4489974975586,429494000
2024-05-28,113.84291076660156,113.9010009765625,114.93900299072266,109.88300323486328,110.24400329589844,652728000
2024-05-29,114.76644897460938,114.82499694824219,115.49199676513672,110.9010009765625,113.05000305175781,557442000
2024-05-30,110.44364929199219,110.5,115.81900024414062,109.66300201416016,114.6500015258789,484553000
2024-05-31,109.57709503173828,109.63300323486328,112.71700286865234,106.94000244140625,112.5199966430664,613263000
2024-06-03,114.94135284423828,115.0,115.0,112.00299835205078,113.62100219726562,438392000
2024-06-04,116.37763214111328,116.43699645996094,116.5999984741211,114.04499816894531,115.71600341796875,403324000
2024-06-05,122.37757110595703,122.44000244140625,122.4489974975586,117.46800231933594,118.37100219726562,528402000
2024-06-06,120.93629455566406,120.99800109863281,125.58699798583984,118.31999969482422,124.0479965209961,664696000
2024-06-07,120.82636260986328,120.88800048828125,121.69200134277344,118.02200317382812,119.7699966430664,412386000
2024-06-10,121.72789764404297,121.79000091552734,123.0999984741211,117.01000213623047,120.37000274658203,313434100
2024-06-11,120.8582763671875,120.91000366210938,122.87000274658203,118.73999786376953,121.7699966430664,222551200
2024-06-12,125.14643859863281,125.19999694824219,126.87999725341797,122.56999969482422,123.05999755859375,299595000
2024-06-13,129.55453491210938,129.61000061035156,129.8000030517578,127.16000366210938,129.38999938964844,260704500
2024-06-14,131.82359313964844,131.8800048828125,132.83999633789062,128.32000732421875,129.9600067138672,309320400
2024-06-17,130.92396545410156,130.97999572753906,133.72999572753906,129.5800018310547,132.99000549316406,288504400
2024-06-18,135.52200317382812,135.5800018310547,136.3300018310547,130.69000244140625,131.13999938964844,294335100
2024-06-20,130.72406005859375,130.77999877929688,140.75999450683594,129.52000427246094,139.8000030517578,517768400
2024-06-21,126.51585388183594,126.56999969482422,130.6300048828125,124.30000305175781,127.12000274658203,649445800
2024-06-24,118.0594711303711,118.11000061035156,124.45999908447266,118.04000091552734,123.23999786376953,476060900
2024-06-25,126.0360336303711,126.08999633789062,126.5,119.31999969482422,121.19999694824219,414192600
2024-06-26,126.34593200683594,126.4000015258789,128.1199951171875,122.5999984741211,126.12999725341797,362975900
2024-06-27,123.93695831298828,123.98999786376953,126.41000366210938,122.91999816894531,124.0999984741211,252571700
2024-06-28,123.48715209960938,123.54000091552734,127.70999908447266,122.75,124.58000183105469,315516700
2024-07-01,124.24681854248047,124.30000305175781,124.83999633789062,118.83000183105469,123.47000122070312,284885500
2024-07-02,122.61752319335938,122.66999816894531,123.41000366210938,121.02999877929688,121.12999725341797,218374000
2024-07-03,128.22511291503906,128.27999877929688,128.27999877929688,121.36000061035156,121.66000366210938,215749000
2024-07-05,125.77616882324219,125.83000183105469,128.85000610351562,125.68000030517578,127.37999725341797,214176700
2024-07-08,128.1451416015625,128.1999969482422,130.77000427246094,127.04000091552734,127.48999786376953,237677300
2024-07-09,131.3238067626953,131.3800048828125,133.82000732421875,128.64999389648438,130.35000610351562,285366600
2024-07-10,134.852294921875,134.91000366210938,135.10000610351562,132.4199981689453,134.02999877929688,248978600
2024-07-11,127.34551239013672,127.4000015258789,136.14999389648438,127.05000305175781,135.75,374782700
2024-07-12,129.18472290039062,129.24000549316406,131.9199981689453,127.22000122070312,128.25999450683594,252680500
2024-07-15,128.3850555419922,128.44000244140625,131.38999938964844,127.18000030517578,130.55999755859375,208326200
2024-07-16,126.3059310913086,126.36000061035156,129.0399932861328,124.58000183105469,128.44000244140625,214769500
2024-07-17,117.93951416015625,117.98999786376953,121.8499984741211,116.72000122070312,121.3499984741211,390086200
2024-07-18,121.03819274902344,121.08999633789062,122.4000015258789,116.55999755859375,121.8499984741211,320979500
2024-07-19,117.87955474853516,117.93000030517578,121.5999984741211,117.37000274658203,120.3499984741211,217223800
2024-07-22,123.48715209960938,123.54000091552734,124.06999969482422,119.86000061035156,120.3499984741211,258068900
2024-07-23,122.53755187988281,122.58999633789062,124.69000244140625,122.0999984741211,122.77999877929688,173911000
2024-07-24,114.20111846923828,114.25,119.94999694824219,113.44000244140625,119.16999816894531,327776900
2024-07-25,112.2319564819336,112.27999877929688,116.62999725341797,106.30000305175781,113.04000091552734,460067000
2024-07-26,113.0116195678711,113.05999755859375,116.19999694824219,111.58000183105469,116.19000244140625,293399100
2024-07-29,111.54224395751953,111.58999633789062,116.27999877929688,111.30000305175781,113.69000244140625,248152100
2024-07-30,103.68561553955078,103.7300033569336,111.98999786376953,102.54000091552734,111.5199966430664,486833300
2024-07-31,116.96992492675781,117.0199966430664,118.33999633789062,110.87999725341797,112.9000015258789,473174200
2024-08-01,109.16327667236328,109.20999908447266,120.16000366210938,106.80999755859375,117.52999877929688,523462300
2024-08-02,107.2240982055664,107.2699966430664,108.72000122070312,101.37000274658203,103.76000213623047,482027500
2024-08-05,100.40702056884766,100.44999694824219,103.41000366210938,90.69000244140625,92.05999755859375,552842400
2024-08-06,104.20540618896484,104.25,107.70999908447266,100.55000305175781,103.83999633789062,409012100
2024-08-07,98.86769104003906,98.91000366210938,108.80000305175781,98.69000244140625,107.80999755859375,411440400
2024-08-08,104.92508697509766,104.97000122070312,105.5,97.5199966430664,102.0,391910000
2024-08-09,104.70519256591797,104.75,106.5999984741211,103.43000030517578,105.63999938964844,290844200
2024-08-12,108.97335815429688,109.0199966430664,111.06999969482422,106.26000213623047,106.31999969482422,325559900
2024-08-13,116.0903091430664,116.13999938964844,116.2300033569336,111.58000183105469,112.44000244140625,312646700
2024-08-14,118.02947998046875,118.08000183105469,118.5999984741211,114.06999969482422,118.52999877929688,339246400
2024-08-15,122.80744171142578,122.86000061035156,123.23999786376953,117.47000122070312,118.76000213623047,318086700
2024-08-16,124.52669525146484,124.58000183105469,125.0,121.18000030517578,121.94000244140625,302589900
2024-08-19,129.9443817138672,130.0,130.0,123.41999816894531,124.27999877929688,318333600
2024-08-20,127.195556640625,127.25,129.8800048828125,125.88999938964844,128.39999389648438,300087400
2024-08-21,128.4450225830078,128.5,129.35000610351562,126.66000366210938,127.31999969482422,257883600
2024-08-22,123.68706512451172,123.73999786376953,130.75,123.0999984741211,130.02000427246094,376189100
2024-08-23,129.31463623046875,129.3699951171875,129.60000610351562,125.22000122070312,125.86000061035156,323230300
2024-08-26,126.40589904785156,126.45999908447266,131.25999450683594,124.37000274658203,129.57000732421875,331964700
2024-08-27,128.2451171875,128.3000030517578,129.1999969482422,123.87999725341797,125.05000305175781,303134600
2024-08-28,125.55626678466797,125.61000061035156,128.3300018310547,122.63999938964844,128.1199951171875,448101100
2024-08-29,117.53968811035156,117.58999633789062,124.43000030517578,116.70999908447266,121.36000061035156,453023300
2024-08-30,119.31893157958984,119.37000274658203,121.75,117.22000122070312,119.52999877929688,333751600
2024-09-03,107.95378875732422,108.0,116.20999908447266,107.29000091552734,116.01000213623047,477155100
2024-09-04,106.16455078125,106.20999908447266,113.2699966430664,104.12000274658203,105.41000366210938,372470300
2024-09-05,107.16413116455078,107.20999908447266,109.6500015258789,104.76000213623047,104.98999786376953,306850700
2024-09-06,102.7860107421875,102.83000183105469,108.1500015258789,100.94999694824219,108.04000091552734,413638100
2024-09-09,106.42444610595703,106.47000122070312,106.55000305175781,103.69000244140625,104.87999725341797,273912000
2024-09-10,108.05374908447266,108.0999984741211,109.4000015258789,104.94999694824219,107.80999755859375,268283700
2024-09-11,116.85997772216797,116.91000366210938,117.19000244140625,107.41999816894531,109.38999938964844,441422400
2024-09-12,119.0992202758789,119.13999938964844,120.79000091552734,115.37999725341797,116.83999633789062,366052700
2024-09-13,119.05923461914062,119.0999984741211,119.95999908447266,117.5999984741211,119.08000183105469,238358300
2024-09-16,116.74002075195312,116.77999877929688,118.18000030517578,114.36000061035156,116.79000091552734,248772300
2024-09-17,115.55043029785156,115.58999633789062,118.80000305175781,114.83000183105469,118.16999816894531,231925900
2024-09-18,113.33119201660156,113.37000274658203,117.69999694824219,113.22000122070312,115.88999938964844,310318900
2024-09-19,117.82965087890625,117.87000274658203,119.66000366210938,117.25,117.3499984741211,293506400
2024-09-20,115.96029663085938,116.0,118.62000274658203,115.38999938964844,117.05999755859375,382462400
2024-09-23,116.22020721435547,116.26000213623047,116.98999786376953,114.86000061035156,116.55000305175781,206228500
2024-09-24,120.82862854003906,120.87000274658203,121.80000305175781,115.37999725341797,116.5199966430664,354966800
2024-09-25,123.46772003173828,123.51000213623047,124.94000244140625,121.61000061035156,122.0199966430664,284692900
2024-09-26,123.9975357055664,124.04000091552734,127.66999816894531,121.80000305175781,126.80000305175781,302582900
2024-09-27,121.35844421386719,121.4000015258789,124.02999877929688,119.26000213623047,123.97000122070312,271009200
2024-09-30,121.39842987060547,121.44000244140625,121.5,118.1500015258789,118.30999755859375,226553700
2024-10-01,116.95994567871094,117.0,122.44000244140625,115.79000091552734,121.7699966430664,302094500
2024-10-02,118.80931854248047,118.8499984741211,119.37999725341797,115.13999938964844,116.44000244140625,221845900
2024-10-03,122.80794525146484,122.8499984741211,124.36000061035156,120.33999633789062,120.91999816894531,277118000
2024-10-04,124.87723541259766,124.91999816894531,125.04000091552734,121.83000183105469,124.94000244140625,243678100
2024-10-07,127.67628479003906,127.72000122070312,130.63999938964844,124.94999694824219,124.98999786376953,346250200
2024-10-08,132.84449768066406,132.88999938964844,133.47999572753906,129.4199981689453,130.25999450683594,285722500
2024-10-09,132.60458374023438,132.64999389648438,134.52000427246094,131.3800048828125,134.11000061035156,246191600
2024-10-10,134.76385498046875,134.80999755859375,135.0,131.0,131.91000366210938,242311300
2024-10-11,134.7538604736328,134.8000030517578,135.77999877929688,133.66000366210938,134.00999450683594,170209500
2024-10-14,138.0227508544922,138.07000732421875,139.60000610351562,136.3000030517578,136.47000122070312,232347700
2024-10-15,131.55496215820312,131.60000610351562,138.57000732421875,128.74000549316406,137.8699951171875,377831000
2024-10-16,135.6735382080078,135.72000122070312,136.6199951171875,131.5800018310547,133.97999572753906,264879700
2024-10-17,136.8831329345703,136.92999267578125,140.88999938964844,136.8699951171875,139.33999633789062,306435900
2024-10-18,137.9527587890625,138.0,138.89999389648438,137.27999877929688,138.6699981689453,176090200
2024-10-21,143.6608123779297,143.7100067138672,143.7100067138672,138.0,138.1300048828125,264554500
2024-10-22,143.5408477783203,143.58999633789062,144.4199981689453,141.77999877929688,142.91000366210938,226311600
2024-10-23,139.51222229003906,139.55999755859375,142.42999267578125,137.4600067138672,142.02999877929688,285930000
2024-10-24,140.3619384765625,140.41000366210938,141.35000610351562,138.4600067138672,140.82000732421875,172354900
2024-10-25,141.49154663085938,141.5399932861328,144.1300048828125,140.8000030517578,140.92999267578125,205122100
2024-10-28,140.47190856933594,140.52000427246094,143.13999938964844,140.0500030517578,143.0,173586700
2024-10-29,141.20164489746094,141.25,142.25999450683594,138.89999389648438,140.2899932861328,157593600
2024-10-30,139.29229736328125,139.33999633789062,140.3300018310547,136.80999755859375,139.5399932861328,179418100
2024-10-31,132.7145538330078,132.75999450683594,137.61000061035156,132.11000061035156,137.60000610351562,270039600
2024-11-01,135.35365295410156,135.39999389648438,137.30999755859375,134.57000732421875,134.6999969482422,207127800
2024-11-04,136.00343322753906,136.0500030517578,138.9600067138672,135.57000732421875,137.2100067138672,187528200
2024-11-05,139.8621063232422,139.91000366210938,140.3699951171875,137.3300018310547,137.4499969482422,160537400
2024-11-06,145.56016540527344,145.61000061035156,146.49000549316406,141.9600067138672,142.9600067138672,242043900
2024-11-07,148.82904052734375,148.8800048828125,148.92999267578125,146.1699981689453,146.38999938964844,207323300
2024-11-08,147.57945251464844,147.6300048828125,149.77000427246094,146.25999450683594,148.77000427246094,175665800
2024-11-11,145.21026611328125,145.25999450683594,148.85000610351562,143.57000732421875,148.67999267578125,182325600
2024-11-12,148.2392120361328,148.2899932861328,149.64999389648438,146.00999450683594,146.77999877929688,198634700
2024-11-13,146.21994018554688,146.27000427246094,149.3300018310547,145.89999389648438,149.07000732421875,191903300
2024-11-14,146.7097625732422,146.75999450683594,149.0,145.5500030517578,147.63999938964844,194463300
2024-11-15,141.93138122558594,141.97999572753906,145.24000549316406,140.0800018310547,144.8699951171875,250132900
2024-11-18,140.1020050048828,140.14999389648438,141.5500030517578,137.14999389648438,139.5,221205300
2024-11-19,146.9596710205078,147.00999450683594,147.1300048828125,140.99000549316406,141.32000732421875,227834900
2024-11-20,145.84005737304688,145.88999938964844,147.55999755859375,142.72999572753906,147.41000366210938,309871700
2024-11-21,146.6197967529297,146.6699981689453,152.88999938964844,140.6999969482422,149.35000610351562,400946600
2024-11-22,141.90139770507812,141.9499969482422,147.16000366210938,141.10000610351562,145.92999267578125,236406200
2024-11-25,135.9734344482422,136.02000427246094,142.0500030517578,135.82000732421875,141.99000549316406,344941900
2024-11-26,136.87313842773438,136.9199981689453,139.3000030517578,135.6699981689453,137.6999969482422,190287700
2024-11-27,135.2936553955078,135.33999633789062,137.22000122070312,131.8000030517578,135.00999450683594,226370900
2024-11-29,138.2026824951172,138.25,139.35000610351562,136.0500030517578,136.77999877929688,141863200
2024-12-02,138.58255004882812,138.6300048828125,140.4499969482422,137.82000732421875,138.8300018310547,171682800
2024-12-03,140.2119903564453,140.25999450683594,140.5399932861328,137.9499969482422,138.25999450683594,164414000
2024-12-04,145.09031677246094,145.13999938964844,145.7899932861328,140.2899932861328,142.0,231224300
2024-12-05,145.0203399658203,145.05999755859375,146.5399932861328,143.9499969482422,145.11000061035156,172621200
2024-12-06,142.40106201171875,142.44000244140625,145.6999969482422,141.30999755859375,144.60000610351562,188505600
2024-12-09,138.77203369140625,138.80999755859375,139.9499969482422,137.1300048828125,138.97000122070312,189308600
2024-12-10,135.03306579589844,135.07000732421875,141.82000732421875,133.7899932861328,139.00999450683594,210020900
2024-12-11,139.2718963623047,139.30999755859375,140.1699981689453,135.2100067138672,137.36000061035156,184905200
2024-12-12,137.3024444580078,137.33999633789062,138.44000244140625,135.8000030517578,137.0800018310547,159211400
2024-12-13,134.21328735351562,134.25,139.60000610351562,132.5399932861328,138.94000244140625,231514900
2024-12-16,131.96389770507812,132.0,134.39999389648438,130.4199981689453,134.17999267578125,237951100
2024-12-17,130.35433959960938,130.38999938964844,131.58999633789062,126.86000061035156,129.08999633789062,259410300
2024-12-18,128.874755859375,128.91000366210938,136.6999969482422,128.27999877929688,133.86000061035156,277444500
2024-12-19,130.6442413330078,130.67999267578125,134.02999877929688,129.5500030517578,131.75999450683594,209719200
2024-12-20,134.6631622314453,134.6999969482422,135.27999877929688,128.22000122070312,129.80999755859375,306528600
2024-12-23,139.63180541992188,139.6699981689453,139.7899932861328,135.1199951171875,136.27999877929688,176053500
2024-12-24,140.18167114257812,140.22000122070312,141.89999389648438,138.64999389648438,140.0,105157000
2024-12-26,139.89173889160156,139.92999267578125,140.85000610351562,137.72999572753906,139.6999969482422,116205600
2024-12-27,136.97251892089844,137.00999450683594,139.02000427246094,134.7100067138672,138.5500030517578,170582600
2024-12-30,137.452392578125,137.49000549316406,140.27000427246094,134.02000427246094,134.8300018310547,167734700
2024-12-31,134.25328063964844,134.2899932861328,138.07000732421875,133.8300018310547,138.02999877929688,155659200
2025-01-02,138.2721710205078,138.30999755859375,138.8800048828125,134.6300048828125,136.0,198247200
2025-01-03,144.4304962158203,144.47000122070312,144.89999389648438,139.72999572753906,140.00999450683594,229322500
2025-01-06,149.38912963867188,149.42999267578125,152.16000366210938,147.82000732421875,148.58999633789062,265377400
2025-01-07,140.10166931152344,140.13999938964844,153.1300048828125,140.00999450683594,153.02999877929688,351782200
2025-01-08,140.07168579101562,140.11000061035156,143.9499969482422,137.55999755859375,142.5800018310547,227349900
2025-01-10,135.8728485107422,135.91000366210938,139.9199981689453,134.22000122070312,137.4499969482422,207602500
2025-01-13,133.19357299804688,133.22999572753906,133.49000549316406,129.50999450683594,129.99000549316406,204808900
2025-01-14,131.7239532470703,131.75999450683594,136.3800048828125,130.0500030517578,136.0500030517578,195590500
2025-01-15,136.2027587890625,136.24000549316406,136.4499969482422,131.2899932861328,133.64999389648438,185217300
2025-01-16,133.53347778320312,133.57000732421875,138.75,133.49000549316406,138.63999938964844,209235600
2025-01-17,137.67234802246094,137.7100067138672,138.5,135.4600067138672,136.69000244140625,201188800
2025-01-21,140.79148864746094,140.8300018310547,141.8300018310547,137.08999633789062,139.16000366210938,197749000
2025-01-22,147.02981567382812,147.07000732421875,147.7899932861328,143.6699981689453,144.66000366210938,237651400
2025-01-23,147.17974853515625,147.22000122070312,147.22999572753906,143.72000122070312,145.0500030517578,155915500
2025-01-24,142.58099365234375,142.6199951171875,148.97000122070312,141.8800048828125,148.3699951171875,234657600
2025-01-27,118.38761901855469,118.41999816894531,128.39999389648438,116.69999694824219,124.80000305175781,818830900
2025-01-28,128.95472717285156,128.99000549316406,129.0,116.25,121.80999755859375,579666400
2025-01-29,123.66617584228516,123.69999694824219,126.88999938964844,120.05000305175781,126.5,467120600
2025-01-30,124.61592102050781,124.6500015258789,125.0,118.0999984741211,123.0999984741211,392925500
2025-01-31,120.03717041015625,120.06999969482422,127.8499984741211,119.19000244140625,123.77999877929688,388161100
2025-02-03,116.62810516357422,116.66000366210938,118.56999969482422,113.01000213623047,114.75,371235700
2025-02-04,118.6175537109375,118.6500015258789,121.19999694824219,116.69999694824219,116.95999908447266,256550000
2025-02-05,124.79586029052734,124.83000183105469,125.0,120.76000213623047,121.76000213623047,262230800
2025-02-06,128.64480590820312,128.67999267578125,128.77000427246094,125.20999908447266,127.41999816894531,251483600
2025-02-07,129.8044891357422,129.83999633789062,130.3699951171875,125.0,129.22000122070312,228186300
2025-02-10,133.53347778320312,133.57000732421875,135.0,129.9600067138672,130.08999633789062,216989100
2025-02-11,132.76370239257812,132.8000030517578,134.47999572753906,131.02000427246094,132.5800018310547,178902400
2025-02-12,131.10414123535156,131.13999938964844,132.24000549316406,129.0800018310547,130.02000427246094,160278600
2025-02-13,135.2530059814453,135.2899932861328,136.5,131.1699981689453,131.55999755859375,197430000
2025-02-14,138.81204223632812,138.85000610351562,139.25,135.5,136.47999572753906,195479600
2025-02-18,139.3618927001953,139.39999389648438,143.44000244140625,137.92999267578125,141.27000427246094,219176600
2025-02-19,139.19192504882812,139.22999572753906,141.36000061035156,137.22000122070312,139.50999450683594,167536000
2025-02-20,140.07168579101562,140.11000061035156,140.66000366210938,136.7899932861328,140.02999877929688,143903600
2025-02-21,134.3932342529297,134.42999267578125,141.4600067138672,134.02999877929688,140.0399932861328,228217600
2025-02-24,130.244384765625,130.27999877929688,138.58999633789062,130.0800018310547,136.55999755859375,251381100
2025-02-25,126.59536743164062,126.62999725341797,130.1999969482422,124.44000244140625,129.97999572753906,271428700
2025-02-26,131.24411010742188,131.27999877929688,133.72999572753906,128.49000549316406,129.99000549316406,322553800
2025-02-27,120.11714172363281,120.1500015258789,135.00999450683594,120.01000213623047,135.0,443175800
2025-02-28,124.8858413696289,124.91999816894531,125.08999633789062,116.4000015258789,118.0199966430664,389091100
2025-03-03,114.02880859375,114.05999755859375,123.69999694824219,112.27999877929688,123.51000213623047,411381400
2025-03-04,115.95828247070312,115.98999786376953,119.30999755859375,110.11000061035156,110.6500015258789,398163300
2025-03-05,117.2679214477539,117.30000305175781,118.27999877929688,114.51000213623047,117.58000183105469,284337900
2025-03-06,110.53976440429688,110.56999969482422,115.3499984741211,110.22000122070312,113.52999877929688,321181900
2025-03-07,112.65918731689453,112.69000244140625,113.4800033569336,107.55999755859375,111.25,341755500
2025-03-10,106.95075225830078,106.9800033569336,111.8499984741211,105.45999908447266,109.9000015258789,366487400
2025-03-11,108.73026275634766,108.76000213623047,112.23999786376953,104.7699966430664,106.98999786376953,354865700
2025-03-12,115.71900177001953,115.73999786376953,116.76000213623047,112.87999725341797,114.12000274658203,323857500
2025-03-13,115.55902862548828,115.58000183105469,117.76000213623047,113.79000091552734,117.02999877929688,299033100
2025-03-14,121.64791870117188,121.66999816894531,121.87999725341797,118.1500015258789,118.61000061035156,277593500
2025-03-17,119.50830841064453,119.52999877929688,122.88999938964844,118.02999877929688,122.73999786376953,255501500
2025-03-18,115.40904998779297,115.43000030517578,119.0199966430664,114.54000091552734,118.0,299686900
2025-03-19,117.49867248535156,117.5199966430664,120.44999694824219,115.68000030517578,117.2699966430664,273426200
2025-03-20,118.50848388671875,118.52999877929688,120.19999694824219,116.47000122070312,116.55000305175781,248829700
2025-03-21,117.67863464355469,117.69999694824219,117.98999786376953,115.41999816894531,116.94000244140625,266498500
2025-03-24,121.38796997070312,121.41000366210938,122.22000122070312,119.33999633789062,119.87999725341797,228452500
2025-03-25,120.66809844970703,120.69000244140625,121.29000091552734,118.91999816894531,120.55000305175781,167447200
2025-03-26,113.7393569946289,113.76000213623047,118.83999633789062,112.70999908447266,118.7300033569336,293463300
2025-03-27,111.40978240966797,111.43000030517578,114.44999694824219,110.66000366210938,111.3499984741211,236902100
2025-03-28,109.65010070800781,109.66999816894531,112.87000274658203,109.06999969482422,111.48999786376953,229872500
2025-03-31,108.3603286743164,108.37999725341797,110.95999908447266,103.6500015258789,105.12999725341797,299212700
2025-04-01,110.1300048828125,110.1500015258789,110.19999694824219,106.47000122070312,108.5199966430664,222614000
2025-04-02,110.39995574951172,110.41999816894531,111.9800033569336,106.79000091552734,107.29000091552734,220601200
2025-04-03,101.78152465820312,101.80000305175781,105.62999725341797,101.5999984741211,103.51000213623047,338769400
2025-04-04,94.29288482666016,94.30999755859375,100.12999725341797,92.11000061035156,98.91000366210938,532273800
2025-04-07,97.62227630615234,97.63999938964844,101.75,86.62000274658203,87.45999908447266,611041300
2025-04-08,96.28252410888672,96.30000305175781,105.8499984741211,94.45999908447266,103.80999755859375,476243400
2025-04-09,114.30924987792969,114.33000183105469,115.0999984741211,97.52999877929688,98.88999938964844,612918300
2025-04-10,107.55047607421875,107.56999969482422,110.86000061035156,99.1500015258789,109.37000274658203,437812400
2025-04-11,110.90986633300781,110.93000030517578,111.55000305175781,107.4800033569336,108.5,313417300
2025-04-14,110.68990325927734,110.70999908447266,114.29000091552734,109.06999969482422,114.11000061035156,264705000
2025-04-15,112.17963409423828,112.19999694824219,113.62000274658203,110.5,110.97000122070312,228966900
2025-04-16,104.47103881835938,104.48999786376953,106.79000091552734,100.44999694824219,104.55000305175781,397016900
2025-04-17,101.4715805053711,101.48999786376953,104.47000122070312,100.05000305175781,104.44999694824219,292517500
2025-04-21,96.89241790771484,96.91000366210938,99.44000244140625,95.04000091552734,98.7699966430664,288501100
2025-04-22,98.87205505371094,98.88999938964844,99.80999755859375,97.27999877929688,98.77999877929688,241004800
2025-04-23,102.69136047363281,102.70999908447266,104.80000305175781,102.0199966430664,104.5199966430664,247526000
2025-04-24,106.41067504882812,106.43000030517578,106.54000091552734,103.11000061035156,103.4800033569336,220815000
2025-04-25,110.98986053466797,111.01000213623047,111.91999816894531,105.7300033569336,106.8499984741211,251064700
2025-04-28,108.71026611328125,108.7300033569336,110.37000274658203,106.0199966430664,109.69000244140625,207708500
2025-04-29,109.00021362304688,109.0199966430664,110.19999694824219,107.44000244140625,107.66999816894531,170444300
2025-04-30,108.90023040771484,108.91999816894531,108.91999816894531,104.08000183105469,104.47000122070312,235044600
2025-05-01,111.5897445678711,111.61000061035156,114.94000244140625,111.30000305175781,113.08000183105469,236121500
2025-05-02,114.4792251586914,114.5,115.4000015258789,113.37000274658203,114.18000030517578,190194800
2025-05-05,113.79934692382812,113.81999969482422,114.66999816894531,112.66000366210938,112.91000366210938,133163200
2025-05-06,113.51940155029297,113.54000091552734,114.73999786376953,110.81999969482422,111.4800033569336,158525600
2025-05-07,117.03875732421875,117.05999755859375,117.68000030517578,112.27999877929688,113.05000305175781,206758800
2025-05-08,117.34870910644531,117.37000274658203,118.68000030517578,115.8499984741211,118.25,198428100
2025-05-09,116.62882995605469,116.6500015258789,118.2300033569336,115.20999908447266,117.3499984741211,132972200
2025-05-12,122.9776840209961,123.0,123.0,120.27999877929688,121.97000122070312,225023300
2025-05-13,129.9064178466797,129.92999267578125,131.22000122070312,124.47000122070312,124.9800033569336,330430100
2025-05-14,135.3154296875,135.33999633789062,135.44000244140625,131.67999267578125,133.1999969482422,281180800
2025-05-15,134.80552673339844,134.8300018310547,136.3000030517578,132.66000366210938,134.2899932861328,226632600
2025-05-16,135.37542724609375,135.39999389648438,136.35000610351562,133.4600067138672,136.22000122070312,226542500
2025-05-19,135.54539489746094,135.57000732421875,135.8699951171875,132.38999938964844,132.38999938964844,193154600
2025-05-20,134.35560607910156,134.3800048828125,134.5800018310547,132.6199951171875,134.2899932861328,161514200
2025-05-21,131.7760772705078,131.8000030517578,137.39999389648438,130.58999633789062,133.05999755859375,270608700
2025-05-22,132.80589294433594,132.8300018310547,134.25,131.5500030517578,132.22999572753906,187344000
2025-05-23,131.26617431640625,131.2899932861328,132.67999267578125,129.16000366210938,130.0,198821300
2025-05-27,135.47540283203125,135.5,135.66000366210938,133.30999755859375,134.14999389648438,192953600
2025-05-28,134.78553771972656,134.80999755859375,137.25,134.7899932861328,136.02999877929688,304021100
2025-05-29,139.1647491455078,139.19000244140625,143.49000549316406,137.91000366210938,142.25,369241900
2025-05-30,135.10548400878906,135.1300048828125,139.6199951171875,132.9199981689453,138.72000122070312,333170900
2025-06-02,137.35507202148438,137.3800048828125,138.1199951171875,135.39999389648438,135.49000549316406,197663100
2025-06-03,141.19436645507812,141.22000122070312,142.0,137.9499969482422,138.77999877929688,225578800
2025-06-04,141.8942413330078,141.9199981689453,142.38999938964844,139.5399932861328,142.19000244140625,167120800
2025-06-05,139.964599609375,139.99000549316406,144.0,138.8300018310547,142.1699981689453,231397900
2025-06-06,141.69427490234375,141.72000122070312,143.27000427246094,141.50999450683594,142.50999450683594,153986200
2025-06-09,142.6041259765625,142.6300048828125,145.0,141.94000244140625,143.19000244140625,185114500
2025-06-10,143.9338836669922,143.9600067138672,144.2899932861328,141.52999877929688,142.69000244140625,155881900
2025-06-11,142.81399536132812,142.8300018310547,144.99000549316406,141.8699951171875,144.61000061035156,167694000
2025-06-12,144.98374938964844,145.0,145.0,141.85000610351562,141.97000122070312,162365000
2025-06-13,141.95408630371094,141.97000122070312,143.5800018310547,140.85000610351562,142.47999572753906,180820600
2025-06-16,144.6737823486328,144.69000244140625,146.17999267578125,143.1999969482422,143.35000610351562,183133700
2025-06-17,144.1038360595703,144.1199951171875,145.22000122070312,143.77999877929688,144.49000549316406,139108000
2025-06-18,145.46368408203125,145.47999572753906,145.64999389648438,143.1199951171875,144.00999450683594,161494100
2025-06-20,143.83387756347656,143.85000610351562,146.1999969482422,142.64999389648438,145.4499969482422,242956200
2025-06-23,144.15383911132812,144.1699981689453,144.77999877929688,142.02999877929688,142.5,154308900
2025-06-24,147.88340759277344,147.89999389648438,147.9600067138672,145.5,145.55999755859375,187566100
2025-06-25,154.29270935058594,154.30999755859375,154.4499969482422,149.25999450683594,149.27000427246094,269146500
2025-06-26,155.00262451171875,155.02000427246094,156.72000122070312,154.0,155.97999572753906,198145700
2025-06-27,157.73231506347656,157.75,158.7100067138672,155.25999450683594,156.0399932861328,263234500
2025-06-30,157.97230529785156,157.99000549316406,158.66000366210938,155.9600067138672,158.39999389648438,194580300
2025-07-01,153.2828369140625,153.3000030517578,157.1999969482422,151.49000549316406,156.2899932861328,213143600
2025-07-02,157.2323760986328,157.25,157.60000610351562,152.97000122070312,152.97999572753906,171224100
2025-07-03,159.3221435546875,159.33999633789062,160.97999572753906,157.77000427246094,158.3699951171875,143716100
2025-07-07,158.22227478027344,158.24000549316406,159.30999755859375,157.33999633789062,158.1999969482422,140139000
2025-07-08,159.98207092285156,160.0,160.22000122070312,158.38999938964844,159.3300018310547,138133000
2025-07-09,162.86175537109375,162.8800048828125,164.4199981689453,161.16000366210938,161.22000122070312,183656400
2025-07-10,164.0816192626953,164.10000610351562,164.5,161.61000061035156,164.32000732421875,167704100
2025-07-11,164.90151977539062,164.9199981689453,167.88999938964844,163.47000122070312,163.72000122070312,193633300
2025-07-14,164.05162048339844,164.07000732421875,165.49000549316406,162.02000427246094,165.3699951171875,136975800
2025-07-15,170.6808624267578,170.6999969482422,172.39999389648438,169.1999969482422,171.19000244140625,230627400
2025-07-16,171.35079956054688,171.3699951171875,171.75,168.89999389648438,171.05999755859375,158831500
2025-07-17,172.98062133789062,173.0,174.16000366210938,170.8300018310547,172.02000427246094,160841100
2025-07-18,172.39068603515625,172.41000366210938,174.25,171.25999450683594,173.63999938964844,146456400
2025-07-21,171.36080932617188,171.3800048828125,173.3800048828125,171.0,172.75,123126100
2025-07-22,167.01129150390625,167.02999877929688,171.38999938964844,164.5800018310547,171.33999633789062,193114300
2025-07-23,170.7608642578125,170.77999877929688,171.25999450683594,167.97000122070312,169.52999877929688,154082200
2025-07-24,173.7205352783203,173.74000549316406,173.8300018310547,171.3000030517578,172.44000244140625,128984600
2025-07-25,173.48056030273438,173.5,174.72000122070312,172.9600067138672,173.61000061035156,122316800
2025-07-28,176.73019409179688,176.75,177.0,173.97000122070312,174.02000427246094,140023500
2025-07-29,175.49032592773438,175.50999450683594,179.3800048828125,175.02000427246094,177.9600067138672,154077500
2025-07-30,179.2499237060547,179.27000427246094,179.88999938964844,176.0399932861328,176.50999450683594,174312200
2025-07-31,177.85006713867188,177.8699951171875,183.3000030517578,175.92999267578125,182.89999389648438,221685400
2025-08-01,173.70053100585938,173.72000122070312,176.5399932861328,170.88999938964844,174.08999633789062,204529000
2025-08-04,179.97982788085938,180.0,180.1999969482422,174.52000427246094,175.16000366210938,148174600
2025-08-05,178.24002075195312,178.25999450683594,180.25999450683594,175.89999389648438,179.6199951171875,156407600
2025-08-06,179.39988708496094,179.4199981689453,179.89999389648438,176.25,176.3300018310547,137192300
2025-08-07,180.749755859375,180.77000427246094,183.8800048828125,178.8000030517578,181.57000732421875,151878400
2025-08-08,182.6795196533203,182.6999969482422,183.3000030517578,180.39999389648438,181.5500030517578,123396700
2025-08-11,182.0395965576172,182.05999755859375,183.83999633789062,180.25,182.0500030517578,138323200
2025-08-12,183.1394805908203,183.16000366210938,184.47999572753906,179.4600067138672,182.9600067138672,145485700
2025-08-13,181.5696563720703,181.58999633789062,183.97000122070312,179.35000610351562,182.6199951171875,179871700
2025-08-14,181.99960327148438,182.02000427246094,183.02000427246094,179.4600067138672,179.75,129554000
2025-08-15,180.42977905273438,180.4499969482422,181.89999389648438,178.0399932861328,181.8800048828125,156602200
2025-08-18,181.98959350585938,182.00999450683594,182.94000244140625,180.58999633789062,180.60000610351562,132008000
2025-08-19,175.6203155517578,175.63999938964844,182.5,175.49000549316406,182.42999267578125,185229200
2025-08-20,175.38034057617188,175.39999389648438,176.0,168.8000030517578,175.1699981689453,215142700
2025-08-21,174.96038818359375,174.97999572753906,176.89999389648438,173.80999755859375,174.85000610351562,140040900
2025-08-22,177.97006225585938,177.99000549316406,178.58999633789062,171.1999969482422,172.61000061035156,172789400
2025-08-25,179.78985595703125,179.80999755859375,181.91000366210938,176.57000732421875,178.35000610351562,163012800
2025-08-26,181.7496337890625,181.77000427246094,182.38999938964844,178.80999755859375,180.05999755859375,168688200
2025-08-27,181.57965087890625,181.60000610351562,182.49000549316406,179.10000610351562,181.97999572753906,235518900
2025-08-28,180.14981079101562,180.1699981689453,184.47000122070312,176.41000366210938,180.82000732421875,281787800
2025-08-29,174.1604766845703,174.17999267578125,178.14999389648438,173.14999389648438,178.11000061035156,243257900
2025-09-02,170.7608642578125,170.77999877929688,172.3800048828125,167.22000122070312,170.0,231164900
2025-09-03,170.60089111328125,170.6199951171875,172.41000366210938,168.8800048828125,171.05999755859375,164424900
2025-09-04,171.64077758789062,171.66000366210938,171.86000061035156,169.41000366210938,170.57000732421875,141670100
2025-09-05,167.0012969970703,167.02000427246094,169.02999877929688,164.07000732421875,168.02999877929688,224441400
2025-09-08,168.2911376953125,168.30999755859375,170.9600067138672,167.35000610351562,167.5500030517578,163769100
2025-09-09,170.74085998535156,170.75999450683594,170.97999572753906,166.74000549316406,169.08999633789062,157548400
2025-09-10,177.3101348876953,177.3300018310547,179.2899932861328,175.47000122070312,176.63999938964844,226852000
2025-09-11,177.16014099121094,177.1699981689453,180.27999877929688,176.47999572753906,179.67999267578125,151159300
2025-09-12,177.8101043701172,177.82000732421875,178.60000610351562,176.4499969482422,177.77000427246094,124911000
2025-09-15,177.74009704589844,177.75,178.85000610351562,174.50999450683594,175.6699981689453,147061600
2025-09-16,174.87026977539062,174.8800048828125,177.5,174.3800048828125,177.0,140737800
2025-09-17,170.280517578125,170.2899932861328,173.1999969482422,168.41000366210938,172.63999938964844,211843800
2025-09-18,176.23019409179688,176.24000549316406,177.10000610351562,172.9600067138672,173.97999572753906,191763300
2025-09-19,176.66015625,176.6699981689453,178.0800018310547,175.17999267578125,175.77000427246094,237182100
2025-09-22,183.5997772216797,183.61000061035156,184.5500030517578,174.7100067138672,175.3000030517578,269637000
2025-09-23,178.42005920410156,178.42999267578125,182.4199981689453,176.2100067138672,181.97000122070312,192559600
2025-09-24,176.96014404296875,176.97000122070312,179.77999877929688,175.39999389648438,179.77000427246094,143564100
2025-09-25,177.68011474609375,177.69000244140625,180.25999450683594,173.1300048828125,174.47999572753906,191586700
2025-09-26,178.18008422851562,178.19000244140625,179.77000427246094,174.92999267578125,178.1699981689453,148573700
2025-09-29,181.8398895263672,181.85000610351562,184.0,180.32000732421875,180.42999267578125,193063500
2025-09-30,186.56961059570312,186.5800018310547,187.35000610351562,181.47999572753906,182.0800018310547,236981000
